"","X","id","edges","delay","X.1","accession","external_gene_name.1","description","external_gene_name.y"
"1",1,"ENSG00000116459",3,0,1,"ATP5F1","ATP5F1","ATP5F1: 
ATP synthase, H+ transporting, mitochondrial Fo complex, subunit B1 [Source:HGNC Symbol;Acc:840]","ATP5F1"
"2",2,"ENSG00000167085",3,0,2,"PHB","PHB","PHB: 
prohibitin [Source:HGNC Symbol;Acc:8912]","PHB"
"3",3,"ENSG00000167768",4,0,3,"KRT1","KRT1","KRT1: 
keratin 1 [Source:HGNC Symbol;Acc:6412]","KRT1"
"4",4,"ENSG00000172867",4,0,4,"KRT2","KRT2","KRT2: 
keratin 2 [Source:HGNC Symbol;Acc:6439]","KRT2"
"5",5,"ENSG00000154473",11,0,5,"BUB3","BUB3","BUB3: 
BUB3 mitotic checkpoint protein [Source:HGNC Symbol;Acc:1151]","BUB3"
"6",6,"ENSG00000179889",11,0,6,"PDXDC1","PDXDC1","PDXDC1: 
pyridoxal-dependent decarboxylase domain containing 1 [Source:HGNC Symbol;Acc:28995]","PDXDC1"
"7",7,"ENSG00000103018",12,0,7,"CYB5B","CYB5B","CYB5B: 
cytochrome b5 type B (outer mitochondrial membrane) [Source:HGNC Symbol;Acc:24374]","CYB5B"
"8",8,"ENSG00000104823",12,0,8,"ECH1","ECH1","ECH1: 
enoyl CoA hydratase 1, peroxisomal [Source:HGNC Symbol;Acc:3149]","ECH1"
"9",9,"ENSG00000115541",12,0,9,"HSPE1","HSPE1","HSPE1: 
heat shock 10kDa protein 1 [Source:HGNC Symbol;Acc:5269]","HSPE1"
"10",10,"ENSG00000147475",14,0,10,"ERLIN2","ERLIN2","ERLIN2: 
ER lipid raft associated 2 [Source:HGNC Symbol;Acc:1356]","ERLIN2"
"11",11,"ENSG00000169020",14,0,11,"ATP5I","ATP5I","ATP5I: 
ATP synthase, H+ transporting, mitochondrial Fo complex, subunit E [Source:HGNC Symbol;Acc:846]","ATP5I"
"12",12,"ENSG00000101160",15,0,12,"CTSZ","CTSZ","CTSZ: 
cathepsin Z [Source:HGNC Symbol;Acc:2547]","CTSZ"
"13",13,"ENSG00000143614",15,0,13,"GATAD2B","GATAD2B","GATAD2B: 
GATA zinc finger domain containing 2B [Source:HGNC Symbol;Acc:30778]","GATAD2B"
"14",14,"ENSG00000178921",16,0,14,"PFAS","PFAS","PFAS: 
phosphoribosylformylglycinamidine synthase [Source:HGNC Symbol;Acc:8863]","PFAS"
"15",15,"ENSG00000196531",16,0,15,"NACA","NACA","NACA: 
nascent polypeptide-associated complex alpha subunit [Source:HGNC Symbol;Acc:7629]","NACA"
"16",16,"ENSG00000134851",21,0,16,"TMEM165","TMEM165","TMEM165: 
transmembrane protein 165 [Source:HGNC Symbol;Acc:30760]","TMEM165"
"17",17,"ENSG00000169446",21,0,17,"MMGT1","MMGT1","MMGT1: 
membrane magnesium transporter 1 [Source:HGNC Symbol;Acc:28100]","MMGT1"
"18",18,"ENSG00000067167",22,0,18,"TRAM1","TRAM1","TRAM1: 
translocation associated membrane protein 1 [Source:HGNC Symbol;Acc:20568]","TRAM1"
"19",19,"ENSG00000103353",22,0,19,"UBFD1","UBFD1","UBFD1: 
ubiquitin family domain containing 1 [Source:HGNC Symbol;Acc:30565]","UBFD1"
"20",20,"ENSG00000004864",25,0,20,"SLC25A13","SLC25A13","SLC25A13: 
solute carrier family 25 (aspartate/glutamate carrier), member 13 [Source:HGNC Symbol;Acc:10983]","SLC25A13"
"21",21,"ENSG00000025800",25,0,21,"KPNA6","KPNA6","KPNA6: 
karyopherin alpha 6 (importin alpha 7) [Source:HGNC Symbol;Acc:6399]","KPNA6"
"22",22,"ENSG00000103769",25,0,22,"RAB11A","RAB11A","RAB11A: 
RAB11A, member RAS oncogene family [Source:HGNC Symbol;Acc:9760]","RAB11A"
"23",23,"ENSG00000130204",25,0,23,"TOMM40","TOMM40","TOMM40: 
translocase of outer mitochondrial membrane 40 homolog (yeast) [Source:HGNC Symbol;Acc:18001]","TOMM40"
"24",24,"ENSG00000144895",25,0,24,"EIF2A","EIF2A","EIF2A: 
eukaryotic translation initiation factor 2A, 65kDa [Source:HGNC Symbol;Acc:3254]","EIF2A"
"25",25,"ENSG00000147162",25,0,25,"OGT","OGT","OGT: 
O-linked N-acetylglucosamine (GlcNAc) transferase [Source:HGNC Symbol;Acc:8127]","OGT"
"26",26,"ENSG00000175054",25,0,26,"ATR","ATR","ATR: 
ataxia telangiectasia and Rad3 related [Source:HGNC Symbol;Acc:882]","ATR"
"27",27,"ENSG00000175445",25,0,27,"LPL","LPL","LPL: 
lipoprotein lipase [Source:HGNC Symbol;Acc:6677]","LPL"
"28",28,"ENSG00000123737",26,0,28,"EXOSC9","EXOSC9","EXOSC9: 
exosome component 9 [Source:HGNC Symbol;Acc:9137]","EXOSC9"
"29",29,"ENSG00000259494",26,0,29,"MRPL46","MRPL46","MRPL46: 
mitochondrial ribosomal protein L46 [Source:HGNC Symbol;Acc:1192]","MRPL46"
"30",30,"ENSG00000006125",28,0,30,"AP2B1","AP2B1","AP2B1: 
adaptor-related protein complex 2, beta 1 subunit [Source:HGNC Symbol;Acc:563]","AP2B1"
"31",31,"ENSG00000101161",28,0,31,"PRPF6","PRPF6","PRPF6: 
pre-mRNA processing factor 6 [Source:HGNC Symbol;Acc:15860]","PRPF6"
"32",32,"ENSG00000052749",32,0,32,"RRP12","RRP12","RRP12: 
ribosomal RNA processing 12 homolog (S. cerevisiae) [Source:HGNC Symbol;Acc:29100]","RRP12"
"33",33,"ENSG00000124635",32,0,33,"HIST1H2BJ","HIST1H2BJ","HIST1H2BJ: 
histone cluster 1, H2bj [Source:HGNC Symbol;Acc:4761]","HIST1H2BJ"
"34",34,"ENSG00000108179",38,0,34,"PPIF","PPIF","PPIF: 
peptidylprolyl isomerase F [Source:HGNC Symbol;Acc:9259]","PPIF"
"35",35,"ENSG00000116478",38,0,35,"HDAC1","HDAC1","HDAC1: 
histone deacetylase 1 [Source:HGNC Symbol;Acc:4852]","HDAC1"
"36",36,"ENSG00000127824",41,0,36,"TUBA4A","TUBA4A","TUBA4A: 
tubulin, alpha 4a [Source:HGNC Symbol;Acc:12407]","TUBA4A"
"37",37,"ENSG00000133112",41,0,37,"TPT1","TPT1","TPT1: 
tumor protein, translationally-controlled 1 [Source:HGNC Symbol;Acc:12022]","TPT1"
"38",38,"ENSG00000184432",41,0,38,"COPB2","COPB2","COPB2: 
coatomer protein complex, subunit beta 2 (beta prime) [Source:HGNC Symbol;Acc:2232]","COPB2"
"39",39,"ENSG00000110711",42,0,39,"AIP","AIP","AIP: 
aryl hydrocarbon receptor interacting protein [Source:HGNC Symbol;Acc:358]","AIP"
"40",40,"ENSG00000132589",42,0,40,"FLOT2","FLOT2","FLOT2: 
flotillin 2 [Source:HGNC Symbol;Acc:3758]","FLOT2"
"41",41,"ENSG00000133703",44,0,41,"KRAS","KRAS","KRAS: 
Kirsten rat sarcoma viral oncogene homolog [Source:HGNC Symbol;Acc:6407]","KRAS"
"42",42,"ENSG00000146963",44,0,42,"C7orf55-LUC7L2","C7orf55-LUC7L2","C7orf55-LUC7L2: 
C7orf55-LUC7L2 readthrough [Source:HGNC Symbol;Acc:44671]","C7orf55-LUC7L2"
"43",43,"ENSG00000165609",48,0,43,"NUDT5","NUDT5","NUDT5: 
nudix (nucleoside diphosphate linked moiety X)-type motif 5 [Source:HGNC Symbol;Acc:8052]","NUDT5"
"44",44,"ENSG00000240972",48,0,44,"MIF","MIF","MIF: 
macrophage migration inhibitory factor (glycosylation-inhibiting factor) [Source:HGNC Symbol;Acc:7097]","MIF"
"45",45,"ENSG00000124299",51,0,45,"PEPD","PEPD","PEPD: 
peptidase D [Source:HGNC Symbol;Acc:8840]","PEPD"
"46",46,"ENSG00000124614",51,0,46,"RPS10","RPS10","RPS10: 
ribosomal protein S10 [Source:HGNC Symbol;Acc:10383]","RPS10"
"47",47,"ENSG00000090273",58,0,47,"NUDC","NUDC","NUDC: 
nudC nuclear distribution protein [Source:HGNC Symbol;Acc:8045]","NUDC"
"48",48,"ENSG00000101126",58,0,48,"ADNP","ADNP","ADNP: 
activity-dependent neuroprotector homeobox [Source:HGNC Symbol;Acc:15766]","ADNP"
"49",49,"ENSG00000110321",74,0,49,"EIF4G2","EIF4G2","EIF4G2: 
eukaryotic translation initiation factor 4 gamma, 2 [Source:HGNC Symbol;Acc:3297]","EIF4G2"
"50",50,"ENSG00000155008",74,0,50,"APOOL","APOOL","APOOL: 
apolipoprotein O-like [Source:HGNC Symbol;Acc:24009]","APOOL"
"51",51,"ENSG00000005022",77,0,51,"SLC25A5","SLC25A5","SLC25A5: 
solute carrier family 25 (mitochondrial carrier; adenine nucleotide translocator), member 5 [Source:HGNC Symbol;Acc:10991]","SLC25A5"
"52",52,"ENSG00000241837",77,0,52,"ATP5O","ATP5O","ATP5O: 
ATP synthase, H+ transporting, mitochondrial F1 complex, O subunit [Source:HGNC Symbol;Acc:850]","ATP5O"
"53",53,"ENSG00000008018",81,0,53,"PSMB1","PSMB1","PSMB1: 
proteasome (prosome, macropain) subunit, beta type, 1 [Source:HGNC Symbol;Acc:9537]","PSMB1"
"54",54,"ENSG00000071626",81,0,54,"DAZAP1","DAZAP1","DAZAP1: 
DAZ associated protein 1 [Source:HGNC Symbol;Acc:2683]","DAZAP1"
"55",55,"ENSG00000136448",88,0,55,"NMT1","NMT1","NMT1: 
N-myristoyltransferase 1 [Source:HGNC Symbol;Acc:7857]","NMT1"
"56",56,"ENSG00000162408",88,0,56,"NOL9","NOL9","NOL9: 
nucleolar protein 9 [Source:HGNC Symbol;Acc:26265]","NOL9"
"57",57,"ENSG00000025772",91,0,57,"TOMM34","TOMM34","TOMM34: 
translocase of outer mitochondrial membrane 34 [Source:HGNC Symbol;Acc:15746]","TOMM34"
"58",58,"ENSG00000168036",91,0,58,"CTNNB1","CTNNB1","CTNNB1: 
catenin (cadherin-associated protein), beta 1, 88kDa [Source:HGNC Symbol;Acc:2514]","CTNNB1"
"59",59,"ENSG00000111843",96,0,59,"TMEM14C","TMEM14C","TMEM14C: 
transmembrane protein 14C [Source:HGNC Symbol;Acc:20952]","TMEM14C"
"60",60,"ENSG00000114353",96,0,60,"GNAI2","GNAI2","GNAI2: 
guanine nucleotide binding protein (G protein), alpha inhibiting activity polypeptide 2 [Source:HGNC Symbol;Acc:4385]","GNAI2"
"61",61,"ENSG00000070785",102,0,61,"EIF2B3","EIF2B3","EIF2B3: 
eukaryotic translation initiation factor 2B, subunit 3 gamma, 58kDa [Source:HGNC Symbol;Acc:3259]","EIF2B3"
"62",62,"ENSG00000168291",102,0,62,"PDHB","PDHB","PDHB: 
pyruvate dehydrogenase (lipoamide) beta [Source:HGNC Symbol;Acc:8808]","PDHB"
"63",63,"ENSG00000116030",107,0,63,"SUMO1","SUMO1","SUMO1: 
small ubiquitin-like modifier 1 [Source:HGNC Symbol;Acc:12502]","SUMO1"
"64",64,"ENSG00000119812",107,0,64,"FAM98A","FAM98A","FAM98A: 
family with sequence similarity 98, member A [Source:HGNC Symbol;Acc:24520]","FAM98A"
"65",65,"ENSG00000128567",119,0,65,"PODXL","PODXL","PODXL: 
podocalyxin-like [Source:HGNC Symbol;Acc:9171]","PODXL"
"66",66,"ENSG00000179409",119,0,66,"GEMIN4","GEMIN4","GEMIN4: 
gem (nuclear organelle) associated protein 4 [Source:HGNC Symbol;Acc:15717]","GEMIN4"
"67",67,"ENSG00000163939",120,0,67,"PBRM1","PBRM1","PBRM1: 
polybromo 1 [Source:HGNC Symbol;Acc:30064]","PBRM1"
"68",68,"ENSG00000168385",120,0,68,"SEPT2","SEPT2","SEPT2: 
septin 2 [Source:HGNC Symbol;Acc:7729]","SEPT2"
"69",69,"ENSG00000148187",136,0,69,"MRRF","MRRF","MRRF: 
mitochondrial ribosome recycling factor [Source:HGNC Symbol;Acc:7234]","MRRF"
"70",70,"ENSG00000175416",136,0,70,"CLTB","CLTB","CLTB: 
clathrin, light chain B [Source:HGNC Symbol;Acc:2091]","CLTB"
"71",71,"ENSG00000005156",137,0,71,"LIG3","LIG3","LIG3: 
ligase III, DNA, ATP-dependent [Source:HGNC Symbol;Acc:6600]","LIG3"
"72",72,"ENSG00000167815",137,0,72,"PRDX2","PRDX2","PRDX2: 
peroxiredoxin 2 [Source:HGNC Symbol;Acc:9353]","PRDX2"
"73",73,"ENSG00000106628",173,0,73,"POLD2","POLD2","POLD2: 
polymerase (DNA directed), delta 2, accessory subunit [Source:HGNC Symbol;Acc:9176]","POLD2"
"74",74,"ENSG00000132361",173,0,74,"CLUH","CLUH","CLUH: 
clustered mitochondria (cluA/CLU1) homolog [Source:HGNC Symbol;Acc:29094]","CLUH"
"75",75,"ENSG00000159111",173,0,75,"MRPL10","MRPL10","MRPL10: 
mitochondrial ribosomal protein L10 [Source:HGNC Symbol;Acc:14055]","MRPL10"
"76",76,"ENSG00000055044",178,0,76,"NOP58","NOP58","NOP58: 
NOP58 ribonucleoprotein [Source:HGNC Symbol;Acc:29926]","NOP58"
"77",77,"ENSG00000205339",178,0,77,"IPO7","IPO7","IPO7: 
importin 7 [Source:HGNC Symbol;Acc:9852]","IPO7"
"78",78,"ENSG00000179295",201,0,78,"PTPN11","PTPN11","PTPN11: 
protein tyrosine phosphatase, non-receptor type 11 [Source:HGNC Symbol;Acc:9644]","PTPN11"
"79",79,"ENSG00000242372",201,0,79,"EIF6","EIF6","EIF6: 
eukaryotic translation initiation factor 6 [Source:HGNC Symbol;Acc:6159]","EIF6"
"80",80,"ENSG00000113368",205,0,80,"LMNB1","LMNB1","LMNB1: 
lamin B1 [Source:HGNC Symbol;Acc:6637]","LMNB1"
"81",81,"ENSG00000188021",205,0,81,"UBQLN2","UBQLN2","UBQLN2: 
ubiquilin 2 [Source:HGNC Symbol;Acc:12509]","UBQLN2"
"82",82,"ENSG00000072042",213,0,82,"RDH11","RDH11","RDH11: 
retinol dehydrogenase 11 (all-trans/9-cis/11-cis) [Source:HGNC Symbol;Acc:17964]","RDH11"
"83",83,"ENSG00000178307",213,0,83,"TMEM11","TMEM11","TMEM11: 
transmembrane protein 11 [Source:HGNC Symbol;Acc:16823]","TMEM11"
"84",84,"ENSG00000113552",220,0,84,"GNPDA1","GNPDA1","GNPDA1: 
glucosamine-6-phosphate deaminase 1 [Source:HGNC Symbol;Acc:4417]","GNPDA1"
"85",85,"ENSG00000145741",220,0,85,"BTF3","BTF3","BTF3: 
basic transcription factor 3 [Source:HGNC Symbol;Acc:1125]","BTF3"
"86",86,"ENSG00000029363",246,0,86,"BCLAF1","BCLAF1","BCLAF1: 
BCL2-associated transcription factor 1 [Source:HGNC Symbol;Acc:16863]","BCLAF1"
"87",87,"ENSG00000114209",246,0,87,"PDCD10","PDCD10","PDCD10: 
programmed cell death 10 [Source:HGNC Symbol;Acc:8761]","PDCD10"
"88",88,"ENSG00000128059",298,0,88,"PPAT","PPAT","PPAT: 
phosphoribosyl pyrophosphate amidotransferase [Source:HGNC Symbol;Acc:9238]","PPAT"
"89",89,"ENSG00000181163",298,0,89,"NPM1","NPM1","NPM1: 
nucleophosmin (nucleolar phosphoprotein B23, numatrin) [Source:HGNC Symbol;Acc:7910]","NPM1"
"90",90,"ENSG00000184967",298,0,90,"NOC4L","NOC4L","NOC4L: 
nucleolar complex associated 4 homolog (S. cerevisiae) [Source:HGNC Symbol;Acc:28461]","NOC4L"
"91",91,"ENSG00000138107",4,1,91,"ACTR1A","ACTR1A","ACTR1A: 
ARP1 actin-related protein 1 homolog A, centractin alpha (yeast) [Source:HGNC Symbol;Acc:167]","ACTR1A"
"92",92,"ENSG00000154380",4,1,92,"ENAH","ENAH","ENAH: 
enabled homolog (Drosophila) [Source:HGNC Symbol;Acc:18271]","ENAH"
"93",93,"ENSG00000159131",7,1,93,"GART","GART","GART: 
phosphoribosylglycinamide formyltransferase, phosphoribosylglycinamide synthetase, phosphoribosylaminoimidazole synthetase [Source:HGNC Symbol;Acc:4163]","GART"
"94",94,"ENSG00000175793",7,1,94,"SFN","SFN","SFN: 
stratifin [Source:HGNC Symbol;Acc:10773]","SFN"
"95",95,"ENSG00000086758",8,1,95,"HUWE1","HUWE1","HUWE1: 
HECT, UBA and WWE domain containing 1, E3 ubiquitin protein ligase [Source:HGNC Symbol;Acc:30892]","HUWE1"
"96",96,"ENSG00000090615",8,1,96,"GOLGA3","GOLGA3","GOLGA3: 
golgin A3 [Source:HGNC Symbol;Acc:4426]","GOLGA3"
"97",97,"ENSG00000143149",9,1,97,"ALDH9A1","ALDH9A1","ALDH9A1: 
aldehyde dehydrogenase 9 family, member A1 [Source:HGNC Symbol;Acc:412]","ALDH9A1"
"98",98,"ENSG00000196924",9,1,98,"FLNA","FLNA","FLNA: 
filamin A, alpha [Source:HGNC Symbol;Acc:3754]","FLNA"
"99",99,"ENSG00000115641",10,1,99,"FHL2","FHL2","FHL2: 
four and a half LIM domains 2 [Source:HGNC Symbol;Acc:3703]","FHL2"
"100",100,"ENSG00000129515",10,1,100,"SNX6","SNX6","SNX6: 
sorting nexin 6 [Source:HGNC Symbol;Acc:14970]","SNX6"
"101",101,"ENSG00000008282",12,1,101,"SYPL1","SYPL1","SYPL1: 
synaptophysin-like 1 [Source:HGNC Symbol;Acc:11507]","SYPL1"
"102",102,"ENSG00000163002",12,1,102,"NUP35","NUP35","NUP35: 
nucleoporin 35kDa [Source:HGNC Symbol;Acc:29797]","NUP35"
"103",103,"ENSG00000077809",13,1,103,"GTF2I","GTF2I","GTF2I: 
general transcription factor IIi [Source:HGNC Symbol;Acc:4659]","GTF2I"
"104",104,"ENSG00000082153",13,1,104,"BZW1","BZW1","BZW1: 
basic leucine zipper and W2 domains 1 [Source:HGNC Symbol;Acc:18380]","BZW1"
"105",105,"ENSG00000095139",13,1,105,"ARCN1","ARCN1","ARCN1: 
archain 1 [Source:HGNC Symbol;Acc:649]","ARCN1"
"106",106,"ENSG00000112578",13,1,106,"BYSL","BYSL","BYSL: 
bystin-like [Source:HGNC Symbol;Acc:1157]","BYSL"
"107",107,"ENSG00000137801",13,1,107,"THBS1","THBS1","THBS1: 
thrombospondin 1 [Source:HGNC Symbol;Acc:11785]","THBS1"
"108",108,"ENSG00000183291",13,1,108,"SEP15","SEP15","SEP15: 
Homo sapiens 15 kDa selenoprotein (SEP15), transcript variant 2, mRNA. [Source:RefSeq mRNA;Acc:NM_203341]","SEP15"
"109",109,"ENSG00000187608",13,1,109,"ISG15","ISG15","ISG15: 
ISG15 ubiquitin-like modifier [Source:HGNC Symbol;Acc:4053]","ISG15"
"110",110,"ENSG00000131467",21,1,110,"PSME3","PSME3","PSME3: 
proteasome (prosome, macropain) activator subunit 3 (PA28 gamma; Ki) [Source:HGNC Symbol;Acc:9570]","PSME3"
"111",111,"ENSG00000166582",21,1,111,"CENPV","CENPV","CENPV: 
centromere protein V [Source:HGNC Symbol;Acc:29920]","CENPV"
"112",112,"ENSG00000152767",23,1,112,"FARP1","FARP1","FARP1: 
FERM, RhoGEF (ARHGEF) and pleckstrin domain protein 1 (chondrocyte-derived) [Source:HGNC Symbol;Acc:3591]","FARP1"
"113",113,"ENSG00000173486",23,1,113,"FKBP2","FKBP2","FKBP2: 
FK506 binding protein 2, 13kDa [Source:HGNC Symbol;Acc:3718]","FKBP2"
"114",114,"ENSG00000149257",28,1,114,"SERPINH1","SERPINH1","SERPINH1: 
serpin peptidase inhibitor, clade H (heat shock protein 47), member 1, (collagen binding protein 1) [Source:HGNC Symbol;Acc:1546]","SERPINH1"
"115",115,"ENSG00000164294",28,1,115,"GPX8","GPX8","GPX8: 
glutathione peroxidase 8 (putative) [Source:HGNC Symbol;Acc:33100]","GPX8"
"116",116,"ENSG00000138757",36,1,116,"G3BP2","G3BP2","G3BP2: 
GTPase activating protein (SH3 domain) binding protein 2 [Source:HGNC Symbol;Acc:30291]","G3BP2"
"117",117,"ENSG00000179091",36,1,117,"CYC1","CYC1","CYC1: 
cytochrome c-1 [Source:HGNC Symbol;Acc:2579]","CYC1"
"118",118,"ENSG00000090861",44,1,118,"AARS","AARS","AARS: 
alanyl-tRNA synthetase [Source:HGNC Symbol;Acc:20]","AARS"
"119",119,"ENSG00000092201",44,1,119,"SUPT16H","SUPT16H","SUPT16H: 
suppressor of Ty 16 homolog (S. cerevisiae) [Source:HGNC Symbol;Acc:11465]","SUPT16H"
"120",120,"ENSG00000086062",53,1,120,"B4GALT1","B4GALT1","B4GALT1: 
UDP-Gal:betaGlcNAc beta 1,4- galactosyltransferase, polypeptide 1 [Source:HGNC Symbol;Acc:924]","B4GALT1"
"121",121,"ENSG00000152952",53,1,121,"PLOD2","PLOD2","PLOD2: 
procollagen-lysine, 2-oxoglutarate 5-dioxygenase 2 [Source:HGNC Symbol;Acc:9082]","PLOD2"
"122",122,"ENSG00000004897",72,1,122,"CDC27","CDC27","CDC27: 
cell division cycle 27 [Source:HGNC Symbol;Acc:1728]","CDC27"
"123",123,"ENSG00000106105",72,1,123,"GARS","GARS","GARS: 
glycyl-tRNA synthetase [Source:HGNC Symbol;Acc:4162]","GARS"
"124",124,"ENSG00000010244",73,1,124,"ZNF207","ZNF207","ZNF207: 
zinc finger protein 207 [Source:HGNC Symbol;Acc:12998]","ZNF207"
"125",125,"ENSG00000074800",73,1,125,"ENO1","ENO1","ENO1: 
enolase 1, (alpha) [Source:HGNC Symbol;Acc:3350]","ENO1"
"126",126,"ENSG00000070770",76,1,126,"CSNK2A2","CSNK2A2","CSNK2A2: 
casein kinase 2, alpha prime polypeptide [Source:HGNC Symbol;Acc:2459]","CSNK2A2"
"127",127,"ENSG00000136830",76,1,127,"FAM129B","FAM129B","FAM129B: 
family with sequence similarity 129, member B [Source:HGNC Symbol;Acc:25282]","FAM129B"
"128",128,"ENSG00000123146",93,1,128,"CD97","CD97","CD97: 
CD97 molecule [Source:HGNC Symbol;Acc:1711]","CD97"
"129",129,"ENSG00000203667",93,1,129,"COX20","COX20","COX20: 
COX20 cytochrome C oxidase assembly factor [Source:HGNC Symbol;Acc:26970]","COX20"
"130",130,"ENSG00000100764",107,1,130,"PSMC1","PSMC1","PSMC1: 
proteasome (prosome, macropain) 26S subunit, ATPase, 1 [Source:HGNC Symbol;Acc:9547]","PSMC1"
"131",131,"ENSG00000133789",107,1,131,"SWAP70","SWAP70","SWAP70: 
SWAP switching B-cell complex 70kDa subunit [Source:HGNC Symbol;Acc:17070]","SWAP70"
"132",132,"ENSG00000067704",109,1,132,"IARS2","IARS2","IARS2: 
isoleucyl-tRNA synthetase 2, mitochondrial [Source:HGNC Symbol;Acc:29685]","IARS2"
"133",133,"ENSG00000120158",109,1,133,"RCL1","RCL1","RCL1: 
RNA terminal phosphate cyclase-like 1 [Source:HGNC Symbol;Acc:17687]","RCL1"
"134",134,"ENSG00000125743",109,1,134,"SNRPD2","SNRPD2","SNRPD2: 
small nuclear ribonucleoprotein D2 polypeptide 16.5kDa [Source:HGNC Symbol;Acc:11159]","SNRPD2"
"135",135,"ENSG00000143870",1,2,135,"PDIA6","PDIA6","PDIA6: 
protein disulfide isomerase family A, member 6 [Source:HGNC Symbol;Acc:30168]","PDIA6"
"136",136,"ENSG00000166598",1,2,136,"HSP90B1","HSP90B1","HSP90B1: 
heat shock protein 90kDa beta (Grp94), member 1 [Source:HGNC Symbol;Acc:12028]","HSP90B1"
"137",137,"ENSG00000079246",7,2,137,"XRCC5","XRCC5","XRCC5: 
X-ray repair complementing defective repair in Chinese hamster cells 5 (double-strand-break rejoining) [Source:HGNC Symbol;Acc:12833]","XRCC5"
"138",138,"ENSG00000133026",7,2,138,"MYH10","MYH10","MYH10: 
myosin, heavy chain 10, non-muscle [Source:HGNC Symbol;Acc:7568]","MYH10"
"139",139,"ENSG00000105669",9,2,139,"COPE","COPE","COPE: 
coatomer protein complex, subunit epsilon [Source:HGNC Symbol;Acc:2234]","COPE"
"140",140,"ENSG00000163344",9,2,140,"PMVK","PMVK","PMVK: 
phosphomevalonate kinase [Source:HGNC Symbol;Acc:9141]","PMVK"
"141",141,"ENSG00000125144",24,2,141,"MT1G","MT1G","MT1G: 
metallothionein 1G [Source:HGNC Symbol;Acc:7399]","MT1G"
"142",142,"ENSG00000173376",24,2,142,"NDNF","NDNF","NDNF: 
neuron-derived neurotrophic factor [Source:HGNC Symbol;Acc:26256]","NDNF"
"143",143,"ENSG00000135250",56,2,143,"SRPK2","SRPK2","SRPK2: 
SRSF protein kinase 2 [Source:HGNC Symbol;Acc:11306]","SRPK2"
"144",144,"ENSG00000135821",56,2,144,"GLUL","GLUL","GLUL: 
glutamate-ammonia ligase [Source:HGNC Symbol;Acc:4341]","GLUL"
"145",145,"ENSG00000137073",56,2,145,"UBAP2","UBAP2","UBAP2: 
ubiquitin associated protein 2 [Source:HGNC Symbol;Acc:14185]","UBAP2"
"146",146,"ENSG00000198612",56,2,146,"COPS8","COPS8","COPS8: 
COP9 signalosome subunit 8 [Source:HGNC Symbol;Acc:24335]","COPS8"
"147",147,"ENSG00000130414",72,2,147,"NDUFA10","NDUFA10","NDUFA10: 
NADH dehydrogenase (ubiquinone) 1 alpha subcomplex, 10, 42kDa [Source:HGNC Symbol;Acc:7684]","NDUFA10"
"148",148,"ENSG00000147684",72,2,148,"NDUFB9","NDUFB9","NDUFB9: 
NADH dehydrogenase (ubiquinone) 1 beta subcomplex, 9, 22kDa [Source:HGNC Symbol;Acc:7704]","NDUFB9"
"149",149,"ENSG00000002834",76,2,149,"LASP1","LASP1","LASP1: 
LIM and SH3 protein 1 [Source:HGNC Symbol;Acc:6513]","LASP1"
"150",150,"ENSG00000172115",76,2,150,"CYCS","CYCS","CYCS: 
cytochrome c, somatic [Source:HGNC Symbol;Acc:19986]","CYCS"
