"","id","edges","delay","accession","description","q_value","rho","analysis_res"
"1","ENSG00000124783",1,0,"SSR1","SSR1: 
signal sequence receptor, alpha [Source:HGNC Symbol;Acc:11323]","0.0283",0.57,"0.57[0.0283]"
"2","ENSG00000164294",1,0,"GPX8","GPX8: 
glutathione peroxidase 8 (putative) [Source:HGNC Symbol;Acc:33100]","0.0283",0.57,"0.57[0.0283]"
"3","ENSG00000131238",2,0,"PPT1","PPT1: 
palmitoyl-protein thioesterase 1 [Source:HGNC Symbol;Acc:9325]","0.0012",0.67,"0.67[0.0012]"
"4","ENSG00000168542",2,0,"COL3A1","COL3A1: 
collagen, type III, alpha 1 [Source:HGNC Symbol;Acc:2201]","0.0012",0.67,"0.67[0.0012]"
"5","ENSG00000119777",3,0,"TMEM214","TMEM214: 
transmembrane protein 214 [Source:HGNC Symbol;Acc:25983]","0.0001",0.87,"0.87[0.0001]"
"6","ENSG00000173692",3,0,"PSMD1","PSMD1: 
proteasome (prosome, macropain) 26S subunit, non-ATPase, 1 [Source:HGNC Symbol;Acc:9554]","0.0001",0.87,"0.87[0.0001]"
"7","ENSG00000140416",7,0,"TPM1","TPM1: 
tropomyosin 1 (alpha) [Source:HGNC Symbol;Acc:12010]","0.0001",0.91,"0.91[0.0001]"
"8","ENSG00000149480",7,0,"MTA2","MTA2: 
metastasis associated 1 family, member 2 [Source:HGNC Symbol;Acc:7411]","0.0001",0.91,"0.91[0.0001]"
"9","ENSG00000135046",12,0,"ANXA1","ANXA1: 
annexin A1 [Source:HGNC Symbol;Acc:533]","0.0051",0.66,"0.66[0.0051]"
"10","ENSG00000185624",12,0,"P4HB","P4HB: 
prolyl 4-hydroxylase, beta polypeptide [Source:HGNC Symbol;Acc:8548]","0.0051",0.66,"0.66[0.0051]"
"11","ENSG00000141279",17,0,"NPEPPS","NPEPPS: 
aminopeptidase puromycin sensitive [Source:HGNC Symbol;Acc:7900]","0.1939",0.16,"0.16[0.1939]"
"12","ENSG00000150995",17,0,"ITPR1","ITPR1: 
inositol 1,4,5-trisphosphate receptor, type 1 [Source:HGNC Symbol;Acc:6180]","0.1939",0.16,"0.16[0.1939]"
"13","ENSG00000075142",30,0,"SRI","SRI: 
sorcin [Source:HGNC Symbol;Acc:11292]","0.0022",0.77,"0.77[0.0022]"
"14","ENSG00000106803",30,0,"SEC61B","SEC61B: 
Sec61 beta subunit [Source:HGNC Symbol;Acc:16993]","0.0022",0.77,"0.77[0.0022]"
"15","ENSG00000101294",53,0,"HM13","HM13: 
histocompatibility (minor) 13 [Source:HGNC Symbol;Acc:16435]","0.0034",0.72,"0.72[0.0034]"
"16","ENSG00000206450",53,0,"HLA-B","HLA-B: 
major histocompatibility complex, class I, B [Source:HGNC Symbol;Acc:4932]","0.0034",0.72,"0.72[0.0034]"
"17","ENSG00000124767",1,1,"GLO1","GLO1: 
glyoxalase I [Source:HGNC Symbol;Acc:4323]","0.0001",0.98,"0.98[0.0001]"
"18","ENSG00000185651",1,1,"UBE2L3","UBE2L3: 
ubiquitin-conjugating enzyme E2L 3 [Source:HGNC Symbol;Acc:12488]","0.0001",0.98,"0.98[0.0001]"
"19","ENSG00000170266",2,1,"GLB1","GLB1: 
galactosidase, beta 1 [Source:HGNC Symbol;Acc:4298]","0.0431",0.52,"0.52[0.0431]"
"20","ENSG00000172534",2,1,"HCFC1","HCFC1: 
host cell factor C1 (VP16-accessory protein) [Source:HGNC Symbol;Acc:4839]","0.0431",0.52,"0.52[0.0431]"
"21","ENSG00000106588",5,1,"PSMA2","PSMA2: 
proteasome (prosome, macropain) subunit, alpha type, 2 [Source:HGNC Symbol;Acc:9531]","0.0006",0.89,"0.89[0.0006]"
"22","ENSG00000205531",5,1,"NAP1L4","NAP1L4: 
nucleosome assembly protein 1-like 4 [Source:HGNC Symbol;Acc:7640]","0.0006",0.89,"0.89[0.0006]"
"23","ENSG00000110711",6,1,"AIP","AIP: 
aryl hydrocarbon receptor interacting protein [Source:HGNC Symbol;Acc:358]","0.0017",0.79,"0.79[0.0017]"
"24","ENSG00000126067",6,1,"PSMB2","PSMB2: 
proteasome (prosome, macropain) subunit, beta type, 2 [Source:HGNC Symbol;Acc:9539]","0.0017",0.79,"0.79[0.0017]"
"25","ENSG00000108578",30,1,"BLMH","BLMH: 
bleomycin hydrolase [Source:HGNC Symbol;Acc:1059]","0.0048",0.74,"0.74[0.0048]"
"26","ENSG00000179409",30,1,"GEMIN4","GEMIN4: 
gem (nuclear organelle) associated protein 4 [Source:HGNC Symbol;Acc:15717]","0.0048",0.74,"0.74[0.0048]"
"27","ENSG00000108588",35,1,"CCDC47","CCDC47: 
coiled-coil domain containing 47 [Source:HGNC Symbol;Acc:24856]","0.0048",0.6,"0.6[0.0048]"
"28","ENSG00000122565",35,1,"CBX3","CBX3: 
chromobox homolog 3 [Source:HGNC Symbol;Acc:1553]","0.0048",0.6,"0.6[0.0048]"
"29","ENSG00000163110",35,1,"PDLIM5","PDLIM5: 
PDZ and LIM domain 5 [Source:HGNC Symbol;Acc:17468]","0.0048",0.6,"0.6[0.0048]"
"30","ENSG00000075624",49,1,"ACTB","ACTB: 
actin, beta [Source:HGNC Symbol;Acc:132]","0.1796",0.31,"0.31[0.1796]"
"31","ENSG00000111237",49,1,"VPS29","VPS29: 
vacuolar protein sorting 29 homolog (S. cerevisiae) [Source:HGNC Symbol;Acc:14340]","0.1796",0.31,"0.31[0.1796]"
"32","ENSG00000077809",1,2,"GTF2I","GTF2I: 
general transcription factor IIi [Source:HGNC Symbol;Acc:4659]","0.7112",-0.19,"-0.19[0.7112]"
"33","ENSG00000100983",1,2,"GSS","GSS: 
glutathione synthetase [Source:HGNC Symbol;Acc:4624]","0.7112",-0.19,"-0.19[0.7112]"
"34","ENSG00000115641",7,2,"FHL2","FHL2: 
four and a half LIM domains 2 [Source:HGNC Symbol;Acc:3703]","0.0185",0.64,"0.64[0.0185]"
"35","ENSG00000189091",7,2,"SF3B3","SF3B3: 
splicing factor 3b, subunit 3, 130kDa [Source:HGNC Symbol;Acc:10770]","0.0185",0.64,"0.64[0.0185]"
