"","X","id","edges","delay","X.1","accession","external_gene_name.1","description","external_gene_name.y"
"1",1,"ENSG00000124783",1,0,1,"SSR1","SSR1","SSR1: 
signal sequence receptor, alpha [Source:HGNC Symbol;Acc:11323]","SSR1"
"2",2,"ENSG00000164294",1,0,2,"GPX8","GPX8","GPX8: 
glutathione peroxidase 8 (putative) [Source:HGNC Symbol;Acc:33100]","GPX8"
"3",3,"ENSG00000131238",2,0,3,"PPT1","PPT1","PPT1: 
palmitoyl-protein thioesterase 1 [Source:HGNC Symbol;Acc:9325]","PPT1"
"4",4,"ENSG00000168542",2,0,4,"COL3A1","COL3A1","COL3A1: 
collagen, type III, alpha 1 [Source:HGNC Symbol;Acc:2201]","COL3A1"
"5",5,"ENSG00000119777",3,0,5,"TMEM214","TMEM214","TMEM214: 
transmembrane protein 214 [Source:HGNC Symbol;Acc:25983]","TMEM214"
"6",6,"ENSG00000173692",3,0,6,"PSMD1","PSMD1","PSMD1: 
proteasome (prosome, macropain) 26S subunit, non-ATPase, 1 [Source:HGNC Symbol;Acc:9554]","PSMD1"
"7",7,"ENSG00000140416",7,0,7,"TPM1","TPM1","TPM1: 
tropomyosin 1 (alpha) [Source:HGNC Symbol;Acc:12010]","TPM1"
"8",8,"ENSG00000149480",7,0,8,"MTA2","MTA2","MTA2: 
metastasis associated 1 family, member 2 [Source:HGNC Symbol;Acc:7411]","MTA2"
"9",9,"ENSG00000135046",12,0,9,"ANXA1","ANXA1","ANXA1: 
annexin A1 [Source:HGNC Symbol;Acc:533]","ANXA1"
"10",10,"ENSG00000185624",12,0,10,"P4HB","P4HB","P4HB: 
prolyl 4-hydroxylase, beta polypeptide [Source:HGNC Symbol;Acc:8548]","P4HB"
"11",11,"ENSG00000141279",17,0,11,"NPEPPS","NPEPPS","NPEPPS: 
aminopeptidase puromycin sensitive [Source:HGNC Symbol;Acc:7900]","NPEPPS"
"12",12,"ENSG00000150995",17,0,12,"ITPR1","ITPR1","ITPR1: 
inositol 1,4,5-trisphosphate receptor, type 1 [Source:HGNC Symbol;Acc:6180]","ITPR1"
"13",13,"ENSG00000075142",30,0,13,"SRI","SRI","SRI: 
sorcin [Source:HGNC Symbol;Acc:11292]","SRI"
"14",14,"ENSG00000106803",30,0,14,"SEC61B","SEC61B","SEC61B: 
Sec61 beta subunit [Source:HGNC Symbol;Acc:16993]","SEC61B"
"15",15,"ENSG00000101294",53,0,15,"HM13","HM13","HM13: 
histocompatibility (minor) 13 [Source:HGNC Symbol;Acc:16435]","HM13"
"16",16,"ENSG00000206450",53,0,16,"HLA-B","HLA-B","HLA-B: 
major histocompatibility complex, class I, B [Source:HGNC Symbol;Acc:4932]","HLA-B"
"17",17,"ENSG00000124767",1,1,17,"GLO1","GLO1","GLO1: 
glyoxalase I [Source:HGNC Symbol;Acc:4323]","GLO1"
"18",18,"ENSG00000185651",1,1,18,"UBE2L3","UBE2L3","UBE2L3: 
ubiquitin-conjugating enzyme E2L 3 [Source:HGNC Symbol;Acc:12488]","UBE2L3"
"19",19,"ENSG00000170266",2,1,19,"GLB1","GLB1","GLB1: 
galactosidase, beta 1 [Source:HGNC Symbol;Acc:4298]","GLB1"
"20",20,"ENSG00000172534",2,1,20,"HCFC1","HCFC1","HCFC1: 
host cell factor C1 (VP16-accessory protein) [Source:HGNC Symbol;Acc:4839]","HCFC1"
"21",21,"ENSG00000106588",5,1,21,"PSMA2","PSMA2","PSMA2: 
proteasome (prosome, macropain) subunit, alpha type, 2 [Source:HGNC Symbol;Acc:9531]","PSMA2"
"22",22,"ENSG00000205531",5,1,22,"NAP1L4","NAP1L4","NAP1L4: 
nucleosome assembly protein 1-like 4 [Source:HGNC Symbol;Acc:7640]","NAP1L4"
"23",23,"ENSG00000110711",6,1,23,"AIP","AIP","AIP: 
aryl hydrocarbon receptor interacting protein [Source:HGNC Symbol;Acc:358]","AIP"
"24",24,"ENSG00000126067",6,1,24,"PSMB2","PSMB2","PSMB2: 
proteasome (prosome, macropain) subunit, beta type, 2 [Source:HGNC Symbol;Acc:9539]","PSMB2"
"25",25,"ENSG00000108578",30,1,25,"BLMH","BLMH","BLMH: 
bleomycin hydrolase [Source:HGNC Symbol;Acc:1059]","BLMH"
"26",26,"ENSG00000179409",30,1,26,"GEMIN4","GEMIN4","GEMIN4: 
gem (nuclear organelle) associated protein 4 [Source:HGNC Symbol;Acc:15717]","GEMIN4"
"27",27,"ENSG00000108588",35,1,27,"CCDC47","CCDC47","CCDC47: 
coiled-coil domain containing 47 [Source:HGNC Symbol;Acc:24856]","CCDC47"
"28",28,"ENSG00000122565",35,1,28,"CBX3","CBX3","CBX3: 
chromobox homolog 3 [Source:HGNC Symbol;Acc:1553]","CBX3"
"29",29,"ENSG00000163110",35,1,29,"PDLIM5","PDLIM5","PDLIM5: 
PDZ and LIM domain 5 [Source:HGNC Symbol;Acc:17468]","PDLIM5"
"30",30,"ENSG00000075624",49,1,30,"ACTB","ACTB","ACTB: 
actin, beta [Source:HGNC Symbol;Acc:132]","ACTB"
"31",31,"ENSG00000111237",49,1,31,"VPS29","VPS29","VPS29: 
vacuolar protein sorting 29 homolog (S. cerevisiae) [Source:HGNC Symbol;Acc:14340]","VPS29"
"32",32,"ENSG00000077809",1,2,32,"GTF2I","GTF2I","GTF2I: 
general transcription factor IIi [Source:HGNC Symbol;Acc:4659]","GTF2I"
"33",33,"ENSG00000100983",1,2,33,"GSS","GSS","GSS: 
glutathione synthetase [Source:HGNC Symbol;Acc:4624]","GSS"
"34",34,"ENSG00000115641",7,2,34,"FHL2","FHL2","FHL2: 
four and a half LIM domains 2 [Source:HGNC Symbol;Acc:3703]","FHL2"
"35",35,"ENSG00000189091",7,2,35,"SF3B3","SF3B3","SF3B3: 
splicing factor 3b, subunit 3, 130kDa [Source:HGNC Symbol;Acc:10770]","SF3B3"
