"","id","X","edges","delay","X.1","accession","external_gene_name.1","description","external_gene_name.y","var","prt","trc","var.prt","var.trc","prt.norm","trc.norm"
"1","ENSG00000075142",13,30,0,13,"SRI","SRI","SRI: 
sorcin [Source:HGNC Symbol;Acc:11292]","SRI","t_0h",0.937534959221273,0.15436622802908,1,1,0.937534959221274,0.154366228029079
"2","ENSG00000075624",30,49,1,30,"ACTB","ACTB","ACTB: 
actin, beta [Source:HGNC Symbol;Acc:132]","ACTB","t_0h",-0.692842804275955,-0.317912262291113,1,2,-0.692842804275956,-0.317912262291113
"3","ENSG00000077809",32,1,2,32,"GTF2I","GTF2I","GTF2I: 
general transcription factor IIi [Source:HGNC Symbol;Acc:4659]","GTF2I","t_0h",0.889023390813483,-0.288778482195285,1,3,0.889023390813483,-0.288778482195285
"4","ENSG00000100983",33,1,2,33,"GSS","GSS","GSS: 
glutathione synthetase [Source:HGNC Symbol;Acc:4624]","GSS","t_0h",0.838446461184571,-0.308122585938177,1,3,0.838446461184572,-0.308122585938176
"5","ENSG00000101294",15,53,0,15,"HM13","HM13","HM13: 
histocompatibility (minor) 13 [Source:HGNC Symbol;Acc:16435]","HM13","t_0h",-0.0491752402796061,-0.421777617588297,1,1,-0.0491752402796061,-0.421777617588297
"6","ENSG00000106588",21,5,1,21,"PSMA2","PSMA2","PSMA2: 
proteasome (prosome, macropain) subunit, alpha type, 2 [Source:HGNC Symbol;Acc:9531]","PSMA2","t_0h",0.732495083206106,1.7165796306535,1,2,0.732495083206106,1.7165796306535
"7","ENSG00000106803",14,30,0,14,"SEC61B","SEC61B","SEC61B: 
Sec61 beta subunit [Source:HGNC Symbol;Acc:16993]","SEC61B","t_0h",-0.965168447499408,-0.608618214709136,1,1,-0.965168447499408,-0.608618214709137
"8","ENSG00000108578",25,30,1,25,"BLMH","BLMH","BLMH: 
bleomycin hydrolase [Source:HGNC Symbol;Acc:1059]","BLMH","t_0h",-0.06496784385583,1.7566900855834,1,2,-0.0649678438558303,1.7566900855834
"9","ENSG00000108588",27,35,1,27,"CCDC47","CCDC47","CCDC47: 
coiled-coil domain containing 47 [Source:HGNC Symbol;Acc:24856]","CCDC47","t_0h",-0.875978507348447,-0.979456080170739,1,2,-0.875978507348447,-0.979456080170739
"10","ENSG00000110711",23,6,1,23,"AIP","AIP","AIP: 
aryl hydrocarbon receptor interacting protein [Source:HGNC Symbol;Acc:358]","AIP","t_0h",1.26181184415883,1.31322580222613,1,2,1.26181184415883,1.31322580222613
"11","ENSG00000111237",31,49,1,31,"VPS29","VPS29","VPS29: 
vacuolar protein sorting 29 homolog (S. cerevisiae) [Source:HGNC Symbol;Acc:14340]","VPS29","t_0h",0.00829643771357526,1.62275028375209,1,2,0.00829643771357517,1.62275028375209
"12","ENSG00000115641",34,7,2,34,"FHL2","FHL2","FHL2: 
four and a half LIM domains 2 [Source:HGNC Symbol;Acc:3703]","FHL2","t_0h",1.17444215376754,0.557540443468151,1,3,1.17444215376754,0.557540443468152
"13","ENSG00000119777",5,3,0,5,"TMEM214","TMEM214","TMEM214: 
transmembrane protein 214 [Source:HGNC Symbol;Acc:25983]","TMEM214","t_0h",-0.930439455708184,-0.6667232311774,1,1,-0.930439455708184,-0.6667232311774
"14","ENSG00000122565",28,35,1,28,"CBX3","CBX3","CBX3: 
chromobox homolog 3 [Source:HGNC Symbol;Acc:1553]","CBX3","t_0h",1.17785725396467,0.379028539498862,1,2,1.17785725396467,0.379028539498862
"15","ENSG00000124767",17,1,1,17,"GLO1","GLO1","GLO1: 
glyoxalase I [Source:HGNC Symbol;Acc:4323]","GLO1","t_0h",1.304042286843,1.70891904810426,1,2,1.304042286843,1.70891904810426
"16","ENSG00000124783",1,1,0,1,"SSR1","SSR1","SSR1: 
signal sequence receptor, alpha [Source:HGNC Symbol;Acc:11323]","SSR1","t_0h",-1.12720058728466,-0.610501340172663,1,1,-1.12720058728467,-0.610501340172663
"17","ENSG00000126067",24,6,1,24,"PSMB2","PSMB2","PSMB2: 
proteasome (prosome, macropain) subunit, beta type, 2 [Source:HGNC Symbol;Acc:9539]","PSMB2","t_0h",1.41799304285175,1.23166525531904,1,2,1.41799304285175,1.23166525531904
"18","ENSG00000131238",3,2,0,3,"PPT1","PPT1","PPT1: 
palmitoyl-protein thioesterase 1 [Source:HGNC Symbol;Acc:9325]","PPT1","t_0h",1.12108299148994,1.29910065036449,1,1,1.12108299148994,1.29910065036449
"19","ENSG00000135046",9,12,0,9,"ANXA1","ANXA1","ANXA1: 
annexin A1 [Source:HGNC Symbol;Acc:533]","ANXA1","t_0h",-0.869188416704418,-0.419784442182958,1,1,-0.869188416704419,-0.419784442182958
"20","ENSG00000140416",7,7,0,7,"TPM1","TPM1","TPM1: 
tropomyosin 1 (alpha) [Source:HGNC Symbol;Acc:12010]","TPM1","t_0h",0.98094382990966,1.40633876945325,1,1,0.98094382990966,1.40633876945325
"21","ENSG00000141279",11,17,0,11,"NPEPPS","NPEPPS","NPEPPS: 
aminopeptidase puromycin sensitive [Source:HGNC Symbol;Acc:7900]","NPEPPS","t_0h",0.29546783775147,-1.16233471790515,1,1,0.29546783775147,-1.16233471790515
"22","ENSG00000149480",8,7,0,8,"MTA2","MTA2","MTA2: 
metastasis associated 1 family, member 2 [Source:HGNC Symbol;Acc:7411]","MTA2","t_0h",1.05338807048504,1.43619308454901,1,1,1.05338807048504,1.43619308454901
"23","ENSG00000150995",12,17,0,12,"ITPR1","ITPR1","ITPR1: 
inositol 1,4,5-trisphosphate receptor, type 1 [Source:HGNC Symbol;Acc:6180]","ITPR1","t_0h",-0.611380094762537,0.78863600628208,1,1,-0.611380094762538,0.78863600628208
"24","ENSG00000163110",29,35,1,29,"PDLIM5","PDLIM5","PDLIM5: 
PDZ and LIM domain 5 [Source:HGNC Symbol;Acc:17468]","PDLIM5","t_0h",1.28085736458855,-0.85227526634592,1,2,1.28085736458855,-0.85227526634592
"25","ENSG00000164294",2,1,0,2,"GPX8","GPX8","GPX8: 
glutathione peroxidase 8 (putative) [Source:HGNC Symbol;Acc:33100]","GPX8","t_0h",-1.1223470085202,-0.318647494634372,1,1,-1.1223470085202,-0.318647494634372
"26","ENSG00000168542",4,2,0,4,"COL3A1","COL3A1","COL3A1: 
collagen, type III, alpha 1 [Source:HGNC Symbol;Acc:2201]","COL3A1","t_0h",1.07074149019606,1.57425354959009,1,1,1.07074149019606,1.57425354959009
"27","ENSG00000170266",19,2,1,19,"GLB1","GLB1","GLB1: 
galactosidase, beta 1 [Source:HGNC Symbol;Acc:4298]","GLB1","t_0h",1.46927821290659,1.17520634867633,1,2,1.46927821290659,1.17520634867633
"28","ENSG00000172534",20,2,1,20,"HCFC1","HCFC1","HCFC1: 
host cell factor C1 (VP16-accessory protein) [Source:HGNC Symbol;Acc:4839]","HCFC1","t_0h",1.3271926763714,1.35837255813333,1,2,1.3271926763714,1.35837255813333
"29","ENSG00000173692",6,3,0,6,"PSMD1","PSMD1","PSMD1: 
proteasome (prosome, macropain) 26S subunit, non-ATPase, 1 [Source:HGNC Symbol;Acc:9554]","PSMD1","t_0h",0.899892911372019,0.750220531911899,1,1,0.899892911372019,0.750220531911898
"30","ENSG00000179409",26,30,1,26,"GEMIN4","GEMIN4","GEMIN4: 
gem (nuclear organelle) associated protein 4 [Source:HGNC Symbol;Acc:15717]","GEMIN4","t_0h",-0.0659144384737084,1.46472965986142,1,2,-0.0659144384737084,1.46472965986142
"31","ENSG00000185624",10,12,0,10,"P4HB","P4HB","P4HB: 
prolyl 4-hydroxylase, beta polypeptide [Source:HGNC Symbol;Acc:8548]","P4HB","t_0h",-0.934153527268335,-1.17170284104733,1,1,-0.934153527268335,-1.17170284104733
"32","ENSG00000185651",18,1,1,18,"UBE2L3","UBE2L3","UBE2L3: 
ubiquitin-conjugating enzyme E2L 3 [Source:HGNC Symbol;Acc:12488]","UBE2L3","t_0h",1.20450474211627,1.6897244187442,1,2,1.20450474211627,1.6897244187442
"33","ENSG00000189091",35,7,2,35,"SF3B3","SF3B3","SF3B3: 
splicing factor 3b, subunit 3, 130kDa [Source:HGNC Symbol;Acc:10770]","SF3B3","t_0h",1.25957335174769,1.02840763568613,1,3,1.25957335174769,1.02840763568613
"34","ENSG00000205531",22,5,1,22,"NAP1L4","NAP1L4","NAP1L4: 
nucleosome assembly protein 1-like 4 [Source:HGNC Symbol;Acc:7640]","NAP1L4","t_0h",1.03632017969726,1.70065538580201,1,2,1.03632017969726,1.70065538580201
"35","ENSG00000206450",16,53,0,16,"HLA-B","HLA-B","HLA-B: 
major histocompatibility complex, class I, B [Source:HGNC Symbol;Acc:4932]","HLA-B","t_0h",-0.192207197301108,0.0238064265527083,1,1,-0.192207197301108,0.0238064265527084
"36","ENSG00000075142",13,30,0,13,"SRI","SRI","SRI: 
sorcin [Source:HGNC Symbol;Acc:11292]","SRI","t_0.5h",0.844098479820161,0.264494933548374,2,2,0.844098479820162,0.264494933548374
"37","ENSG00000075624",30,49,1,30,"ACTB","ACTB","ACTB: 
actin, beta [Source:HGNC Symbol;Acc:132]","ACTB","t_0.5h",-0.533295099387011,0.166504482562401,2,3,-0.533295099387011,0.166504482562401
"38","ENSG00000077809",32,1,2,32,"GTF2I","GTF2I","GTF2I: 
general transcription factor IIi [Source:HGNC Symbol;Acc:4659]","GTF2I","t_0.5h",0.857789214770149,-0.418744255504466,2,4,0.85778921477015,-0.418744255504465
"39","ENSG00000100983",33,1,2,33,"GSS","GSS","GSS: 
glutathione synthetase [Source:HGNC Symbol;Acc:4624]","GSS","t_0.5h",0.870521853643516,-0.564406555730583,2,4,0.870521853643516,-0.564406555730582
"40","ENSG00000101294",15,53,0,15,"HM13","HM13","HM13: 
histocompatibility (minor) 13 [Source:HGNC Symbol;Acc:16435]","HM13","t_0.5h",-0.417635336353865,-0.645654733412787,2,2,-0.417635336353865,-0.645654733412787
"41","ENSG00000106588",21,5,1,21,"PSMA2","PSMA2","PSMA2: 
proteasome (prosome, macropain) subunit, alpha type, 2 [Source:HGNC Symbol;Acc:9531]","PSMA2","t_0.5h",0.8209918509778,1.0000716422524,2,3,0.8209918509778,1.0000716422524
"42","ENSG00000106803",14,30,0,14,"SEC61B","SEC61B","SEC61B: 
Sec61 beta subunit [Source:HGNC Symbol;Acc:16993]","SEC61B","t_0.5h",-0.876775276619251,-0.667437520336478,2,2,-0.87677527661925,-0.667437520336478
"43","ENSG00000108578",25,30,1,25,"BLMH","BLMH","BLMH: 
bleomycin hydrolase [Source:HGNC Symbol;Acc:1059]","BLMH","t_0.5h",0.34106542856347,1.06334261847055,2,3,0.34106542856347,1.06334261847055
"44","ENSG00000108588",27,35,1,27,"CCDC47","CCDC47","CCDC47: 
coiled-coil domain containing 47 [Source:HGNC Symbol;Acc:24856]","CCDC47","t_0.5h",-0.834153767387041,-0.948773811315479,2,3,-0.834153767387041,-0.94877381131548
"45","ENSG00000110711",23,6,1,23,"AIP","AIP","AIP: 
aryl hydrocarbon receptor interacting protein [Source:HGNC Symbol;Acc:358]","AIP","t_0.5h",1.04399968781619,0.542446920499608,2,3,1.04399968781619,0.542446920499608
"46","ENSG00000111237",31,49,1,31,"VPS29","VPS29","VPS29: 
vacuolar protein sorting 29 homolog (S. cerevisiae) [Source:HGNC Symbol;Acc:14340]","VPS29","t_0.5h",0.18179522591985,0.769366321438785,2,3,0.18179522591985,0.769366321438785
"47","ENSG00000115641",34,7,2,34,"FHL2","FHL2","FHL2: 
four and a half LIM domains 2 [Source:HGNC Symbol;Acc:3703]","FHL2","t_0.5h",0.934160666079873,0.746068572107942,2,4,0.934160666079873,0.746068572107943
"48","ENSG00000119777",5,3,0,5,"TMEM214","TMEM214","TMEM214: 
transmembrane protein 214 [Source:HGNC Symbol;Acc:25983]","TMEM214","t_0.5h",-0.907109137825097,-0.626795668120742,2,2,-0.907109137825097,-0.626795668120741
"49","ENSG00000122565",28,35,1,28,"CBX3","CBX3","CBX3: 
chromobox homolog 3 [Source:HGNC Symbol;Acc:1553]","CBX3","t_0.5h",1.00955220093676,0.549869085449028,2,3,1.00955220093677,0.549869085449027
"50","ENSG00000124767",17,1,1,17,"GLO1","GLO1","GLO1: 
glyoxalase I [Source:HGNC Symbol;Acc:4323]","GLO1","t_0.5h",1.06070765297074,0.934538748918042,2,3,1.06070765297074,0.934538748918042
"51","ENSG00000124783",1,1,0,1,"SSR1","SSR1","SSR1: 
signal sequence receptor, alpha [Source:HGNC Symbol;Acc:11323]","SSR1","t_0.5h",-1.02350583633421,-0.711878234007734,2,2,-1.02350583633421,-0.711878234007734
"52","ENSG00000126067",24,6,1,24,"PSMB2","PSMB2","PSMB2: 
proteasome (prosome, macropain) subunit, beta type, 2 [Source:HGNC Symbol;Acc:9539]","PSMB2","t_0.5h",1.08730169133632,0.282733712056709,2,3,1.08730169133632,0.282733712056708
"53","ENSG00000131238",3,2,0,3,"PPT1","PPT1","PPT1: 
palmitoyl-protein thioesterase 1 [Source:HGNC Symbol;Acc:9325]","PPT1","t_0.5h",0.999178242039496,0.890265103247897,2,2,0.999178242039496,0.890265103247897
"54","ENSG00000135046",9,12,0,9,"ANXA1","ANXA1","ANXA1: 
annexin A1 [Source:HGNC Symbol;Acc:533]","ANXA1","t_0.5h",-0.836370622206424,-0.492172104461967,2,2,-0.836370622206424,-0.492172104461967
"55","ENSG00000140416",7,7,0,7,"TPM1","TPM1","TPM1: 
tropomyosin 1 (alpha) [Source:HGNC Symbol;Acc:12010]","TPM1","t_0.5h",0.936777509607049,1.07191301168847,2,2,0.936777509607049,1.07191301168847
"56","ENSG00000141279",11,17,0,11,"NPEPPS","NPEPPS","NPEPPS: 
aminopeptidase puromycin sensitive [Source:HGNC Symbol;Acc:7900]","NPEPPS","t_0.5h",0.570839805188562,-0.744797579401982,2,2,0.570839805188561,-0.744797579401983
"57","ENSG00000149480",8,7,0,8,"MTA2","MTA2","MTA2: 
metastasis associated 1 family, member 2 [Source:HGNC Symbol;Acc:7411]","MTA2","t_0.5h",0.97812182444475,1.0873368380633,2,2,0.97812182444475,1.0873368380633
"58","ENSG00000150995",12,17,0,12,"ITPR1","ITPR1","ITPR1: 
inositol 1,4,5-trisphosphate receptor, type 1 [Source:HGNC Symbol;Acc:6180]","ITPR1","t_0.5h",-0.76454090702729,0.418622673932962,2,2,-0.764540907027291,0.418622673932962
"59","ENSG00000163110",29,35,1,29,"PDLIM5","PDLIM5","PDLIM5: 
PDZ and LIM domain 5 [Source:HGNC Symbol;Acc:17468]","PDLIM5","t_0.5h",1.02133829765249,-0.222446913806038,2,3,1.02133829765249,-0.222446913806037
"60","ENSG00000164294",2,1,0,2,"GPX8","GPX8","GPX8: 
glutathione peroxidase 8 (putative) [Source:HGNC Symbol;Acc:33100]","GPX8","t_0.5h",-1.0136459336953,-0.664329075667152,2,2,-1.0136459336953,-0.664329075667152
"61","ENSG00000168542",4,2,0,4,"COL3A1","COL3A1","COL3A1: 
collagen, type III, alpha 1 [Source:HGNC Symbol;Acc:2201]","COL3A1","t_0.5h",0.981080460184097,1.08876277570407,2,2,0.981080460184097,1.08876277570407
"62","ENSG00000170266",19,2,1,19,"GLB1","GLB1","GLB1: 
galactosidase, beta 1 [Source:HGNC Symbol;Acc:4298]","GLB1","t_0.5h",1.07795854767658,0.505556433748173,2,3,1.07795854767658,0.505556433748174
"63","ENSG00000172534",20,2,1,20,"HCFC1","HCFC1","HCFC1: 
host cell factor C1 (VP16-accessory protein) [Source:HGNC Symbol;Acc:4839]","HCFC1","t_0.5h",1.06072239194619,0.699496506087428,2,3,1.06072239194619,0.699496506087428
"64","ENSG00000173692",6,3,0,6,"PSMD1","PSMD1","PSMD1: 
proteasome (prosome, macropain) 26S subunit, non-ATPase, 1 [Source:HGNC Symbol;Acc:9554]","PSMD1","t_0.5h",0.911724166343822,0.639202571154369,2,2,0.911724166343822,0.639202571154369
"65","ENSG00000179409",26,30,1,26,"GEMIN4","GEMIN4","GEMIN4: 
gem (nuclear organelle) associated protein 4 [Source:HGNC Symbol;Acc:15717]","GEMIN4","t_0.5h",0.338120097976412,0.724543380726534,2,3,0.338120097976412,0.724543380726534
"66","ENSG00000185624",10,12,0,10,"P4HB","P4HB","P4HB: 
prolyl 4-hydroxylase, beta polypeptide [Source:HGNC Symbol;Acc:8548]","P4HB","t_0.5h",-0.879965644999155,-1.00789530091528,2,2,-0.879965644999155,-1.00789530091528
"67","ENSG00000185651",18,1,1,18,"UBE2L3","UBE2L3","UBE2L3: 
ubiquitin-conjugating enzyme E2L 3 [Source:HGNC Symbol;Acc:12488]","UBE2L3","t_0.5h",1.03023332495041,0.981212194300183,2,3,1.03023332495041,0.981212194300183
"68","ENSG00000189091",35,7,2,35,"SF3B3","SF3B3","SF3B3: 
splicing factor 3b, subunit 3, 130kDa [Source:HGNC Symbol;Acc:10770]","SF3B3","t_0.5h",0.960978860881893,0.794674766840885,2,4,0.960978860881893,0.794674766840885
"69","ENSG00000205531",22,5,1,22,"NAP1L4","NAP1L4","NAP1L4: 
nucleosome assembly protein 1-like 4 [Source:HGNC Symbol;Acc:7640]","NAP1L4","t_0.5h",0.948455024544161,0.781164691479701,2,3,0.948455024544162,0.781164691479701
"70","ENSG00000206450",16,53,0,16,"HLA-B","HLA-B","HLA-B: 
major histocompatibility complex, class I, B [Source:HGNC Symbol;Acc:4932]","HLA-B","t_0.5h",-0.500562517748907,-0.527083382401729,2,2,-0.500562517748907,-0.527083382401729
"71","ENSG00000075142",13,30,0,13,"SRI","SRI","SRI: 
sorcin [Source:HGNC Symbol;Acc:11292]","SRI","t_1h",0.748564456785551,0.376615123548872,3,3,0.748564456785551,0.376615123548872
"72","ENSG00000075624",30,49,1,30,"ACTB","ACTB","ACTB: 
actin, beta [Source:HGNC Symbol;Acc:132]","ACTB","t_1h",-0.373489904469268,0.724538465637178,3,4,-0.373489904469269,0.724538465637178
"73","ENSG00000077809",32,1,2,32,"GTF2I","GTF2I","GTF2I: 
general transcription factor IIi [Source:HGNC Symbol;Acc:4659]","GTF2I","t_1h",0.828165840077629,-0.547404992580158,3,5,0.828165840077629,-0.547404992580158
"74","ENSG00000100983",33,1,2,33,"GSS","GSS","GSS: 
glutathione synthetase [Source:HGNC Symbol;Acc:4624]","GSS","t_1h",0.900528912864855,-0.815606341640668,3,5,0.900528912864855,-0.815606341640667
"75","ENSG00000101294",15,53,0,15,"HM13","HM13","HM13: 
histocompatibility (minor) 13 [Source:HGNC Symbol;Acc:16435]","HM13","t_1h",-0.770350447536337,-0.843626522736027,3,3,-0.770350447536337,-0.843626522736027
"76","ENSG00000106588",21,5,1,21,"PSMA2","PSMA2","PSMA2: 
proteasome (prosome, macropain) subunit, alpha type, 2 [Source:HGNC Symbol;Acc:9531]","PSMA2","t_1h",0.910179014873003,0.33431018847269,3,4,0.910179014873002,0.33431018847269
"77","ENSG00000106803",14,30,0,14,"SEC61B","SEC61B","SEC61B: 
Sec61 beta subunit [Source:HGNC Symbol;Acc:16993]","SEC61B","t_1h",-0.785625781400008,-0.724735365695379,3,3,-0.785625781400008,-0.724735365695379
"78","ENSG00000108578",25,30,1,25,"BLMH","BLMH","BLMH: 
bleomycin hydrolase [Source:HGNC Symbol;Acc:1059]","BLMH","t_1h",0.773756006296975,0.435172820633504,3,4,0.773756006296974,0.435172820633504
"79","ENSG00000108588",27,35,1,27,"CCDC47","CCDC47","CCDC47: 
coiled-coil domain containing 47 [Source:HGNC Symbol;Acc:24856]","CCDC47","t_1h",-0.791940942319864,-0.919238715608634,3,4,-0.791940942319863,-0.919238715608634
"80","ENSG00000110711",23,6,1,23,"AIP","AIP","AIP: 
aryl hydrocarbon receptor interacting protein [Source:HGNC Symbol;Acc:358]","AIP","t_1h",0.832484903604775,-0.189080180943236,3,4,0.832484903604775,-0.189080180943236
"81","ENSG00000111237",31,49,1,31,"VPS29","VPS29","VPS29: 
vacuolar protein sorting 29 homolog (S. cerevisiae) [Source:HGNC Symbol;Acc:14340]","VPS29","t_1h",0.35754797974014,-0.0285621031609135,3,4,0.35754797974014,-0.0285621031609135
"82","ENSG00000115641",34,7,2,34,"FHL2","FHL2","FHL2: 
four and a half LIM domains 2 [Source:HGNC Symbol;Acc:3703]","FHL2","t_1h",0.705611591040042,0.943881160273059,3,5,0.705611591040042,0.943881160273059
"83","ENSG00000119777",5,3,0,5,"TMEM214","TMEM214","TMEM214: 
transmembrane protein 214 [Source:HGNC Symbol;Acc:25983]","TMEM214","t_1h",-0.886196618842814,-0.586650994243496,3,3,-0.886196618842814,-0.586650994243496
"84","ENSG00000122565",28,35,1,28,"CBX3","CBX3","CBX3: 
chromobox homolog 3 [Source:HGNC Symbol;Acc:1553]","CBX3","t_1h",0.835449978228667,0.723040730898908,3,4,0.835449978228668,0.723040730898908
"85","ENSG00000124767",17,1,1,17,"GLO1","GLO1","GLO1: 
glyoxalase I [Source:HGNC Symbol;Acc:4323]","GLO1","t_1h",0.827495843485151,0.254408174398892,3,4,0.827495843485152,0.254408174398892
"86","ENSG00000124783",1,1,0,1,"SSR1","SSR1","SSR1: 
signal sequence receptor, alpha [Source:HGNC Symbol;Acc:11323]","SSR1","t_1h",-0.908504102360455,-0.809481232796289,3,3,-0.908504102360456,-0.809481232796289
"87","ENSG00000126067",24,6,1,24,"PSMB2","PSMB2","PSMB2: 
proteasome (prosome, macropain) subunit, beta type, 2 [Source:HGNC Symbol;Acc:9539]","PSMB2","t_1h",0.782427003040426,-0.592135672060145,3,4,0.782427003040426,-0.592135672060145
"88","ENSG00000131238",3,2,0,3,"PPT1","PPT1","PPT1: 
palmitoyl-protein thioesterase 1 [Source:HGNC Symbol;Acc:9325]","PPT1","t_1h",0.879786458352097,0.494125017288828,3,3,0.879786458352097,0.494125017288828
"89","ENSG00000135046",9,12,0,9,"ANXA1","ANXA1","ANXA1: 
annexin A1 [Source:HGNC Symbol;Acc:533]","ANXA1","t_1h",-0.80427667237002,-0.56231086551815,3,3,-0.80427667237002,-0.56231086551815
"90","ENSG00000140416",7,7,0,7,"TPM1","TPM1","TPM1: 
tropomyosin 1 (alpha) [Source:HGNC Symbol;Acc:12010]","TPM1","t_1h",0.893092725844694,0.767088604760997,3,3,0.893092725844695,0.767088604760997
"91","ENSG00000141279",11,17,0,11,"NPEPPS","NPEPPS","NPEPPS: 
aminopeptidase puromycin sensitive [Source:HGNC Symbol;Acc:7900]","NPEPPS","t_1h",0.857164184577184,-0.298050418071609,3,3,0.857164184577184,-0.298050418071609
"92","ENSG00000149480",8,7,0,8,"MTA2","MTA2","MTA2: 
metastasis associated 1 family, member 2 [Source:HGNC Symbol;Acc:7411]","MTA2","t_1h",0.902917736963044,0.746614887206984,3,3,0.902917736963044,0.746614887206984
"93","ENSG00000150995",12,17,0,12,"ITPR1","ITPR1","ITPR1: 
inositol 1,4,5-trisphosphate receptor, type 1 [Source:HGNC Symbol;Acc:6180]","ITPR1","t_1h",-0.913703653840381,0.0637601972875382,3,3,-0.913703653840381,0.0637601972875378
"94","ENSG00000163110",29,35,1,29,"PDLIM5","PDLIM5","PDLIM5: 
PDZ and LIM domain 5 [Source:HGNC Symbol;Acc:17468]","PDLIM5","t_1h",0.77535577711271,0.478355881865559,3,4,0.77535577711271,0.478355881865559
"95","ENSG00000164294",2,1,0,2,"GPX8","GPX8","GPX8: 
glutathione peroxidase 8 (putative) [Source:HGNC Symbol;Acc:33100]","GPX8","t_1h",-0.901811615112184,-0.983258899125309,3,3,-0.901811615112184,-0.983258899125309
"96","ENSG00000168542",4,2,0,4,"COL3A1","COL3A1","COL3A1: 
collagen, type III, alpha 1 [Source:HGNC Symbol;Acc:2201]","COL3A1","t_1h",0.89716418317476,0.650193538943952,3,3,0.89716418317476,0.650193538943952
"97","ENSG00000170266",19,2,1,19,"GLB1","GLB1","GLB1: 
galactosidase, beta 1 [Source:HGNC Symbol;Acc:4298]","GLB1","t_1h",0.729955771139315,-0.0958662752387988,3,4,0.729955771139315,-0.0958662752387985
"98","ENSG00000172534",20,2,1,20,"HCFC1","HCFC1","HCFC1: 
host cell factor C1 (VP16-accessory protein) [Source:HGNC Symbol;Acc:4839]","HCFC1","t_1h",0.810549179672361,0.106810090774668,3,4,0.810549179672361,0.106810090774668
"99","ENSG00000173692",6,3,0,6,"PSMD1","PSMD1","PSMD1: 
proteasome (prosome, macropain) 26S subunit, non-ATPase, 1 [Source:HGNC Symbol;Acc:9554]","PSMD1","t_1h",0.922825374305518,0.529834205236471,3,3,0.922825374305518,0.529834205236471
"100","ENSG00000179409",26,30,1,26,"GEMIN4","GEMIN4","GEMIN4: 
gem (nuclear organelle) associated protein 4 [Source:HGNC Symbol;Acc:15717]","GEMIN4","t_1h",0.792370784323996,0.0392241016400296,3,4,0.792370784323996,0.0392241016400295
"101","ENSG00000185624",10,12,0,10,"P4HB","P4HB","P4HB: 
prolyl 4-hydroxylase, beta polypeptide [Source:HGNC Symbol;Acc:8548]","P4HB","t_1h",-0.824173451650622,-0.832053088889842,3,3,-0.824173451650622,-0.832053088889842
"102","ENSG00000185651",18,1,1,18,"UBE2L3","UBE2L3","UBE2L3: 
ubiquitin-conjugating enzyme E2L 3 [Source:HGNC Symbol;Acc:12488]","UBE2L3","t_1h",0.863569577107072,0.328331379797216,3,4,0.863569577107072,0.328331379797216
"103","ENSG00000189091",35,7,2,35,"SF3B3","SF3B3","SF3B3: 
splicing factor 3b, subunit 3, 130kDa [Source:HGNC Symbol;Acc:10770]","SF3B3","t_1h",0.680124508746533,0.569759042960419,3,5,0.680124508746533,0.569759042960419
"104","ENSG00000205531",22,5,1,22,"NAP1L4","NAP1L4","NAP1L4: 
nucleosome assembly protein 1-like 4 [Source:HGNC Symbol;Acc:7640]","NAP1L4","t_1h",0.862724162828107,0.0147176709189451,3,4,0.862724162828108,0.0147176709189452
"105","ENSG00000206450",16,53,0,16,"HLA-B","HLA-B","HLA-B: 
major histocompatibility complex, class I, B [Source:HGNC Symbol;Acc:4932]","HLA-B","t_1h",-0.782340612749713,-0.980587402395175,3,3,-0.782340612749713,-0.980587402395174
"106","ENSG00000075142",13,30,0,13,"SRI","SRI","SRI: 
sorcin [Source:HGNC Symbol;Acc:11292]","SRI","t_2h",0.553183882220121,0.610055263073043,4,4,0.553183882220121,0.610055263073043
"107","ENSG00000075624",30,49,1,30,"ACTB","ACTB","ACTB: 
actin, beta [Source:HGNC Symbol;Acc:132]","ACTB","t_2h",-0.0738353643427953,2.0791378413098,4,5,-0.073835364342796,2.0791378413098
"108","ENSG00000077809",32,1,2,32,"GTF2I","GTF2I","GTF2I: 
general transcription factor IIi [Source:HGNC Symbol;Acc:4659]","GTF2I","t_2h",0.769302976273766,-0.804940214402799,4,6,0.769302976273766,-0.804940214402798
"109","ENSG00000100983",33,1,2,33,"GSS","GSS","GSS: 
glutathione synthetase [Source:HGNC Symbol;Acc:4624]","GSS","t_2h",0.943884163608317,-1.2924640814358,4,6,0.943884163608317,-1.2924640814358
"110","ENSG00000101294",15,53,0,15,"HM13","HM13","HM13: 
histocompatibility (minor) 13 [Source:HGNC Symbol;Acc:16435]","HM13","t_2h",-1.45284781100879,-1.17467314404339,4,4,-1.45284781100879,-1.17467314404339
"111","ENSG00000106588",21,5,1,21,"PSMA2","PSMA2","PSMA2: 
proteasome (prosome, macropain) subunit, alpha type, 2 [Source:HGNC Symbol;Acc:9531]","PSMA2","t_2h",1.09039156850081,-0.858552531323614,4,5,1.09039156850081,-0.858552531323613
"112","ENSG00000106803",14,30,0,14,"SEC61B","SEC61B","SEC61B: 
Sec61 beta subunit [Source:HGNC Symbol;Acc:16993]","SEC61B","t_2h",-0.560502313234118,-0.83453958207244,4,4,-0.560502313234117,-0.834539582072441
"113","ENSG00000108578",25,30,1,25,"BLMH","BLMH","BLMH: 
bleomycin hydrolase [Source:HGNC Symbol;Acc:1059]","BLMH","t_2h",1.75155278341912,-0.648607651152763,4,5,1.75155278341912,-0.648607651152764
"114","ENSG00000108588",27,35,1,27,"CCDC47","CCDC47","CCDC47: 
coiled-coil domain containing 47 [Source:HGNC Symbol;Acc:24856]","CCDC47","t_2h",-0.70461094971533,-0.867775018200112,4,5,-0.704610949715329,-0.867775018200112
"115","ENSG00000110711",23,6,1,23,"AIP","AIP","AIP: 
aryl hydrocarbon receptor interacting protein [Source:HGNC Symbol;Acc:358]","AIP","t_2h",0.426642116066639,-1.53920491712317,4,5,0.426642116066639,-1.53920491712317
"116","ENSG00000111237",31,49,1,31,"VPS29","VPS29","VPS29: 
vacuolar protein sorting 29 homolog (S. cerevisiae) [Source:HGNC Symbol;Acc:14340]","VPS29","t_2h",0.727438550525913,-1.46444711715343,4,5,0.727438550525913,-1.46444711715343
"117","ENSG00000115641",34,7,2,34,"FHL2","FHL2","FHL2: 
four and a half LIM domains 2 [Source:HGNC Symbol;Acc:3703]","FHL2","t_2h",0.295059686102112,1.36950073023544,4,6,0.295059686102112,1.36950073023544
"118","ENSG00000119777",5,3,0,5,"TMEM214","TMEM214","TMEM214: 
transmembrane protein 214 [Source:HGNC Symbol;Acc:25983]","TMEM214","t_2h",-0.85631097182346,-0.503500965301802,4,4,-0.856310971823459,-0.503500965301802
"119","ENSG00000122565",28,35,1,28,"CBX3","CBX3","CBX3: 
chromobox homolog 3 [Source:HGNC Symbol;Acc:1553]","CBX3","t_2h",0.45165729637876,1.07697399655242,4,5,0.451657296378761,1.07697399655242
"120","ENSG00000124767",17,1,1,17,"GLO1","GLO1","GLO1: 
glyoxalase I [Source:HGNC Symbol;Acc:4323]","GLO1","t_2h",0.396960262989347,-0.869259223529819,4,5,0.396960262989347,-0.869259223529819
"121","ENSG00000124783",1,1,0,1,"SSR1","SSR1","SSR1: 
signal sequence receptor, alpha [Source:HGNC Symbol;Acc:11323]","SSR1","t_2h",-0.642738987148018,-0.993409424167652,4,4,-0.642738987148018,-0.993409424167652
"122","ENSG00000126067",24,6,1,24,"PSMB2","PSMB2","PSMB2: 
proteasome (prosome, macropain) subunit, beta type, 2 [Source:HGNC Symbol;Acc:9539]","PSMB2","t_2h",0.243540491704015,-2.14173616785227,4,5,0.243540491704014,-2.14173616785227
"123","ENSG00000131238",3,2,0,3,"PPT1","PPT1","PPT1: 
palmitoyl-protein thioesterase 1 [Source:HGNC Symbol;Acc:9325]","PPT1","t_2h",0.643546285682461,-0.250271506714431,4,4,0.643546285682461,-0.250271506714431
"124","ENSG00000135046",9,12,0,9,"ANXA1","ANXA1","ANXA1: 
annexin A1 [Source:HGNC Symbol;Acc:533]","ANXA1","t_2h",-0.739370154153498,-0.692692998716961,4,4,-0.739370154153498,-0.69269299871696
"125","ENSG00000140416",7,7,0,7,"TPM1","TPM1","TPM1: 
tropomyosin 1 (alpha) [Source:HGNC Symbol;Acc:12010]","TPM1","t_2h",0.811549202696801,0.235641479223951,4,4,0.811549202696801,0.235641479223951
"126","ENSG00000141279",11,17,0,11,"NPEPPS","NPEPPS","NPEPPS: 
aminopeptidase puromycin sensitive [Source:HGNC Symbol;Acc:7900]","NPEPPS","t_2h",1.46432490804814,0.675906246898088,4,4,1.46432490804814,0.675906246898088
"127","ENSG00000149480",8,7,0,8,"MTA2","MTA2","MTA2: 
metastasis associated 1 family, member 2 [Source:HGNC Symbol;Acc:7411]","MTA2","t_2h",0.748609820068701,0.077207829028668,4,4,0.748609820068701,0.0772078290286675
"128","ENSG00000150995",12,17,0,12,"ITPR1","ITPR1","ITPR1: 
inositol 1,4,5-trisphosphate receptor, type 1 [Source:HGNC Symbol;Acc:6180]","ITPR1","t_2h",-1.20022635346376,-0.595814652052548,4,4,-1.20022635346376,-0.595814652052548
"129","ENSG00000163110",29,35,1,29,"PDLIM5","PDLIM5","PDLIM5: 
PDZ and LIM domain 5 [Source:HGNC Symbol;Acc:17468]","PDLIM5","t_2h",0.324195211828968,2.11375792769484,4,5,0.324195211828968,2.11375792769484
"130","ENSG00000164294",2,1,0,2,"GPX8","GPX8","GPX8: 
glutathione peroxidase 8 (putative) [Source:HGNC Symbol;Acc:33100]","GPX8","t_2h",-0.670289317007477,-1.54933923061129,4,4,-0.670289317007478,-1.54933923061129
"131","ENSG00000168542",4,2,0,4,"COL3A1","COL3A1","COL3A1: 
collagen, type III, alpha 1 [Source:HGNC Symbol;Acc:2201]","COL3A1","t_2h",0.747954413007674,-0.112214145825704,4,4,0.747954413007674,-0.112214145825704
"132","ENSG00000170266",19,2,1,19,"GLB1","GLB1","GLB1: 
galactosidase, beta 1 [Source:HGNC Symbol;Acc:4298]","GLB1","t_2h",0.145508254151624,-1.12280182557768,4,5,0.145508254151624,-1.12280182557768
"133","ENSG00000172534",20,2,1,20,"HCFC1","HCFC1","HCFC1: 
host cell factor C1 (VP16-accessory protein) [Source:HGNC Symbol;Acc:4839]","HCFC1","t_2h",0.3553566631683,-0.905918607190282,4,5,0.3553566631683,-0.905918607190282
"134","ENSG00000173692",6,3,0,6,"PSMD1","PSMD1","PSMD1: 
proteasome (prosome, macropain) 26S subunit, non-ATPase, 1 [Source:HGNC Symbol;Acc:9554]","PSMD1","t_2h",0.941904159837441,0.318491272124436,4,4,0.941904159837441,0.318491272124436
"135","ENSG00000179409",26,30,1,26,"GEMIN4","GEMIN4","GEMIN4: 
gem (nuclear organelle) associated protein 4 [Source:HGNC Symbol;Acc:15717]","GEMIN4","t_2h",1.87699525092423,-1.18088721198046,4,5,1.87699525092423,-1.18088721198046
"136","ENSG00000185624",10,12,0,10,"P4HB","P4HB","P4HB: 
prolyl 4-hydroxylase, beta polypeptide [Source:HGNC Symbol;Acc:8548]","P4HB","t_2h",-0.708965571444012,-0.438071356591791,4,4,-0.708965571444012,-0.438071356591791
"137","ENSG00000185651",18,1,1,18,"UBE2L3","UBE2L3","UBE2L3: 
ubiquitin-conjugating enzyme E2L 3 [Source:HGNC Symbol;Acc:12488]","UBE2L3","t_2h",0.552589783449642,-0.82487591455763,4,5,0.552589783449642,-0.82487591455763
"138","ENSG00000189091",35,7,2,35,"SF3B3","SF3B3","SF3B3: 
splicing factor 3b, subunit 3, 130kDa [Source:HGNC Symbol;Acc:10770]","SF3B3","t_2h",0.166964914746288,0.151431107687195,4,6,0.166964914746288,0.151431107687194
"139","ENSG00000205531",22,5,1,22,"NAP1L4","NAP1L4","NAP1L4: 
nucleosome assembly protein 1-like 4 [Source:HGNC Symbol;Acc:7640]","NAP1L4","t_2h",0.712754606460024,-1.15576611939527,4,5,0.712754606460024,-1.15576611939527
"140","ENSG00000206450",16,53,0,16,"HLA-B","HLA-B","HLA-B: 
major histocompatibility complex, class I, B [Source:HGNC Symbol;Acc:4932]","HLA-B","t_2h",-1.27290228918372,-1.66470741737118,4,4,-1.27290228918372,-1.66470741737118
"141","ENSG00000075142",13,30,0,13,"SRI","SRI","SRI: 
sorcin [Source:HGNC Symbol;Acc:11292]","SRI","t_8h",-1.93317634875311,-1.85416169101312,5,5,-1.93317634875311,-1.85416169101312
"142","ENSG00000075624",30,49,1,30,"ACTB","ACTB","ACTB: 
actin, beta [Source:HGNC Symbol;Acc:132]","ACTB","t_8h",2.18697001469922,-1.10593584159438,5,6,2.18697001469921,-1.10593584159438
"143","ENSG00000077809",32,1,2,32,"GTF2I","GTF2I","GTF2I: 
general transcription factor IIi [Source:HGNC Symbol;Acc:4659]","GTF2I","t_8h",0.0586522751802119,-1.13122190820363,5,7,0.0586522751802121,-1.13122190820363
"144","ENSG00000100983",33,1,2,33,"GSS","GSS","GSS: 
glutathione synthetase [Source:HGNC Symbol;Acc:4624]","GSS","t_8h",-0.230174727579261,-0.270951518151704,5,7,-0.23017472757926,-0.270951518151703
"145","ENSG00000101294",15,53,0,15,"HM13","HM13","HM13: 
histocompatibility (minor) 13 [Source:HGNC Symbol;Acc:16435]","HM13","t_8h",0.539033410324835,1.45015817778223,5,5,0.539033410324835,1.45015817778223
"146","ENSG00000106588",21,5,1,21,"PSMA2","PSMA2","PSMA2: 
proteasome (prosome, macropain) subunit, alpha type, 2 [Source:HGNC Symbol;Acc:9531]","PSMA2","t_8h",-1.46538608966786,-1.24416925281342,5,6,-1.46538608966786,-1.24416925281342
"147","ENSG00000106803",14,30,0,14,"SEC61B","SEC61B","SEC61B: 
Sec61 beta subunit [Source:HGNC Symbol;Acc:16993]","SEC61B","t_8h",1.9046016249838,1.96622616374113,5,5,1.9046016249838,1.96622616374113
"148","ENSG00000108578",25,30,1,25,"BLMH","BLMH","BLMH: 
bleomycin hydrolase [Source:HGNC Symbol;Acc:1059]","BLMH","t_8h",-1.18641103122157,-0.699686569584159,5,6,-1.18641103122157,-0.69968656958416
"149","ENSG00000108588",27,35,1,27,"CCDC47","CCDC47","CCDC47: 
coiled-coil domain containing 47 [Source:HGNC Symbol;Acc:24856]","CCDC47","t_8h",0.156804995950944,1.07474377402895,5,6,0.156804995950945,1.07474377402895
"150","ENSG00000110711",23,6,1,23,"AIP","AIP","AIP: 
aryl hydrocarbon receptor interacting protein [Source:HGNC Symbol;Acc:358]","AIP","t_8h",-1.06619456541322,-1.04065699783721,5,6,-1.06619456541322,-1.04065699783721
"151","ENSG00000111237",31,49,1,31,"VPS29","VPS29","VPS29: 
vacuolar protein sorting 29 homolog (S. cerevisiae) [Source:HGNC Symbol;Acc:14340]","VPS29","t_8h",-2.11822370081327,0.439473227644569,5,6,-2.11822370081327,0.439473227644569
"152","ENSG00000115641",34,7,2,34,"FHL2","FHL2","FHL2: 
four and a half LIM domains 2 [Source:HGNC Symbol;Acc:3703]","FHL2","t_8h",-0.0733732570183303,-1.15268182656464,5,7,-0.0733732570183306,-1.15268182656464
"153","ENSG00000119777",5,3,0,5,"TMEM214","TMEM214","TMEM214: 
transmembrane protein 214 [Source:HGNC Symbol;Acc:25983]","TMEM214","t_8h",1.34441924820363,2.01646432655796,5,5,1.34441924820363,2.01646432655796
"154","ENSG00000122565",28,35,1,28,"CBX3","CBX3","CBX3: 
chromobox homolog 3 [Source:HGNC Symbol;Acc:1553]","CBX3","t_8h",-0.169273629085949,-1.82863445996053,5,6,-0.169273629085948,-1.82863445996053
"155","ENSG00000124767",17,1,1,17,"GLO1","GLO1","GLO1: 
glyoxalase I [Source:HGNC Symbol;Acc:4323]","GLO1","t_8h",-0.877968450636043,-1.21192676011713,5,6,-0.877968450636043,-1.21192676011713
"156","ENSG00000124783",1,1,0,1,"SSR1","SSR1","SSR1: 
signal sequence receptor, alpha [Source:HGNC Symbol;Acc:11323]","SSR1","t_8h",0.955381378170302,1.47987285885226,5,5,0.955381378170302,1.47987285885226
"157","ENSG00000126067",24,6,1,24,"PSMB2","PSMB2","PSMB2: 
proteasome (prosome, macropain) subunit, beta type, 2 [Source:HGNC Symbol;Acc:9539]","PSMB2","t_8h",-0.984508924941184,0.159072691092556,5,6,-0.984508924941184,0.159072691092556
"158","ENSG00000131238",3,2,0,3,"PPT1","PPT1","PPT1: 
palmitoyl-protein thioesterase 1 [Source:HGNC Symbol;Acc:9325]","PPT1","t_8h",-0.620056947316643,-1.53368034422214,5,5,-0.620056947316643,-1.53368034422214
"159","ENSG00000135046",9,12,0,9,"ANXA1","ANXA1","ANXA1: 
annexin A1 [Source:HGNC Symbol;Acc:533]","ANXA1","t_8h",0.0304095946753678,2.33473384043101,5,5,0.0304095946753675,2.33473384043101
"160","ENSG00000140416",7,7,0,7,"TPM1","TPM1","TPM1: 
tropomyosin 1 (alpha) [Source:HGNC Symbol;Acc:12010]","TPM1","t_8h",-0.45131617562695,-0.57271293569489,5,5,-0.45131617562695,-0.57271293569489
"161","ENSG00000141279",11,17,0,11,"NPEPPS","NPEPPS","NPEPPS: 
aminopeptidase puromycin sensitive [Source:HGNC Symbol;Acc:7900]","NPEPPS","t_8h",-1.5458962862399,-1.1084726341523,5,5,-1.5458962862399,-1.10847263415231
"162","ENSG00000149480",8,7,0,8,"MTA2","MTA2","MTA2: 
metastasis associated 1 family, member 2 [Source:HGNC Symbol;Acc:7411]","MTA2","t_8h",-0.602325122684951,-0.771208286310785,5,5,-0.602325122684951,-0.771208286310785
"163","ENSG00000150995",12,17,0,12,"ITPR1","ITPR1","ITPR1: 
inositol 1,4,5-trisphosphate receptor, type 1 [Source:HGNC Symbol;Acc:6180]","ITPR1","t_8h",1.46121368630184,1.49524195628199,5,5,1.46121368630184,1.49524195628199
"164","ENSG00000163110",29,35,1,29,"PDLIM5","PDLIM5","PDLIM5: 
PDZ and LIM domain 5 [Source:HGNC Symbol;Acc:17468]","PDLIM5","t_8h",-0.122507398490601,-1.10620369256945,5,6,-0.122507398490601,-1.10620369256945
"165","ENSG00000164294",2,1,0,2,"GPX8","GPX8","GPX8: 
glutathione peroxidase 8 (putative) [Source:HGNC Symbol;Acc:33100]","GPX8","t_8h",1.01730814764175,0.871956207217355,5,5,1.01730814764175,0.871956207217356
"166","ENSG00000168542",4,2,0,4,"COL3A1","COL3A1","COL3A1: 
collagen, type III, alpha 1 [Source:HGNC Symbol;Acc:2201]","COL3A1","t_8h",-0.665850821497555,-1.14174497412627,5,5,-0.665850821497555,-1.14174497412627
"167","ENSG00000170266",19,2,1,19,"GLB1","GLB1","GLB1: 
galactosidase, beta 1 [Source:HGNC Symbol;Acc:4298]","GLB1","t_8h",-0.536744603849002,-1.44438674203426,5,6,-0.536744603849002,-1.44438674203426
"168","ENSG00000172534",20,2,1,20,"HCFC1","HCFC1","HCFC1: 
host cell factor C1 (VP16-accessory protein) [Source:HGNC Symbol;Acc:4839]","HCFC1","t_8h",-0.685084320700989,-1.52072751418049,5,6,-0.685084320700989,-1.52072751418049
"169","ENSG00000173692",6,3,0,6,"PSMD1","PSMD1","PSMD1: 
proteasome (prosome, macropain) 26S subunit, non-ATPase, 1 [Source:HGNC Symbol;Acc:9554]","PSMD1","t_8h",-1.29789273253983,-2.07701315049307,5,5,-1.29789273253983,-2.07701315049307
"170","ENSG00000179409",26,30,1,26,"GEMIN4","GEMIN4","GEMIN4: 
gem (nuclear organelle) associated protein 4 [Source:HGNC Symbol;Acc:15717]","GEMIN4","t_8h",-1.25042191933034,-1.05749662973891,5,6,-1.25042191933034,-1.05749662973891
"171","ENSG00000185624",10,12,0,10,"P4HB","P4HB","P4HB: 
prolyl 4-hydroxylase, beta polypeptide [Source:HGNC Symbol;Acc:8548]","P4HB","t_8h",0.226299868313479,1.56175294813999,5,5,0.226299868313479,1.56175294813999
"172","ENSG00000185651",18,1,1,18,"UBE2L3","UBE2L3","UBE2L3: 
ubiquitin-conjugating enzyme E2L 3 [Source:HGNC Symbol;Acc:12488]","UBE2L3","t_8h",-1.02497518062534,-1.33710331557508,5,6,-1.02497518062534,-1.33710331557508
"173","ENSG00000189091",35,7,2,35,"SF3B3","SF3B3","SF3B3: 
splicing factor 3b, subunit 3, 130kDa [Source:HGNC Symbol;Acc:10770]","SF3B3","t_8h",0.05260446595304,-2.01022182457966,5,7,0.0526044659530401,-2.01022182457966
"174","ENSG00000205531",22,5,1,22,"NAP1L4","NAP1L4","NAP1L4: 
nucleosome assembly protein 1-like 4 [Source:HGNC Symbol;Acc:7640]","NAP1L4","t_8h",-1.51973265576708,-1.18711146664798,5,6,-1.51973265576708,-1.18711146664798
"175","ENSG00000206450",16,53,0,16,"HLA-B","HLA-B","HLA-B: 
major histocompatibility complex, class I, B [Source:HGNC Symbol;Acc:4932]","HLA-B","t_8h",0.154271873549412,1.36584584600741,5,5,0.154271873549412,1.36584584600741
"176","ENSG00000075142",13,30,0,13,"SRI","SRI","SRI: 
sorcin [Source:HGNC Symbol;Acc:11292]","SRI","t_16h",-0.82103268488546,-1.05565418493287,6,6,-0.82103268488546,-1.05565418493287
"177","ENSG00000075624",30,49,1,30,"ACTB","ACTB","ACTB: 
actin, beta [Source:HGNC Symbol;Acc:132]","ACTB","t_16h",0.657459137029495,-0.562282345082226,6,7,0.657459137029495,-0.562282345082226
"178","ENSG00000077809",32,1,2,32,"GTF2I","GTF2I","GTF2I: 
general transcription factor IIi [Source:HGNC Symbol;Acc:4659]","GTF2I","t_16h",-0.699764872230871,0.27936874057833,6,8,-0.699764872230871,0.27936874057833
"179","ENSG00000100983",33,1,2,33,"GSS","GSS","GSS: 
glutathione synthetase [Source:HGNC Symbol;Acc:4624]","GSS","t_16h",-0.864626886850475,0.49486814476122,6,8,-0.864626886850475,0.494868144761221
"180","ENSG00000101294",15,53,0,15,"HM13","HM13","HM13: 
histocompatibility (minor) 13 [Source:HGNC Symbol;Acc:16435]","HM13","t_16h",-0.334416192393871,1.46152309154378,6,6,-0.334416192393871,1.46152309154378
"181","ENSG00000106588",21,5,1,21,"PSMA2","PSMA2","PSMA2: 
proteasome (prosome, macropain) subunit, alpha type, 2 [Source:HGNC Symbol;Acc:9531]","PSMA2","t_16h",-1.00112323724236,-0.754924682195587,6,7,-1.00112323724236,-0.754924682195587
"182","ENSG00000106803",14,30,0,14,"SEC61B","SEC61B","SEC61B: 
Sec61 beta subunit [Source:HGNC Symbol;Acc:16993]","SEC61B","t_16h",0.760416200879008,0.984567543285379,6,6,0.760416200879008,0.984567543285379
"183","ENSG00000108578",25,30,1,25,"BLMH","BLMH","BLMH: 
bleomycin hydrolase [Source:HGNC Symbol;Acc:1059]","BLMH","t_16h",-1.23254226442238,-1.16079676890899,6,7,-1.23254226442238,-1.16079676890899
"184","ENSG00000108588",27,35,1,27,"CCDC47","CCDC47","CCDC47: 
coiled-coil domain containing 47 [Source:HGNC Symbol;Acc:24856]","CCDC47","t_16h",1.9091992032876,1.07853040015217,6,7,1.9091992032876,1.07853040015217
"185","ENSG00000110711",23,6,1,23,"AIP","AIP","AIP: 
aryl hydrocarbon receptor interacting protein [Source:HGNC Symbol;Acc:358]","AIP","t_16h",-1.17036747404046,-0.497031109489598,6,7,-1.17036747404046,-0.497031109489598
"186","ENSG00000111237",31,49,1,31,"VPS29","VPS29","VPS29: 
vacuolar protein sorting 29 homolog (S. cerevisiae) [Source:HGNC Symbol;Acc:14340]","VPS29","t_16h",-0.644831496814647,0.24552897021164,6,7,-0.644831496814647,0.24552897021164
"187","ENSG00000115641",34,7,2,34,"FHL2","FHL2","FHL2: 
four and a half LIM domains 2 [Source:HGNC Symbol;Acc:3703]","FHL2","t_16h",-0.237502739853886,-0.908663762540884,6,8,-0.237502739853886,-0.908663762540884
"188","ENSG00000119777",5,3,0,5,"TMEM214","TMEM214","TMEM214: 
transmembrane protein 214 [Source:HGNC Symbol;Acc:25983]","TMEM214","t_16h",1.16712489424033,1.03545399985449,6,6,1.16712489424033,1.03545399985449
"189","ENSG00000122565",28,35,1,28,"CBX3","CBX3","CBX3: 
chromobox homolog 3 [Source:HGNC Symbol;Acc:1553]","CBX3","t_16h",-1.1864265812797,-1.11694992392244,6,7,-1.1864265812797,-1.11694992392244
"190","ENSG00000124767",17,1,1,17,"GLO1","GLO1","GLO1: 
glyoxalase I [Source:HGNC Symbol;Acc:4323]","GLO1","t_16h",-1.13831388019108,-0.870963418657212,6,7,-1.13831388019108,-0.870963418657212
"191","ENSG00000124783",1,1,0,1,"SSR1","SSR1","SSR1: 
signal sequence receptor, alpha [Source:HGNC Symbol;Acc:11323]","SSR1","t_16h",0.825466912418263,1.48570179674082,6,6,0.825466912418263,1.48570179674082
"192","ENSG00000126067",24,6,1,24,"PSMB2","PSMB2","PSMB2: 
proteasome (prosome, macropain) subunit, beta type, 2 [Source:HGNC Symbol;Acc:9539]","PSMB2","t_16h",-0.89859556792971,0.169396032026122,6,7,-0.89859556792971,0.169396032026122
"193","ENSG00000131238",3,2,0,3,"PPT1","PPT1","PPT1: 
palmitoyl-protein thioesterase 1 [Source:HGNC Symbol;Acc:9325]","PPT1","t_16h",-0.744023039497928,-1.20909714061334,6,6,-0.744023039497928,-1.20909714061334
"194","ENSG00000135046",9,12,0,9,"ANXA1","ANXA1","ANXA1: 
annexin A1 [Source:HGNC Symbol;Acc:533]","ANXA1","t_16h",0.382680163184614,0.377210782735034,6,6,0.382680163184614,0.377210782735034
"195","ENSG00000140416",7,7,0,7,"TPM1","TPM1","TPM1: 
tropomyosin 1 (alpha) [Source:HGNC Symbol;Acc:12010]","TPM1","t_16h",-0.766129931347252,-0.754870662878034,6,6,-0.766129931347252,-0.754870662878035
"196","ENSG00000141279",11,17,0,11,"NPEPPS","NPEPPS","NPEPPS: 
aminopeptidase puromycin sensitive [Source:HGNC Symbol;Acc:7900]","NPEPPS","t_16h",-1.02233951712915,0.140167725865942,6,6,-1.02233951712915,0.140167725865942
"197","ENSG00000149480",8,7,0,8,"MTA2","MTA2","MTA2: 
metastasis associated 1 family, member 2 [Source:HGNC Symbol;Acc:7411]","MTA2","t_16h",-0.89188341307139,-1.29726458884403,6,6,-0.89188341307139,-1.29726458884403
"198","ENSG00000150995",12,17,0,12,"ITPR1","ITPR1","ITPR1: 
inositol 1,4,5-trisphosphate receptor, type 1 [Source:HGNC Symbol;Acc:6180]","ITPR1","t_16h",1.05700678856226,0.344744221111713,6,6,1.05700678856226,0.344744221111712
"199","ENSG00000163110",29,35,1,29,"PDLIM5","PDLIM5","PDLIM5: 
PDZ and LIM domain 5 [Source:HGNC Symbol;Acc:17468]","PDLIM5","t_16h",-1.03594982336688,-0.505438406948987,6,7,-1.03594982336688,-0.505438406948986
"200","ENSG00000164294",2,1,0,2,"GPX8","GPX8","GPX8: 
glutathione peroxidase 8 (putative) [Source:HGNC Symbol;Acc:33100]","GPX8","t_16h",0.86949096845974,0.881206164273587,6,6,0.869490968459739,0.881206164273587
"201","ENSG00000168542",4,2,0,4,"COL3A1","COL3A1","COL3A1: 
collagen, type III, alpha 1 [Source:HGNC Symbol;Acc:2201]","COL3A1","t_16h",-0.900359147007184,-0.995510362286453,6,6,-0.900359147007184,-0.995510362286453
"202","ENSG00000170266",19,2,1,19,"GLB1","GLB1","GLB1: 
galactosidase, beta 1 [Source:HGNC Symbol;Acc:4298]","GLB1","t_16h",-0.77646252041048,-0.610083357000241,6,7,-0.77646252041048,-0.610083357000241
"203","ENSG00000172534",20,2,1,20,"HCFC1","HCFC1","HCFC1: 
host cell factor C1 (VP16-accessory protein) [Source:HGNC Symbol;Acc:4839]","HCFC1","t_16h",-0.684479386480775,-0.794142033526508,6,7,-0.684479386480775,-0.794142033526508
"204","ENSG00000173692",6,3,0,6,"PSMD1","PSMD1","PSMD1: 
proteasome (prosome, macropain) 26S subunit, non-ATPase, 1 [Source:HGNC Symbol;Acc:9554]","PSMD1","t_16h",-0.961253954748246,-0.899594902854594,6,6,-0.961253954748246,-0.899594902854595
"205","ENSG00000179409",26,30,1,26,"GEMIN4","GEMIN4","GEMIN4: 
gem (nuclear organelle) associated protein 4 [Source:HGNC Symbol;Acc:15717]","GEMIN4","t_16h",-0.900841195500901,-1.05030106566034,6,7,-0.900841195500901,-1.05030106566034
"206","ENSG00000185624",10,12,0,10,"P4HB","P4HB","P4HB: 
prolyl 4-hydroxylase, beta polypeptide [Source:HGNC Symbol;Acc:8548]","P4HB","t_16h",0.377056147622016,0.868402666589552,6,6,0.377056147622016,0.868402666589552
"207","ENSG00000185651",18,1,1,18,"UBE2L3","UBE2L3","UBE2L3: 
ubiquitin-conjugating enzyme E2L 3 [Source:HGNC Symbol;Acc:12488]","UBE2L3","t_16h",-1.08499094171096,-0.729071520248877,6,7,-1.08499094171096,-0.729071520248877
"208","ENSG00000189091",35,7,2,35,"SF3B3","SF3B3","SF3B3: 
splicing factor 3b, subunit 3, 130kDa [Source:HGNC Symbol;Acc:10770]","SF3B3","t_16h",-0.375785386122158,-0.85133211299119,6,8,-0.375785386122158,-0.851332112991191
"209","ENSG00000205531",22,5,1,22,"NAP1L4","NAP1L4","NAP1L4: 
nucleosome assembly protein 1-like 4 [Source:HGNC Symbol;Acc:7640]","NAP1L4","t_16h",-0.896455348488318,-0.671430119176371,6,7,-0.896455348488318,-0.671430119176371
"210","ENSG00000206450",16,53,0,16,"HLA-B","HLA-B","HLA-B: 
major histocompatibility complex, class I, B [Source:HGNC Symbol;Acc:4932]","HLA-B","t_16h",-0.24403550082545,0.422223215648604,6,6,-0.24403550082545,0.422223215648604
"211","ENSG00000075142",13,30,0,13,"SRI","SRI","SRI: 
sorcin [Source:HGNC Symbol;Acc:11292]","SRI","t_24h",-0.360446003360286,0.156974070582221,7,7,-0.360446003360285,0.156974070582221
"212","ENSG00000075624",30,49,1,30,"ACTB","ACTB","ACTB: 
actin, beta [Source:HGNC Symbol;Acc:132]","ACTB","t_24h",-0.277304639135667,-0.490469255261649,7,8,-0.277304639135667,-0.490469255261649
"213","ENSG00000077809",32,1,2,32,"GTF2I","GTF2I","GTF2I: 
general transcription factor IIi [Source:HGNC Symbol;Acc:4659]","GTF2I","t_24h",-1.1942987933763,1.14208560073515,7,9,-1.1942987933763,1.14208560073515
"214","ENSG00000100983",33,1,2,33,"GSS","GSS","GSS: 
glutathione synthetase [Source:HGNC Symbol;Acc:4624]","GSS","t_24h",-1.14425378275633,1.12059257094746,7,9,-1.14425378275633,1.12059257094746
"215","ENSG00000101294",15,53,0,15,"HM13","HM13","HM13: 
histocompatibility (minor) 13 [Source:HGNC Symbol;Acc:16435]","HM13","t_24h",0.682348150970323,0.25952984098042,7,7,0.682348150970323,0.25952984098042
"216","ENSG00000106588",21,5,1,21,"PSMA2","PSMA2","PSMA2: 
proteasome (prosome, macropain) subunit, alpha type, 2 [Source:HGNC Symbol;Acc:9531]","PSMA2","t_24h",-0.66839163121877,-0.28075201365536,7,8,-0.668391631218771,-0.280752013655359
"217","ENSG00000106803",14,30,0,14,"SEC61B","SEC61B","SEC61B: 
Sec61 beta subunit [Source:HGNC Symbol;Acc:16993]","SEC61B","t_24h",0.375130214996149,0.187552946823008,7,7,0.37513021499615,0.187552946823008
"218","ENSG00000108578",25,30,1,25,"BLMH","BLMH","BLMH: 
bleomycin hydrolase [Source:HGNC Symbol;Acc:1059]","BLMH","t_24h",-0.51753260353359,-0.543235506345583,7,8,-0.517532603533591,-0.543235506345583
"219","ENSG00000108588",27,35,1,27,"CCDC47","CCDC47","CCDC47: 
coiled-coil domain containing 47 [Source:HGNC Symbol;Acc:24856]","CCDC47","t_24h",0.785975441985094,0.827268937333817,7,8,0.785975441985094,0.827268937333817
"220","ENSG00000110711",23,6,1,23,"AIP","AIP","AIP: 
aryl hydrocarbon receptor interacting protein [Source:HGNC Symbol;Acc:358]","AIP","t_24h",-0.828532342036956,0.350322394038547,7,8,-0.828532342036956,0.350322394038547
"221","ENSG00000111237",31,49,1,31,"VPS29","VPS29","VPS29: 
vacuolar protein sorting 29 homolog (S. cerevisiae) [Source:HGNC Symbol;Acc:14340]","VPS29","t_24h",0.356588724784471,-0.545870866972528,7,8,0.356588724784471,-0.545870866972528
"222","ENSG00000115641",34,7,2,34,"FHL2","FHL2","FHL2: 
four and a half LIM domains 2 [Source:HGNC Symbol;Acc:3703]","FHL2","t_24h",-1.09442504199977,-0.807191366407334,7,9,-1.09442504199977,-0.807191366407334
"223","ENSG00000119777",5,3,0,5,"TMEM214","TMEM214","TMEM214: 
transmembrane protein 214 [Source:HGNC Symbol;Acc:25983]","TMEM214","t_24h",0.695996365624732,-0.0152475765737455,7,7,0.695996365624732,-0.0152475765737453
"224","ENSG00000122565",28,35,1,28,"CBX3","CBX3","CBX3: 
chromobox homolog 3 [Source:HGNC Symbol;Acc:1553]","CBX3","t_24h",-1.13197666937934,-0.249690493056541,7,8,-1.13197666937934,-0.249690493056542
"225","ENSG00000124767",17,1,1,17,"GLO1","GLO1","GLO1: 
glyoxalase I [Source:HGNC Symbol;Acc:4323]","GLO1","t_24h",-0.905656174287372,-0.253108889324355,7,8,-0.905656174287372,-0.253108889324355
"226","ENSG00000124783",1,1,0,1,"SSR1","SSR1","SSR1: 
signal sequence receptor, alpha [Source:HGNC Symbol;Acc:11323]","SSR1","t_24h",0.916406673196659,0.264659174988546,7,7,0.916406673196659,0.264659174988545
"227","ENSG00000126067",24,6,1,24,"PSMB2","PSMB2","PSMB2: 
proteasome (prosome, macropain) subunit, beta type, 2 [Source:HGNC Symbol;Acc:9539]","PSMB2","t_24h",-0.841728185203718,0.360471062024683,7,8,-0.841728185203718,0.360471062024683
"228","ENSG00000131238",3,2,0,3,"PPT1","PPT1","PPT1: 
palmitoyl-protein thioesterase 1 [Source:HGNC Symbol;Acc:9325]","PPT1","t_24h",-1.03849788595524,-0.264127649408332,7,7,-1.03849788595524,-0.264127649408332
"229","ENSG00000135046",9,12,0,9,"ANXA1","ANXA1","ANXA1: 
annexin A1 [Source:HGNC Symbol;Acc:533]","ANXA1","t_24h",1.11613062091581,-0.124579014001752,7,7,1.11613062091581,-0.124579014001752
"230","ENSG00000140416",7,7,0,7,"TPM1","TPM1","TPM1: 
tropomyosin 1 (alpha) [Source:HGNC Symbol;Acc:12010]","TPM1","t_24h",-1.09873843598171,-0.996480510014799,7,7,-1.09873843598171,-0.996480510014799
"231","ENSG00000141279",11,17,0,11,"NPEPPS","NPEPPS","NPEPPS: 
aminopeptidase puromycin sensitive [Source:HGNC Symbol;Acc:7900]","NPEPPS","t_24h",-0.510978760783424,0.9477455720512,7,7,-0.510978760783424,0.9477455720512
"232","ENSG00000149480",8,7,0,8,"MTA2","MTA2","MTA2: 
metastasis associated 1 family, member 2 [Source:HGNC Symbol;Acc:7411]","MTA2","t_24h",-1.04838957927816,-0.858789860746367,7,7,-1.04838957927816,-0.858789860746368
"233","ENSG00000150995",12,17,0,12,"ITPR1","ITPR1","ITPR1: 
inositol 1,4,5-trisphosphate receptor, type 1 [Source:HGNC Symbol;Acc:6180]","ITPR1","t_24h",0.630473794332376,-0.853825850794848,7,7,0.630473794332376,-0.853825850794849
"234","ENSG00000163110",29,35,1,29,"PDLIM5","PDLIM5","PDLIM5: 
PDZ and LIM domain 5 [Source:HGNC Symbol;Acc:17468]","PDLIM5","t_24h",-1.06863742378334,-0.100778696727763,7,8,-1.06863742378334,-0.100778696727763
"235","ENSG00000164294",2,1,0,2,"GPX8","GPX8","GPX8: 
glutathione peroxidase 8 (putative) [Source:HGNC Symbol;Acc:33100]","GPX8","t_24h",0.89040576051748,0.881206164273587,7,7,0.890405760517479,0.881206164273587
"236","ENSG00000168542",4,2,0,4,"COL3A1","COL3A1","COL3A1: 
collagen, type III, alpha 1 [Source:HGNC Symbol;Acc:2201]","COL3A1","t_24h",-1.02900522794163,-0.674319234039116,7,7,-1.02900522794164,-0.674319234039116
"237","ENSG00000170266",19,2,1,19,"GLB1","GLB1","GLB1: 
galactosidase, beta 1 [Source:HGNC Symbol;Acc:4298]","GLB1","t_24h",-0.986745900064346,0.36773470661566,7,8,-0.986745900064346,0.36773470661566
"238","ENSG00000172534",20,2,1,20,"HCFC1","HCFC1","HCFC1: 
host cell factor C1 (VP16-accessory protein) [Source:HGNC Symbol;Acc:4839]","HCFC1","t_24h",-1.03374644403139,0.120332253010147,7,8,-1.03374644403139,0.120332253010147
"239","ENSG00000173692",6,3,0,6,"PSMD1","PSMD1","PSMD1: 
proteasome (prosome, macropain) 26S subunit, non-ATPase, 1 [Source:HGNC Symbol;Acc:9554]","PSMD1","t_24h",-0.769424098059629,0.0157229552528741,7,7,-0.769424098059629,0.0157229552528738
"240","ENSG00000179409",26,30,1,26,"GEMIN4","GEMIN4","GEMIN4: 
gem (nuclear organelle) associated protein 4 [Source:HGNC Symbol;Acc:15717]","GEMIN4","t_24h",-0.54178953930695,0.256104579614906,7,8,-0.54178953930695,0.256104579614906
"241","ENSG00000185624",10,12,0,10,"P4HB","P4HB","P4HB: 
prolyl 4-hydroxylase, beta polypeptide [Source:HGNC Symbol;Acc:8548]","P4HB","t_24h",1.04542311447585,0.593708423617128,7,7,1.04542311447585,0.593708423617128
"242","ENSG00000185651",18,1,1,18,"UBE2L3","UBE2L3","UBE2L3: 
ubiquitin-conjugating enzyme E2L 3 [Source:HGNC Symbol;Acc:12488]","UBE2L3","t_24h",-0.874546464524333,-0.239292590753109,7,8,-0.874546464524333,-0.239292590753109
"243","ENSG00000189091",35,7,2,35,"SF3B3","SF3B3","SF3B3: 
splicing factor 3b, subunit 3, 130kDa [Source:HGNC Symbol;Acc:10770]","SF3B3","t_24h",-1.16064849038789,-0.112671962620719,7,9,-1.16064849038789,-0.112671962620719
"244","ENSG00000205531",22,5,1,22,"NAP1L4","NAP1L4","NAP1L4: 
nucleosome assembly protein 1-like 4 [Source:HGNC Symbol;Acc:7640]","NAP1L4","t_24h",-0.629034886131456,-0.0304644189054147,7,8,-0.629034886131456,-0.0304644189054146
"245","ENSG00000206450",16,53,0,16,"HLA-B","HLA-B","HLA-B: 
major histocompatibility complex, class I, B [Source:HGNC Symbol;Acc:4932]","HLA-B","t_24h",0.98858802679482,0.581451593239375,7,7,0.98858802679482,0.581451593239375
"246","ENSG00000075142",13,30,0,13,"SRI","SRI","SRI: 
sorcin [Source:HGNC Symbol;Acc:11292]","SRI","t_30h",0.0312732589517441,1.3473102571644,8,8,0.0312732589517445,1.3473102571644
"247","ENSG00000075624",30,49,1,30,"ACTB","ACTB","ACTB: 
actin, beta [Source:HGNC Symbol;Acc:132]","ACTB","t_30h",-0.893661340118009,-0.493581085280009,8,9,-0.89366134011801,-0.493581085280009
"248","ENSG00000077809",32,1,2,32,"GTF2I","GTF2I","GTF2I: 
general transcription factor IIi [Source:HGNC Symbol;Acc:4659]","GTF2I","t_30h",-1.50887003150806,1.76963551157286,8,10,-1.50887003150806,1.76963551157286
"249","ENSG00000100983",33,1,2,33,"GSS","GSS","GSS: 
glutathione synthetase [Source:HGNC Symbol;Acc:4624]","GSS","t_30h",-1.3143259941152,1.63609036718825,8,10,-1.3143259941152,1.63609036718825
"250","ENSG00000101294",15,53,0,15,"HM13","HM13","HM13: 
histocompatibility (minor) 13 [Source:HGNC Symbol;Acc:16435]","HM13","t_30h",1.80304346627731,-0.0854790925259223,8,8,1.80304346627731,-0.0854790925259223
"251","ENSG00000106588",21,5,1,21,"PSMA2","PSMA2","PSMA2: 
proteasome (prosome, macropain) subunit, alpha type, 2 [Source:HGNC Symbol;Acc:9531]","PSMA2","t_30h",-0.419156559428727,0.0874370186093844,8,9,-0.419156559428727,0.0874370186093848
"252","ENSG00000106803",14,30,0,14,"SEC61B","SEC61B","SEC61B: 
Sec61 beta subunit [Source:HGNC Symbol;Acc:16993]","SEC61B","t_30h",0.14792377789382,-0.303015971036082,8,8,0.14792377789382,-0.303015971036082
"253","ENSG00000108578",25,30,1,25,"BLMH","BLMH","BLMH: 
bleomycin hydrolase [Source:HGNC Symbol;Acc:1059]","BLMH","t_30h",0.135079524753809,-0.202879028695956,8,9,0.135079524753808,-0.202879028695957
"254","ENSG00000108588",27,35,1,27,"CCDC47","CCDC47","CCDC47: 
coiled-coil domain containing 47 [Source:HGNC Symbol;Acc:24856]","CCDC47","t_30h",0.354704525547043,0.734700513780027,8,9,0.354704525547044,0.734700513780027
"255","ENSG00000110711",23,6,1,23,"AIP","AIP","AIP: 
aryl hydrocarbon receptor interacting protein [Source:HGNC Symbol;Acc:358]","AIP","t_30h",-0.499844170155791,1.05997808862893,8,9,-0.499844170155792,1.05997808862893
"256","ENSG00000111237",31,49,1,31,"VPS29","VPS29","VPS29: 
vacuolar protein sorting 29 homolog (S. cerevisiae) [Source:HGNC Symbol;Acc:14340]","VPS29","t_30h",1.13138827894397,-1.03823871576021,8,9,1.13138827894397,-1.03823871576021
"257","ENSG00000115641",34,7,2,34,"FHL2","FHL2","FHL2: 
four and a half LIM domains 2 [Source:HGNC Symbol;Acc:3703]","FHL2","t_30h",-1.70397305811757,-0.74845395057174,8,10,-1.70397305811757,-0.74845395057174
"258","ENSG00000119777",5,3,0,5,"TMEM214","TMEM214","TMEM214: 
transmembrane protein 214 [Source:HGNC Symbol;Acc:25983]","TMEM214","t_30h",0.372515676130858,-0.652999890995265,8,8,0.372515676130858,-0.652999890995265
"259","ENSG00000122565",28,35,1,28,"CBX3","CBX3","CBX3: 
chromobox homolog 3 [Source:HGNC Symbol;Acc:1553]","CBX3","t_30h",-0.986839849763879,0.466362524540295,8,9,-0.986839849763878,0.466362524540294
"260","ENSG00000124767",17,1,1,17,"GLO1","GLO1","GLO1: 
glyoxalase I [Source:HGNC Symbol;Acc:4323]","GLO1","t_30h",-0.667267541173744,0.30739232020732,8,9,-0.667267541173744,0.30739232020732
"261","ENSG00000124783",1,1,0,1,"SSR1","SSR1","SSR1: 
signal sequence receptor, alpha [Source:HGNC Symbol;Acc:11323]","SSR1","t_30h",1.00469454934213,-0.104963599437286,8,8,1.00469454934213,-0.104963599437286
"262","ENSG00000126067",24,6,1,24,"PSMB2","PSMB2","PSMB2: 
proteasome (prosome, macropain) subunit, beta type, 2 [Source:HGNC Symbol;Acc:9539]","PSMB2","t_30h",-0.806429550857892,0.530533087393302,8,9,-0.806429550857892,0.530533087393302
"263","ENSG00000131238",3,2,0,3,"PPT1","PPT1","PPT1: 
palmitoyl-protein thioesterase 1 [Source:HGNC Symbol;Acc:9325]","PPT1","t_30h",-1.24101610479419,0.573685870057027,8,8,-1.24101610479419,0.573685870057027
"264","ENSG00000135046",9,12,0,9,"ANXA1","ANXA1","ANXA1: 
annexin A1 [Source:HGNC Symbol;Acc:533]","ANXA1","t_30h",1.71998548665857,-0.420405198284252,8,8,1.71998548665857,-0.420405198284252
"265","ENSG00000140416",7,7,0,7,"TPM1","TPM1","TPM1: 
tropomyosin 1 (alpha) [Source:HGNC Symbol;Acc:12010]","TPM1","t_30h",-1.30617872510229,-1.15691775653894,8,8,-1.30617872510229,-1.15691775653894
"266","ENSG00000141279",11,17,0,11,"NPEPPS","NPEPPS","NPEPPS: 
aminopeptidase puromycin sensitive [Source:HGNC Symbol;Acc:7900]","NPEPPS","t_30h",-0.10858217141288,1.54983580471582,8,8,-0.10858217141288,1.54983580471582
"267","ENSG00000149480",8,7,0,8,"MTA2","MTA2","MTA2: 
metastasis associated 1 family, member 2 [Source:HGNC Symbol;Acc:7411]","MTA2","t_30h",-1.14043933692704,-0.420089902946776,8,8,-1.14043933692704,-0.420089902946776
"268","ENSG00000150995",12,17,0,12,"ITPR1","ITPR1","ITPR1: 
inositol 1,4,5-trisphosphate receptor, type 1 [Source:HGNC Symbol;Acc:6180]","ITPR1","t_30h",0.341156739897494,-1.66136455204888,8,8,0.341156739897493,-1.66136455204888
"269","ENSG00000163110",29,35,1,29,"PDLIM5","PDLIM5","PDLIM5: 
PDZ and LIM domain 5 [Source:HGNC Symbol;Acc:17468]","PDLIM5","t_30h",-1.17465200554189,0.195029166837755,8,9,-1.1746520055419,0.195029166837756
"270","ENSG00000164294",2,1,0,2,"GPX8","GPX8","GPX8: 
glutathione peroxidase 8 (putative) [Source:HGNC Symbol;Acc:33100]","GPX8","t_30h",0.930888997716202,0.881206164273587,8,8,0.930888997716202,0.881206164273587
"271","ENSG00000168542",4,2,0,4,"COL3A1","COL3A1","COL3A1: 
collagen, type III, alpha 1 [Source:HGNC Symbol;Acc:2201]","COL3A1","t_30h",-1.10172535011622,-0.389421147960572,8,8,-1.10172535011622,-0.389421147960572
"272","ENSG00000170266",19,2,1,19,"GLB1","GLB1","GLB1: 
galactosidase, beta 1 [Source:HGNC Symbol;Acc:4298]","GLB1","t_30h",-1.12274776155028,1.22464071081081,8,9,-1.12274776155028,1.22464071081081
"273","ENSG00000172534",20,2,1,20,"HCFC1","HCFC1","HCFC1: 
host cell factor C1 (VP16-accessory protein) [Source:HGNC Symbol;Acc:4839]","HCFC1","t_30h",-1.1505107599451,0.935776746891705,8,9,-1.1505107599451,0.935776746891705
"274","ENSG00000173692",6,3,0,6,"PSMD1","PSMD1","PSMD1: 
proteasome (prosome, macropain) 26S subunit, non-ATPase, 1 [Source:HGNC Symbol;Acc:9554]","PSMD1","t_30h",-0.647775826511093,0.723136517667621,8,8,-0.647775826511093,0.723136517667621
"275","ENSG00000179409",26,30,1,26,"GEMIN4","GEMIN4","GEMIN4: 
gem (nuclear organelle) associated protein 4 [Source:HGNC Symbol;Acc:15717]","GEMIN4","t_30h",-0.248519040612744,0.804083185536813,8,9,-0.248519040612744,0.804083185536813
"276","ENSG00000185624",10,12,0,10,"P4HB","P4HB","P4HB: 
prolyl 4-hydroxylase, beta polypeptide [Source:HGNC Symbol;Acc:8548]","P4HB","t_30h",1.69847906495078,0.425858549097575,8,8,1.69847906495078,0.425858549097575
"277","ENSG00000185651",18,1,1,18,"UBE2L3","UBE2L3","UBE2L3: 
ubiquitin-conjugating enzyme E2L 3 [Source:HGNC Symbol;Acc:12488]","UBE2L3","t_30h",-0.666384840762774,0.131075348293099,8,9,-0.666384840762774,0.131075348293099
"278","ENSG00000189091",35,7,2,35,"SF3B3","SF3B3","SF3B3: 
splicing factor 3b, subunit 3, 130kDa [Source:HGNC Symbol;Acc:10770]","SF3B3","t_30h",-1.5838122255654,0.429953347016939,8,10,-1.5838122255654,0.429953347016939
"279","ENSG00000205531",22,5,1,22,"NAP1L4","NAP1L4","NAP1L4: 
nucleosome assembly protein 1-like 4 [Source:HGNC Symbol;Acc:7640]","NAP1L4","t_30h",-0.515031083142697,0.548234375924376,8,9,-0.515031083142697,0.548234375924376
"280","ENSG00000206450",16,53,0,16,"HLA-B","HLA-B","HLA-B: 
major histocompatibility complex, class I, B [Source:HGNC Symbol;Acc:4932]","HLA-B","t_30h",1.84918821746466,0.779051120719983,8,8,1.84918821746466,0.779051120719983
