"","id","edges","delay","accession","description","q_value","rho","analysis_res"
"1","ENSG00000104823",1,0,"ECH1","ECH1: 
enoyl CoA hydratase 1, peroxisomal [Source:HGNC Symbol;Acc:3149]","0.9024",0.06,"0.06[0.9024]"
"2","ENSG00000115541",1,0,"HSPE1","HSPE1: 
heat shock 10kDa protein 1 [Source:HGNC Symbol;Acc:5269]","0.9024",0.06,"0.06[0.9024]"
"3","ENSG00000143401",2,0,"ANP32E","ANP32E: 
acidic (leucine-rich) nuclear phosphoprotein 32 family, member E [Source:HGNC Symbol;Acc:16673]","0.0043",0.78,"0.78[0.0043]"
"4","ENSG00000170759",2,0,"KIF5B","KIF5B: 
kinesin family member 5B [Source:HGNC Symbol;Acc:6324]","0.0043",0.78,"0.78[0.0043]"
"5","ENSG00000129559",3,0,"NEDD8","NEDD8: 
neural precursor cell expressed, developmentally down-regulated 8 [Source:HGNC Symbol;Acc:7732]","0.0187",0.69,"0.69[0.0187]"
"6","ENSG00000189159",3,0,"HN1","HN1: 
hematological and neurological expressed 1 [Source:HGNC Symbol;Acc:14569]","0.0187",0.69,"0.69[0.0187]"
"7","ENSG00000089159",4,0,"PXN","PXN: 
paxillin [Source:HGNC Symbol;Acc:9718]","0.0138",0.16,"0.16[0.0138]"
"8","ENSG00000122565",4,0,"CBX3","CBX3: 
chromobox homolog 3 [Source:HGNC Symbol;Acc:1553]","0.0138",0.16,"0.16[0.0138]"
"9","ENSG00000130635",1,1,"COL5A1","COL5A1: 
collagen, type V, alpha 1 [Source:HGNC Symbol;Acc:2209]","0.0157",0.65,"0.65[0.0157]"
"10","ENSG00000131238",1,1,"PPT1","PPT1: 
palmitoyl-protein thioesterase 1 [Source:HGNC Symbol;Acc:9325]","0.0157",0.65,"0.65[0.0157]"
"11","ENSG00000075624",2,1,"ACTB","ACTB: 
actin, beta [Source:HGNC Symbol;Acc:132]","0.0131",0.65,"0.65[0.0131]"
"12","ENSG00000158710",2,1,"TAGLN2","TAGLN2: 
transgelin 2 [Source:HGNC Symbol;Acc:11554]","0.0131",0.65,"0.65[0.0131]"
"13","ENSG00000077809",3,1,"GTF2I","GTF2I: 
general transcription factor IIi [Source:HGNC Symbol;Acc:4659]","0.9024",-0.35,"-0.35[0.9024]"
"14","ENSG00000101972",3,1,"STAG2","STAG2: 
stromal antigen 2 [Source:HGNC Symbol;Acc:11355]","0.9024",-0.35,"-0.35[0.9024]"
"15","ENSG00000109814",4,1,"UGDH","UGDH: 
UDP-glucose 6-dehydrogenase [Source:HGNC Symbol;Acc:12525]","0.0048",0.78,"0.78[0.0048]"
"16","ENSG00000138107",4,1,"ACTR1A","ACTR1A: 
ARP1 actin-related protein 1 homolog A, centractin alpha (yeast) [Source:HGNC Symbol;Acc:167]","0.0048",0.78,"0.78[0.0048]"
"17","ENSG00000163002",7,1,"NUP35","NUP35: 
nucleoporin 35kDa [Source:HGNC Symbol;Acc:29797]","0.0472",0.5,"0.5[0.0472]"
"18","ENSG00000197747",7,1,"S100A10","S100A10: 
S100 calcium binding protein A10 [Source:HGNC Symbol;Acc:10487]","0.0472",0.5,"0.5[0.0472]"
"19","ENSG00000143870",2,2,"PDIA6","PDIA6: 
protein disulfide isomerase family A, member 6 [Source:HGNC Symbol;Acc:30168]","0.0001",0.99,"0.99[0.0001]"
"20","ENSG00000166598",2,2,"HSP90B1","HSP90B1: 
heat shock protein 90kDa beta (Grp94), member 1 [Source:HGNC Symbol;Acc:12028]","0.0001",0.99,"0.99[0.0001]"
"21","ENSG00000167004",2,2,"PDIA3","PDIA3: 
protein disulfide isomerase family A, member 3 [Source:HGNC Symbol;Acc:4606]","0.0001",0.99,"0.99[0.0001]"
