"","id","edges","delay","accession","description","q_value","rho","analysis_res"
"1","ENSG00000131238",1,0,"PPT1","PPT1: 
palmitoyl-protein thioesterase 1 [Source:HGNC Symbol;Acc:9325]","0.0004",0.67,"0.67[0.0004]"
"2","ENSG00000168542",1,0,"COL3A1","COL3A1: 
collagen, type III, alpha 1 [Source:HGNC Symbol;Acc:2201]","0.0004",0.67,"0.67[0.0004]"
"3","ENSG00000140416",2,0,"TPM1","TPM1: 
tropomyosin 1 (alpha) [Source:HGNC Symbol;Acc:12010]","0.0001",0.91,"0.91[0.0001]"
"4","ENSG00000149480",2,0,"MTA2","MTA2: 
metastasis associated 1 family, member 2 [Source:HGNC Symbol;Acc:7411]","0.0001",0.91,"0.91[0.0001]"
"5","ENSG00000138107",3,0,"ACTR1A","ACTR1A: 
ARP1 actin-related protein 1 homolog A, centractin alpha (yeast) [Source:HGNC Symbol;Acc:167]","0.0013",0.87,"0.87[0.0013]"
"6","ENSG00000143870",3,0,"PDIA6","PDIA6: 
protein disulfide isomerase family A, member 6 [Source:HGNC Symbol;Acc:30168]","0.0013",0.87,"0.87[0.0013]"
"7","ENSG00000124635",21,0,"HIST1H2BJ","HIST1H2BJ: 
histone cluster 1, H2bj [Source:HGNC Symbol;Acc:4761]","0.0001",0.52,"0.52[0.0001]"
"8","ENSG00000136937",21,0,"NCBP1","NCBP1: 
nuclear cap binding protein subunit 1, 80kDa [Source:HGNC Symbol;Acc:7658]","0.0001",0.52,"0.52[0.0001]"
"9","ENSG00000150995",21,0,"ITPR1","ITPR1: 
inositol 1,4,5-trisphosphate receptor, type 1 [Source:HGNC Symbol;Acc:6180]","0.0001",0.52,"0.52[0.0001]"
"10","ENSG00000173692",21,0,"PSMD1","PSMD1: 
proteasome (prosome, macropain) 26S subunit, non-ATPase, 1 [Source:HGNC Symbol;Acc:9554]","0.0001",0.52,"0.52[0.0001]"
"11","ENSG00000077809",1,2,"GTF2I","GTF2I: 
general transcription factor IIi [Source:HGNC Symbol;Acc:4659]","0.7100",-0.19,"-0.19[0.7100]"
"12","ENSG00000100983",1,2,"GSS","GSS: 
glutathione synthetase [Source:HGNC Symbol;Acc:4624]","0.7100",-0.19,"-0.19[0.7100]"
"13","ENSG00000089159",3,2,"PXN","PXN: 
paxillin [Source:HGNC Symbol;Acc:9718]","0.0001",0.9,"0.9[0.0001]"
"14","ENSG00000130635",3,2,"COL5A1","COL5A1: 
collagen, type V, alpha 1 [Source:HGNC Symbol;Acc:2209]","0.0001",0.9,"0.9[0.0001]"
"15","ENSG00000198898",3,2,"CAPZA2","CAPZA2: 
capping protein (actin filament) muscle Z-line, alpha 2 [Source:HGNC Symbol;Acc:1490]","0.0001",0.9,"0.9[0.0001]"
