"","id","X","edges","delay","X.1","accession","external_gene_name.1","description","external_gene_name.y","var","prt","trc","var.prt","var.trc","prt.norm","trc.norm"
"1","ENSG00000077809",11,1,2,11,"GTF2I","GTF2I","GTF2I: 
general transcription factor IIi [Source:HGNC Symbol;Acc:4659]","GTF2I","t_0h",0.889023390813483,-0.288778482195285,1,3,0.889023390813483,-0.288778482195285
"2","ENSG00000089159",13,3,2,13,"PXN","PXN","PXN: 
paxillin [Source:HGNC Symbol;Acc:9718]","PXN","t_0h",1.02347208601911,1.36103869107763,1,3,1.02347208601911,1.36103869107763
"3","ENSG00000100983",12,1,2,12,"GSS","GSS","GSS: 
glutathione synthetase [Source:HGNC Symbol;Acc:4624]","GSS","t_0h",0.838446461184571,-0.308122585938177,1,3,0.838446461184572,-0.308122585938176
"4","ENSG00000124635",7,21,0,7,"HIST1H2BJ","HIST1H2BJ","HIST1H2BJ: 
histone cluster 1, H2bj [Source:HGNC Symbol;Acc:4761]","HIST1H2BJ","t_0h",-1.10410760947837,-0.233383023956394,1,1,-1.10410760947837,-0.233383023956395
"5","ENSG00000130635",14,3,2,14,"COL5A1","COL5A1","COL5A1: 
collagen, type V, alpha 1 [Source:HGNC Symbol;Acc:2209]","COL5A1","t_0h",0.95795986825352,1.59514687618387,1,3,0.95795986825352,1.59514687618387
"6","ENSG00000131238",1,1,0,1,"PPT1","PPT1","PPT1: 
palmitoyl-protein thioesterase 1 [Source:HGNC Symbol;Acc:9325]","PPT1","t_0h",1.12108299148994,1.29910065036449,1,1,1.12108299148994,1.29910065036449
"7","ENSG00000136937",8,21,0,8,"NCBP1","NCBP1","NCBP1: 
nuclear cap binding protein subunit 1, 80kDa [Source:HGNC Symbol;Acc:7658]","NCBP1","t_0h",0.516369388759099,0.153116290110381,1,1,0.516369388759099,0.153116290110382
"8","ENSG00000138107",5,3,0,5,"ACTR1A","ACTR1A","ACTR1A: 
ARP1 actin-related protein 1 homolog A, centractin alpha (yeast) [Source:HGNC Symbol;Acc:167]","ACTR1A","t_0h",0.827882587160226,1.14947861013489,1,1,0.827882587160226,1.14947861013489
"9","ENSG00000140416",3,2,0,3,"TPM1","TPM1","TPM1: 
tropomyosin 1 (alpha) [Source:HGNC Symbol;Acc:12010]","TPM1","t_0h",0.98094382990966,1.40633876945325,1,1,0.98094382990966,1.40633876945325
"10","ENSG00000143870",6,3,0,6,"PDIA6","PDIA6","PDIA6: 
protein disulfide isomerase family A, member 6 [Source:HGNC Symbol;Acc:30168]","PDIA6","t_0h",-0.995359659093884,-0.909422687891831,1,1,-0.995359659093884,-0.909422687891831
"11","ENSG00000149480",4,2,0,4,"MTA2","MTA2","MTA2: 
metastasis associated 1 family, member 2 [Source:HGNC Symbol;Acc:7411]","MTA2","t_0h",1.05338807048504,1.43619308454901,1,1,1.05338807048504,1.43619308454901
"12","ENSG00000150995",9,21,0,9,"ITPR1","ITPR1","ITPR1: 
inositol 1,4,5-trisphosphate receptor, type 1 [Source:HGNC Symbol;Acc:6180]","ITPR1","t_0h",-0.611380094762537,0.78863600628208,1,1,-0.611380094762538,0.78863600628208
"13","ENSG00000168542",2,1,0,2,"COL3A1","COL3A1","COL3A1: 
collagen, type III, alpha 1 [Source:HGNC Symbol;Acc:2201]","COL3A1","t_0h",1.07074149019606,1.57425354959009,1,1,1.07074149019606,1.57425354959009
"14","ENSG00000173692",10,21,0,10,"PSMD1","PSMD1","PSMD1: 
proteasome (prosome, macropain) 26S subunit, non-ATPase, 1 [Source:HGNC Symbol;Acc:9554]","PSMD1","t_0h",0.899892911372019,0.750220531911899,1,1,0.899892911372019,0.750220531911898
"15","ENSG00000198898",15,3,2,15,"CAPZA2","CAPZA2","CAPZA2: 
capping protein (actin filament) muscle Z-line, alpha 2 [Source:HGNC Symbol;Acc:1490]","CAPZA2","t_0h",0.481717455333147,1.5140307712565,1,3,0.481717455333148,1.5140307712565
"16","ENSG00000077809",11,1,2,11,"GTF2I","GTF2I","GTF2I: 
general transcription factor IIi [Source:HGNC Symbol;Acc:4659]","GTF2I","t_0.5h",0.857789214770149,-0.418744255504466,2,4,0.85778921477015,-0.418744255504465
"17","ENSG00000089159",13,3,2,13,"PXN","PXN","PXN: 
paxillin [Source:HGNC Symbol;Acc:9718]","PXN","t_0.5h",0.895743432849542,0.849664183061048,2,4,0.895743432849543,0.849664183061048
"18","ENSG00000100983",12,1,2,12,"GSS","GSS","GSS: 
glutathione synthetase [Source:HGNC Symbol;Acc:4624]","GSS","t_0.5h",0.870521853643516,-0.564406555730583,2,4,0.870521853643516,-0.564406555730582
"19","ENSG00000124635",7,21,0,7,"HIST1H2BJ","HIST1H2BJ","HIST1H2BJ: 
histone cluster 1, H2bj [Source:HGNC Symbol;Acc:4761]","HIST1H2BJ","t_0.5h",-0.993265810852815,-0.22549158795213,2,2,-0.993265810852815,-0.225491587952131
"20","ENSG00000130635",14,3,2,14,"COL5A1","COL5A1","COL5A1: 
collagen, type V, alpha 1 [Source:HGNC Symbol;Acc:2209]","COL5A1","t_0.5h",0.835297125572107,1.10377580782432,2,4,0.835297125572107,1.10377580782432
"21","ENSG00000131238",1,1,0,1,"PPT1","PPT1","PPT1: 
palmitoyl-protein thioesterase 1 [Source:HGNC Symbol;Acc:9325]","PPT1","t_0.5h",0.999178242039496,0.890265103247897,2,2,0.999178242039496,0.890265103247897
"22","ENSG00000136937",8,21,0,8,"NCBP1","NCBP1","NCBP1: 
nuclear cap binding protein subunit 1, 80kDa [Source:HGNC Symbol;Acc:7658]","NCBP1","t_0.5h",0.71508164559252,0.36346298763473,2,2,0.71508164559252,0.36346298763473
"23","ENSG00000138107",5,3,0,5,"ACTR1A","ACTR1A","ACTR1A: 
ARP1 actin-related protein 1 homolog A, centractin alpha (yeast) [Source:HGNC Symbol;Acc:167]","ACTR1A","t_0.5h",0.87870287949823,1.01549372939036,2,2,0.87870287949823,1.01549372939036
"24","ENSG00000140416",3,2,0,3,"TPM1","TPM1","TPM1: 
tropomyosin 1 (alpha) [Source:HGNC Symbol;Acc:12010]","TPM1","t_0.5h",0.936777509607049,1.07191301168847,2,2,0.936777509607049,1.07191301168847
"25","ENSG00000143870",6,3,0,6,"PDIA6","PDIA6","PDIA6: 
protein disulfide isomerase family A, member 6 [Source:HGNC Symbol;Acc:30168]","PDIA6","t_0.5h",-0.933127875959888,-0.919730978962811,2,2,-0.933127875959888,-0.919730978962811
"26","ENSG00000149480",4,2,0,4,"MTA2","MTA2","MTA2: 
metastasis associated 1 family, member 2 [Source:HGNC Symbol;Acc:7411]","MTA2","t_0.5h",0.97812182444475,1.0873368380633,2,2,0.97812182444475,1.0873368380633
"27","ENSG00000150995",9,21,0,9,"ITPR1","ITPR1","ITPR1: 
inositol 1,4,5-trisphosphate receptor, type 1 [Source:HGNC Symbol;Acc:6180]","ITPR1","t_0.5h",-0.76454090702729,0.418622673932962,2,2,-0.764540907027291,0.418622673932962
"28","ENSG00000168542",2,1,0,2,"COL3A1","COL3A1","COL3A1: 
collagen, type III, alpha 1 [Source:HGNC Symbol;Acc:2201]","COL3A1","t_0.5h",0.981080460184097,1.08876277570407,2,2,0.981080460184097,1.08876277570407
"29","ENSG00000173692",10,21,0,10,"PSMD1","PSMD1","PSMD1: 
proteasome (prosome, macropain) 26S subunit, non-ATPase, 1 [Source:HGNC Symbol;Acc:9554]","PSMD1","t_0.5h",0.911724166343822,0.639202571154369,2,2,0.911724166343822,0.639202571154369
"30","ENSG00000198898",15,3,2,15,"CAPZA2","CAPZA2","CAPZA2: 
capping protein (actin filament) muscle Z-line, alpha 2 [Source:HGNC Symbol;Acc:1490]","CAPZA2","t_0.5h",0.638387183523235,1.0865541608405,2,4,0.638387183523235,1.0865541608405
"31","ENSG00000077809",11,1,2,11,"GTF2I","GTF2I","GTF2I: 
general transcription factor IIi [Source:HGNC Symbol;Acc:4659]","GTF2I","t_1h",0.828165840077629,-0.547404992580158,3,5,0.828165840077629,-0.547404992580158
"32","ENSG00000089159",13,3,2,13,"PXN","PXN","PXN: 
paxillin [Source:HGNC Symbol;Acc:9718]","PXN","t_1h",0.773508696590989,0.357107308769836,3,5,0.773508696590989,0.357107308769836
"33","ENSG00000100983",12,1,2,12,"GSS","GSS","GSS: 
glutathione synthetase [Source:HGNC Symbol;Acc:4624]","GSS","t_1h",0.900528912864855,-0.815606341640668,3,5,0.900528912864855,-0.815606341640667
"34","ENSG00000124635",7,21,0,7,"HIST1H2BJ","HIST1H2BJ","HIST1H2BJ: 
histone cluster 1, H2bj [Source:HGNC Symbol;Acc:4761]","HIST1H2BJ","t_1h",-0.881833565253459,-0.211016735158302,3,3,-0.881833565253459,-0.211016735158303
"35","ENSG00000130635",14,3,2,14,"COL5A1","COL5A1","COL5A1: 
collagen, type V, alpha 1 [Source:HGNC Symbol;Acc:2209]","COL5A1","t_1h",0.717946570426983,0.668209742428677,3,5,0.717946570426983,0.668209742428677
"36","ENSG00000131238",1,1,0,1,"PPT1","PPT1","PPT1: 
palmitoyl-protein thioesterase 1 [Source:HGNC Symbol;Acc:9325]","PPT1","t_1h",0.879786458352097,0.494125017288828,3,3,0.879786458352097,0.494125017288828
"37","ENSG00000136937",8,21,0,8,"NCBP1","NCBP1","NCBP1: 
nuclear cap binding protein subunit 1, 80kDa [Source:HGNC Symbol;Acc:7658]","NCBP1","t_1h",0.926960700547068,0.572229987384893,3,3,0.926960700547068,0.572229987384894
"38","ENSG00000138107",5,3,0,5,"ACTR1A","ACTR1A","ACTR1A: 
ARP1 actin-related protein 1 homolog A, centractin alpha (yeast) [Source:HGNC Symbol;Acc:167]","ACTR1A","t_1h",0.928967544031914,0.883497980034718,3,3,0.928967544031914,0.883497980034718
"39","ENSG00000140416",3,2,0,3,"TPM1","TPM1","TPM1: 
tropomyosin 1 (alpha) [Source:HGNC Symbol;Acc:12010]","TPM1","t_1h",0.893092725844694,0.767088604760997,3,3,0.893092725844695,0.767088604760997
"40","ENSG00000143870",6,3,0,6,"PDIA6","PDIA6","PDIA6: 
protein disulfide isomerase family A, member 6 [Source:HGNC Symbol;Acc:30168]","PDIA6","t_1h",-0.868924657113416,-0.929997860426835,3,3,-0.868924657113416,-0.929997860426835
"41","ENSG00000149480",4,2,0,4,"MTA2","MTA2","MTA2: 
metastasis associated 1 family, member 2 [Source:HGNC Symbol;Acc:7411]","MTA2","t_1h",0.902917736963044,0.746614887206984,3,3,0.902917736963044,0.746614887206984
"42","ENSG00000150995",9,21,0,9,"ITPR1","ITPR1","ITPR1: 
inositol 1,4,5-trisphosphate receptor, type 1 [Source:HGNC Symbol;Acc:6180]","ITPR1","t_1h",-0.913703653840381,0.0637601972875382,3,3,-0.913703653840381,0.0637601972875378
"43","ENSG00000168542",2,1,0,2,"COL3A1","COL3A1","COL3A1: 
collagen, type III, alpha 1 [Source:HGNC Symbol;Acc:2201]","COL3A1","t_1h",0.89716418317476,0.650193538943952,3,3,0.89716418317476,0.650193538943952
"44","ENSG00000173692",10,21,0,10,"PSMD1","PSMD1","PSMD1: 
proteasome (prosome, macropain) 26S subunit, non-ATPase, 1 [Source:HGNC Symbol;Acc:9554]","PSMD1","t_1h",0.922825374305518,0.529834205236471,3,3,0.922825374305518,0.529834205236471
"45","ENSG00000198898",15,3,2,15,"CAPZA2","CAPZA2","CAPZA2: 
capping protein (actin filament) muscle Z-line, alpha 2 [Source:HGNC Symbol;Acc:1490]","CAPZA2","t_1h",0.801176688909659,0.670357115795693,3,5,0.801176688909659,0.670357115795693
"46","ENSG00000077809",11,1,2,11,"GTF2I","GTF2I","GTF2I: 
general transcription factor IIi [Source:HGNC Symbol;Acc:4659]","GTF2I","t_2h",0.769302976273766,-0.804940214402799,4,6,0.769302976273766,-0.804940214402798
"47","ENSG00000089159",13,3,2,13,"PXN","PXN","PXN: 
paxillin [Source:HGNC Symbol;Acc:9718]","PXN","t_2h",0.544919496750811,-0.575060490552028,4,6,0.544919496750811,-0.575060490552028
"48","ENSG00000100983",12,1,2,12,"GSS","GSS","GSS: 
glutathione synthetase [Source:HGNC Symbol;Acc:4624]","GSS","t_2h",0.943884163608317,-1.2924640814358,4,6,0.943884163608317,-1.2924640814358
"49","ENSG00000124635",7,21,0,7,"HIST1H2BJ","HIST1H2BJ","HIST1H2BJ: 
histone cluster 1, H2bj [Source:HGNC Symbol;Acc:4761]","HIST1H2BJ","t_2h",-0.665551927678299,-0.201139298407384,4,4,-0.665551927678299,-0.201139298407385
"50","ENSG00000130635",14,3,2,14,"COL5A1","COL5A1","COL5A1: 
collagen, type V, alpha 1 [Source:HGNC Symbol;Acc:2209]","COL5A1","t_2h",0.49478599468984,-0.0617558563737601,4,6,0.49478599468984,-0.0617558563737601
"51","ENSG00000131238",1,1,0,1,"PPT1","PPT1","PPT1: 
palmitoyl-protein thioesterase 1 [Source:HGNC Symbol;Acc:9325]","PPT1","t_2h",0.643546285682461,-0.250271506714431,4,4,0.643546285682461,-0.250271506714431
"52","ENSG00000136937",8,21,0,8,"NCBP1","NCBP1","NCBP1: 
nuclear cap binding protein subunit 1, 80kDa [Source:HGNC Symbol;Acc:7658]","NCBP1","t_2h",1.38792621504781,0.970447674410936,4,4,1.38792621504781,0.970447674410937
"53","ENSG00000138107",5,3,0,5,"ACTR1A","ACTR1A","ACTR1A: 
ARP1 actin-related protein 1 homolog A, centractin alpha (yeast) [Source:HGNC Symbol;Acc:167]","ACTR1A","t_2h",1.03596970445376,0.626991515367584,4,4,1.03596970445376,0.626991515367584
"54","ENSG00000140416",3,2,0,3,"TPM1","TPM1","TPM1: 
tropomyosin 1 (alpha) [Source:HGNC Symbol;Acc:12010]","TPM1","t_2h",0.811549202696801,0.235641479223951,4,4,0.811549202696801,0.235641479223951
"55","ENSG00000143870",6,3,0,6,"PDIA6","PDIA6","PDIA6: 
protein disulfide isomerase family A, member 6 [Source:HGNC Symbol;Acc:30168]","PDIA6","t_2h",-0.734600439964362,-0.950717948671371,4,4,-0.734600439964362,-0.950717948671371
"56","ENSG00000149480",4,2,0,4,"MTA2","MTA2","MTA2: 
metastasis associated 1 family, member 2 [Source:HGNC Symbol;Acc:7411]","MTA2","t_2h",0.748609820068701,0.077207829028668,4,4,0.748609820068701,0.0772078290286675
"57","ENSG00000150995",9,21,0,9,"ITPR1","ITPR1","ITPR1: 
inositol 1,4,5-trisphosphate receptor, type 1 [Source:HGNC Symbol;Acc:6180]","ITPR1","t_2h",-1.20022635346376,-0.595814652052548,4,4,-1.20022635346376,-0.595814652052548
"58","ENSG00000168542",2,1,0,2,"COL3A1","COL3A1","COL3A1: 
collagen, type III, alpha 1 [Source:HGNC Symbol;Acc:2201]","COL3A1","t_2h",0.747954413007674,-0.112214145825704,4,4,0.747954413007674,-0.112214145825704
"59","ENSG00000173692",10,21,0,10,"PSMD1","PSMD1","PSMD1: 
proteasome (prosome, macropain) 26S subunit, non-ATPase, 1 [Source:HGNC Symbol;Acc:9554]","PSMD1","t_2h",0.941904159837441,0.318491272124436,4,4,0.941904159837441,0.318491272124436
"60","ENSG00000198898",15,3,2,15,"CAPZA2","CAPZA2","CAPZA2: 
capping protein (actin filament) muscle Z-line, alpha 2 [Source:HGNC Symbol;Acc:1490]","CAPZA2","t_2h",1.15009924344746,-0.124901376709745,4,6,1.15009924344746,-0.124901376709744
"61","ENSG00000077809",11,1,2,11,"GTF2I","GTF2I","GTF2I: 
general transcription factor IIi [Source:HGNC Symbol;Acc:4659]","GTF2I","t_8h",0.0586522751802119,-1.13122190820363,5,7,0.0586522751802121,-1.13122190820363
"62","ENSG00000089159",13,3,2,13,"PXN","PXN","PXN: 
paxillin [Source:HGNC Symbol;Acc:9718]","PXN","t_8h",0.182329668444005,-1.6857237988303,5,7,0.182329668444005,-1.6857237988303
"63","ENSG00000100983",12,1,2,12,"GSS","GSS","GSS: 
glutathione synthetase [Source:HGNC Symbol;Acc:4624]","GSS","t_8h",-0.230174727579261,-0.270951518151704,5,7,-0.23017472757926,-0.270951518151703
"64","ENSG00000124635",7,21,0,7,"HIST1H2BJ","HIST1H2BJ","HIST1H2BJ: 
histone cluster 1, H2bj [Source:HGNC Symbol;Acc:4761]","HIST1H2BJ","t_8h",1.21934380968076,2.16465048950862,5,5,1.21934380968076,2.16465048950862
"65","ENSG00000130635",14,3,2,14,"COL5A1","COL5A1","COL5A1: 
collagen, type V, alpha 1 [Source:HGNC Symbol;Acc:2209]","COL5A1","t_8h",0.557821389966456,-0.71225843374519,5,7,0.557821389966456,-0.71225843374519
"66","ENSG00000131238",1,1,0,1,"PPT1","PPT1","PPT1: 
palmitoyl-protein thioesterase 1 [Source:HGNC Symbol;Acc:9325]","PPT1","t_8h",-0.620056947316643,-1.53368034422214,5,5,-0.620056947316643,-1.53368034422214
"67","ENSG00000136937",8,21,0,8,"NCBP1","NCBP1","NCBP1: 
nuclear cap binding protein subunit 1, 80kDa [Source:HGNC Symbol;Acc:7658]","NCBP1","t_8h",-0.644077656986841,-2.08822405138628,5,5,-0.644077656986841,-2.08822405138628
"68","ENSG00000138107",5,3,0,5,"ACTR1A","ACTR1A","ACTR1A: 
ARP1 actin-related protein 1 homolog A, centractin alpha (yeast) [Source:HGNC Symbol;Acc:167]","ACTR1A","t_8h",-0.526693919094018,-0.680535609343539,5,5,-0.526693919094018,-0.680535609343539
"69","ENSG00000140416",3,2,0,3,"TPM1","TPM1","TPM1: 
tropomyosin 1 (alpha) [Source:HGNC Symbol;Acc:12010]","TPM1","t_8h",-0.45131617562695,-0.57271293569489,5,5,-0.45131617562695,-0.57271293569489
"70","ENSG00000143870",6,3,0,6,"PDIA6","PDIA6","PDIA6: 
protein disulfide isomerase family A, member 6 [Source:HGNC Symbol;Acc:30168]","PDIA6","t_8h",0.358545315445273,0.692837890863229,5,5,0.358545315445273,0.692837890863229
"71","ENSG00000149480",4,2,0,4,"MTA2","MTA2","MTA2: 
metastasis associated 1 family, member 2 [Source:HGNC Symbol;Acc:7411]","MTA2","t_8h",-0.602325122684951,-0.771208286310785,5,5,-0.602325122684951,-0.771208286310785
"72","ENSG00000150995",9,21,0,9,"ITPR1","ITPR1","ITPR1: 
inositol 1,4,5-trisphosphate receptor, type 1 [Source:HGNC Symbol;Acc:6180]","ITPR1","t_8h",1.46121368630184,1.49524195628199,5,5,1.46121368630184,1.49524195628199
"73","ENSG00000168542",2,1,0,2,"COL3A1","COL3A1","COL3A1: 
collagen, type III, alpha 1 [Source:HGNC Symbol;Acc:2201]","COL3A1","t_8h",-0.665850821497555,-1.14174497412627,5,5,-0.665850821497555,-1.14174497412627
"74","ENSG00000173692",10,21,0,10,"PSMD1","PSMD1","PSMD1: 
proteasome (prosome, macropain) 26S subunit, non-ATPase, 1 [Source:HGNC Symbol;Acc:9554]","PSMD1","t_8h",-1.29789273253983,-2.07701315049307,5,5,-1.29789273253983,-2.07701315049307
"75","ENSG00000198898",15,3,2,15,"CAPZA2","CAPZA2","CAPZA2: 
capping protein (actin filament) muscle Z-line, alpha 2 [Source:HGNC Symbol;Acc:1490]","CAPZA2","t_8h",0.244552048151042,-1.28117611540604,5,7,0.244552048151042,-1.28117611540604
"76","ENSG00000077809",11,1,2,11,"GTF2I","GTF2I","GTF2I: 
general transcription factor IIi [Source:HGNC Symbol;Acc:4659]","GTF2I","t_16h",-0.699764872230871,0.27936874057833,6,8,-0.699764872230871,0.27936874057833
"77","ENSG00000089159",13,3,2,13,"PXN","PXN","PXN: 
paxillin [Source:HGNC Symbol;Acc:9718]","PXN","t_16h",-0.701868320898574,-0.868269618088132,6,8,-0.701868320898573,-0.868269618088132
"78","ENSG00000100983",12,1,2,12,"GSS","GSS","GSS: 
glutathione synthetase [Source:HGNC Symbol;Acc:4624]","GSS","t_16h",-0.864626886850475,0.49486814476122,6,8,-0.864626886850475,0.494868144761221
"79","ENSG00000124635",7,21,0,7,"HIST1H2BJ","HIST1H2BJ","HIST1H2BJ: 
histone cluster 1, H2bj [Source:HGNC Symbol;Acc:4761]","HIST1H2BJ","t_16h",1.07636527538595,0.502410576312365,6,6,1.07636527538595,0.502410576312364
"80","ENSG00000130635",14,3,2,14,"COL5A1","COL5A1","COL5A1: 
collagen, type V, alpha 1 [Source:HGNC Symbol;Acc:2209]","COL5A1","t_16h",-0.971321460612768,-0.709960296373404,6,8,-0.971321460612768,-0.709960296373404
"81","ENSG00000131238",1,1,0,1,"PPT1","PPT1","PPT1: 
palmitoyl-protein thioesterase 1 [Source:HGNC Symbol;Acc:9325]","PPT1","t_16h",-0.744023039497928,-1.20909714061334,6,6,-0.744023039497928,-1.20909714061334
"82","ENSG00000136937",8,21,0,8,"NCBP1","NCBP1","NCBP1: 
nuclear cap binding protein subunit 1, 80kDa [Source:HGNC Symbol;Acc:7658]","NCBP1","t_16h",-0.620351073643196,-0.813645184339012,6,6,-0.620351073643196,-0.813645184339012
"83","ENSG00000138107",5,3,0,5,"ACTR1A","ACTR1A","ACTR1A: 
ARP1 actin-related protein 1 homolog A, centractin alpha (yeast) [Source:HGNC Symbol;Acc:167]","ACTR1A","t_16h",-0.912668678924682,-0.88987476793127,6,6,-0.912668678924682,-0.88987476793127
"84","ENSG00000140416",3,2,0,3,"TPM1","TPM1","TPM1: 
tropomyosin 1 (alpha) [Source:HGNC Symbol;Acc:12010]","TPM1","t_16h",-0.766129931347252,-0.754870662878034,6,6,-0.766129931347252,-0.754870662878035
"85","ENSG00000143870",6,3,0,6,"PDIA6","PDIA6","PDIA6: 
protein disulfide isomerase family A, member 6 [Source:HGNC Symbol;Acc:30168]","PDIA6","t_16h",0.625403347816339,0.851771408167124,6,6,0.625403347816339,0.851771408167124
"86","ENSG00000149480",4,2,0,4,"MTA2","MTA2","MTA2: 
metastasis associated 1 family, member 2 [Source:HGNC Symbol;Acc:7411]","MTA2","t_16h",-0.89188341307139,-1.29726458884403,6,6,-0.89188341307139,-1.29726458884403
"87","ENSG00000150995",9,21,0,9,"ITPR1","ITPR1","ITPR1: 
inositol 1,4,5-trisphosphate receptor, type 1 [Source:HGNC Symbol;Acc:6180]","ITPR1","t_16h",1.05700678856226,0.344744221111713,6,6,1.05700678856226,0.344744221111712
"88","ENSG00000168542",2,1,0,2,"COL3A1","COL3A1","COL3A1: 
collagen, type III, alpha 1 [Source:HGNC Symbol;Acc:2201]","COL3A1","t_16h",-0.900359147007184,-0.995510362286453,6,6,-0.900359147007184,-0.995510362286453
"89","ENSG00000173692",10,21,0,10,"PSMD1","PSMD1","PSMD1: 
proteasome (prosome, macropain) 26S subunit, non-ATPase, 1 [Source:HGNC Symbol;Acc:9554]","PSMD1","t_16h",-0.961253954748246,-0.899594902854594,6,6,-0.961253954748246,-0.899594902854595
"90","ENSG00000198898",15,3,2,15,"CAPZA2","CAPZA2","CAPZA2: 
capping protein (actin filament) muscle Z-line, alpha 2 [Source:HGNC Symbol;Acc:1490]","CAPZA2","t_16h",-0.484861275804372,-0.99859218556488,6,8,-0.484861275804372,-0.998592185564879
"91","ENSG00000077809",11,1,2,11,"GTF2I","GTF2I","GTF2I: 
general transcription factor IIi [Source:HGNC Symbol;Acc:4659]","GTF2I","t_24h",-1.1942987933763,1.14208560073515,7,9,-1.1942987933763,1.14208560073515
"92","ENSG00000089159",13,3,2,13,"PXN","PXN","PXN: 
paxillin [Source:HGNC Symbol;Acc:9718]","PXN","t_24h",-1.22679364701103,-0.0467694516113558,7,9,-1.22679364701103,-0.0467694516113558
"93","ENSG00000100983",12,1,2,12,"GSS","GSS","GSS: 
glutathione synthetase [Source:HGNC Symbol;Acc:4624]","GSS","t_24h",-1.14425378275633,1.12059257094746,7,9,-1.14425378275633,1.12059257094746
"94","ENSG00000124635",7,21,0,7,"HIST1H2BJ","HIST1H2BJ","HIST1H2BJ: 
histone cluster 1, H2bj [Source:HGNC Symbol;Acc:4761]","HIST1H2BJ","t_24h",0.770572711306908,-0.538355604653692,7,7,0.770572711306907,-0.538355604653693
"95","ENSG00000130635",14,3,2,14,"COL5A1","COL5A1","COL5A1: 
collagen, type V, alpha 1 [Source:HGNC Symbol;Acc:2209]","COL5A1","t_24h",-1.2284207517723,-0.907155527856239,7,9,-1.2284207517723,-0.907155527856239
"96","ENSG00000131238",1,1,0,1,"PPT1","PPT1","PPT1: 
palmitoyl-protein thioesterase 1 [Source:HGNC Symbol;Acc:9325]","PPT1","t_24h",-1.03849788595524,-0.264127649408332,7,7,-1.03849788595524,-0.264127649408332
"97","ENSG00000136937",8,21,0,8,"NCBP1","NCBP1","NCBP1: 
nuclear cap binding protein subunit 1, 80kDa [Source:HGNC Symbol;Acc:7658]","NCBP1","t_24h",-1.01211507707422,0.10703055608444,7,7,-1.01211507707422,0.10703055608444
"98","ENSG00000138107",5,3,0,5,"ACTR1A","ACTR1A","ACTR1A: 
ARP1 actin-related protein 1 homolog A, centractin alpha (yeast) [Source:HGNC Symbol;Acc:167]","ACTR1A","t_24h",-1.06792536572666,-1.01279078529702,7,7,-1.06792536572666,-1.01279078529702
"99","ENSG00000140416",3,2,0,3,"TPM1","TPM1","TPM1: 
tropomyosin 1 (alpha) [Source:HGNC Symbol;Acc:12010]","TPM1","t_24h",-1.09873843598171,-0.996480510014799,7,7,-1.09873843598171,-0.996480510014799
"100","ENSG00000143870",6,3,0,6,"PDIA6","PDIA6","PDIA6: 
protein disulfide isomerase family A, member 6 [Source:HGNC Symbol;Acc:30168]","PDIA6","t_24h",1.07671933328793,1.01717028747895,7,7,1.07671933328793,1.01717028747895
"101","ENSG00000149480",4,2,0,4,"MTA2","MTA2","MTA2: 
metastasis associated 1 family, member 2 [Source:HGNC Symbol;Acc:7411]","MTA2","t_24h",-1.04838957927816,-0.858789860746367,7,7,-1.04838957927816,-0.858789860746368
"102","ENSG00000150995",9,21,0,9,"ITPR1","ITPR1","ITPR1: 
inositol 1,4,5-trisphosphate receptor, type 1 [Source:HGNC Symbol;Acc:6180]","ITPR1","t_24h",0.630473794332376,-0.853825850794848,7,7,0.630473794332376,-0.853825850794849
"103","ENSG00000168542",2,1,0,2,"COL3A1","COL3A1","COL3A1: 
collagen, type III, alpha 1 [Source:HGNC Symbol;Acc:2201]","COL3A1","t_24h",-1.02900522794163,-0.674319234039116,7,7,-1.02900522794164,-0.674319234039116
"104","ENSG00000173692",10,21,0,10,"PSMD1","PSMD1","PSMD1: 
proteasome (prosome, macropain) 26S subunit, non-ATPase, 1 [Source:HGNC Symbol;Acc:9554]","PSMD1","t_24h",-0.769424098059629,0.0157229552528741,7,7,-0.769424098059629,0.0157229552528738
"105","ENSG00000198898",15,3,2,15,"CAPZA2","CAPZA2","CAPZA2: 
capping protein (actin filament) muscle Z-line, alpha 2 [Source:HGNC Symbol;Acc:1490]","CAPZA2","t_24h",-1.19941174515851,-0.588570031471922,7,9,-1.19941174515851,-0.588570031471922
"106","ENSG00000077809",11,1,2,11,"GTF2I","GTF2I","GTF2I: 
general transcription factor IIi [Source:HGNC Symbol;Acc:4659]","GTF2I","t_30h",-1.50887003150806,1.76963551157286,8,10,-1.50887003150806,1.76963551157286
"107","ENSG00000089159",13,3,2,13,"PXN","PXN","PXN: 
paxillin [Source:HGNC Symbol;Acc:9718]","PXN","t_30h",-1.49131141274486,0.608013176173303,8,10,-1.49131141274486,0.608013176173303
"108","ENSG00000100983",12,1,2,12,"GSS","GSS","GSS: 
glutathione synthetase [Source:HGNC Symbol;Acc:4624]","GSS","t_30h",-1.3143259941152,1.63609036718825,8,10,-1.3143259941152,1.63609036718825
"109","ENSG00000124635",7,21,0,7,"HIST1H2BJ","HIST1H2BJ","HIST1H2BJ: 
histone cluster 1, H2bj [Source:HGNC Symbol;Acc:4761]","HIST1H2BJ","t_30h",0.578477116889334,-1.25767481569308,8,8,0.578477116889334,-1.25767481569308
"110","ENSG00000130635",14,3,2,14,"COL5A1","COL5A1","COL5A1: 
collagen, type V, alpha 1 [Source:HGNC Symbol;Acc:2209]","COL5A1","t_30h",-1.36406873652384,-0.976002312088274,8,10,-1.36406873652384,-0.976002312088274
"111","ENSG00000131238",1,1,0,1,"PPT1","PPT1","PPT1: 
palmitoyl-protein thioesterase 1 [Source:HGNC Symbol;Acc:9325]","PPT1","t_30h",-1.24101610479419,0.573685870057027,8,8,-1.24101610479419,0.573685870057027
"112","ENSG00000136937",8,21,0,8,"NCBP1","NCBP1","NCBP1: 
nuclear cap binding protein subunit 1, 80kDa [Source:HGNC Symbol;Acc:7658]","NCBP1","t_30h",-1.26979414224225,0.735581740099912,8,8,-1.26979414224225,0.735581740099912
"113","ENSG00000138107",5,3,0,5,"ACTR1A","ACTR1A","ACTR1A: 
ARP1 actin-related protein 1 homolog A, centractin alpha (yeast) [Source:HGNC Symbol;Acc:167]","ACTR1A","t_30h",-1.16423475139877,-1.09226067235573,8,8,-1.16423475139877,-1.09226067235573
"114","ENSG00000140416",3,2,0,3,"TPM1","TPM1","TPM1: 
tropomyosin 1 (alpha) [Source:HGNC Symbol;Acc:12010]","TPM1","t_30h",-1.30617872510229,-1.15691775653894,8,8,-1.30617872510229,-1.15691775653894
"115","ENSG00000143870",6,3,0,6,"PDIA6","PDIA6","PDIA6: 
protein disulfide isomerase family A, member 6 [Source:HGNC Symbol;Acc:30168]","PDIA6","t_30h",1.47134463558201,1.14808988944355,8,8,1.47134463558201,1.14808988944355
"116","ENSG00000149480",4,2,0,4,"MTA2","MTA2","MTA2: 
metastasis associated 1 family, member 2 [Source:HGNC Symbol;Acc:7411]","MTA2","t_30h",-1.14043933692704,-0.420089902946776,8,8,-1.14043933692704,-0.420089902946776
"117","ENSG00000150995",9,21,0,9,"ITPR1","ITPR1","ITPR1: 
inositol 1,4,5-trisphosphate receptor, type 1 [Source:HGNC Symbol;Acc:6180]","ITPR1","t_30h",0.341156739897494,-1.66136455204888,8,8,0.341156739897493,-1.66136455204888
"118","ENSG00000168542",2,1,0,2,"COL3A1","COL3A1","COL3A1: 
collagen, type III, alpha 1 [Source:HGNC Symbol;Acc:2201]","COL3A1","t_30h",-1.10172535011622,-0.389421147960572,8,8,-1.10172535011622,-0.389421147960572
"119","ENSG00000173692",10,21,0,10,"PSMD1","PSMD1","PSMD1: 
proteasome (prosome, macropain) 26S subunit, non-ATPase, 1 [Source:HGNC Symbol;Acc:9554]","PSMD1","t_30h",-0.647775826511093,0.723136517667621,8,8,-0.647775826511093,0.723136517667621
"120","ENSG00000198898",15,3,2,15,"CAPZA2","CAPZA2","CAPZA2: 
capping protein (actin filament) muscle Z-line, alpha 2 [Source:HGNC Symbol;Acc:1490]","CAPZA2","t_30h",-1.63165959840166,-0.277702338740114,8,10,-1.63165959840166,-0.277702338740113
