"","id","X","edges","delay","X.1","accession","external_gene_name.1","description","external_gene_name.y","var","prt","trc","var.prt","var.trc","prt.norm","trc.norm"
"1","ENSG00000075624",11,2,1,11,"ACTB","ACTB","ACTB: 
actin, beta [Source:HGNC Symbol;Acc:132]","ACTB","t_0h",-0.266779627989149,0.929965835667378,1,2,-0.26677962798915,0.929965835667378
"2","ENSG00000077809",13,3,1,13,"GTF2I","GTF2I","GTF2I: 
general transcription factor IIi [Source:HGNC Symbol;Acc:4659]","GTF2I","t_0h",0.942967280768056,-0.851564560093058,1,2,0.942967280768056,-0.851564560093057
"3","ENSG00000089159",7,4,0,7,"PXN","PXN","PXN: 
paxillin [Source:HGNC Symbol;Acc:9718]","PXN","t_0h",0.237339453891237,-0.0884888424697567,1,1,0.237339453891237,-0.0884888424697567
"4","ENSG00000101972",14,3,1,14,"STAG2","STAG2","STAG2: 
stromal antigen 2 [Source:HGNC Symbol;Acc:11355]","STAG2","t_0h",1.29200046523771,0.0241328154879071,1,2,1.29200046523771,0.024132815487907
"5","ENSG00000104823",1,1,0,1,"ECH1","ECH1","ECH1: 
enoyl CoA hydratase 1, peroxisomal [Source:HGNC Symbol;Acc:3149]","ECH1","t_0h",-0.983062147743282,0.0806942167799106,1,1,-0.983062147743282,0.0806942167799108
"6","ENSG00000109814",15,4,1,15,"UGDH","UGDH","UGDH: 
UDP-glucose 6-dehydrogenase [Source:HGNC Symbol;Acc:12525]","UGDH","t_0h",-0.509842685645337,-1.03845712420973,1,2,-0.509842685645336,-1.03845712420973
"7","ENSG00000115541",2,1,0,2,"HSPE1","HSPE1","HSPE1: 
heat shock 10kDa protein 1 [Source:HGNC Symbol;Acc:5269]","HSPE1","t_0h",-1.00555318444093,0.906788574507309,1,1,-1.00555318444093,0.906788574507309
"8","ENSG00000122565",8,4,0,8,"CBX3","CBX3","CBX3: 
chromobox homolog 3 [Source:HGNC Symbol;Acc:1553]","CBX3","t_0h",0.153077409863081,0.383852036769236,1,1,0.153077409863082,0.383852036769235
"9","ENSG00000129559",5,3,0,5,"NEDD8","NEDD8","NEDD8: 
neural precursor cell expressed, developmentally down-regulated 8 [Source:HGNC Symbol;Acc:7732]","NEDD8","t_0h",0.956500175419235,0.14711371802582,1,1,0.956500175419236,0.14711371802582
"10","ENSG00000130635",9,1,1,9,"COL5A1","COL5A1","COL5A1: 
collagen, type V, alpha 1 [Source:HGNC Symbol;Acc:2209]","COL5A1","t_0h",1.36620086090372,1.03346554887257,1,2,1.36620086090372,1.03346554887257
"11","ENSG00000131238",10,1,1,10,"PPT1","PPT1","PPT1: 
palmitoyl-protein thioesterase 1 [Source:HGNC Symbol;Acc:9325]","PPT1","t_0h",1.36410686739907,0.223125644416729,1,2,1.36410686739907,0.22312564441673
"12","ENSG00000138107",16,4,1,16,"ACTR1A","ACTR1A","ACTR1A: 
ARP1 actin-related protein 1 homolog A, centractin alpha (yeast) [Source:HGNC Symbol;Acc:167]","ACTR1A","t_0h",0.815615717460996,0.537295691487786,1,2,0.815615717460995,0.537295691487787
"13","ENSG00000143401",3,2,0,3,"ANP32E","ANP32E","ANP32E: 
acidic (leucine-rich) nuclear phosphoprotein 32 family, member E [Source:HGNC Symbol;Acc:16673]","ANP32E","t_0h",0.909109632108857,1.18685908862406,1,1,0.909109632108857,1.18685908862406
"14","ENSG00000143870",19,2,2,19,"PDIA6","PDIA6","PDIA6: 
protein disulfide isomerase family A, member 6 [Source:HGNC Symbol;Acc:30168]","PDIA6","t_0h",-0.756428541281664,-1.11712304015191,1,3,-0.756428541281664,-1.11712304015191
"15","ENSG00000158710",12,2,1,12,"TAGLN2","TAGLN2","TAGLN2: 
transgelin 2 [Source:HGNC Symbol;Acc:11554]","TAGLN2","t_0h",0.352983566370306,0.697809474640438,1,2,0.352983566370306,0.697809474640438
"16","ENSG00000163002",17,7,1,17,"NUP35","NUP35","NUP35: 
nucleoporin 35kDa [Source:HGNC Symbol;Acc:29797]","NUP35","t_0h",0.442162717250861,-0.341448597468208,1,2,0.442162717250861,-0.341448597468209
"17","ENSG00000166598",20,2,2,20,"HSP90B1","HSP90B1","HSP90B1: 
heat shock protein 90kDa beta (Grp94), member 1 [Source:HGNC Symbol;Acc:12028]","HSP90B1","t_0h",-0.658502427087148,-1.08536375886638,1,3,-0.658502427087148,-1.08536375886638
"18","ENSG00000167004",21,2,2,21,"PDIA3","PDIA3","PDIA3: 
protein disulfide isomerase family A, member 3 [Source:HGNC Symbol;Acc:4606]","PDIA3","t_0h",-0.778485258020665,-1.36263435626319,1,3,-0.778485258020666,-1.36263435626319
"19","ENSG00000170759",4,2,0,4,"KIF5B","KIF5B","KIF5B: 
kinesin family member 5B [Source:HGNC Symbol;Acc:6324]","KIF5B","t_0h",0.619795493142077,0.887009516626406,1,1,0.619795493142077,0.887009516626406
"20","ENSG00000189159",6,3,0,6,"HN1","HN1","HN1: 
hematological and neurological expressed 1 [Source:HGNC Symbol;Acc:14569]","HN1","t_0h",0.924451838166005,0.835186044847719,1,1,0.924451838166004,0.835186044847719
"21","ENSG00000197747",18,7,1,18,"S100A10","S100A10","S100A10: 
S100 calcium binding protein A10 [Source:HGNC Symbol;Acc:10487]","S100A10","t_0h",-0.200970235378153,0.993834427028405,1,2,-0.200970235378153,0.993834427028404
"22","ENSG00000075624",11,2,1,11,"ACTB","ACTB","ACTB: 
actin, beta [Source:HGNC Symbol;Acc:132]","ACTB","t_0.5h",-0.236565087695379,0.927922237152271,2,3,-0.23656508769538,0.927922237152271
"23","ENSG00000077809",13,3,1,13,"GTF2I","GTF2I","GTF2I: 
general transcription factor IIi [Source:HGNC Symbol;Acc:4659]","GTF2I","t_0.5h",0.797625944185999,-0.705011357635959,2,3,0.797625944186,-0.705011357635959
"24","ENSG00000089159",7,4,0,7,"PXN","PXN","PXN: 
paxillin [Source:HGNC Symbol;Acc:9718]","PXN","t_0.5h",0.516133787979673,0.100143019925299,2,2,0.516133787979673,0.100143019925299
"25","ENSG00000101972",14,3,1,14,"STAG2","STAG2","STAG2: 
stromal antigen 2 [Source:HGNC Symbol;Acc:11355]","STAG2","t_0.5h",0.938334811946359,-0.0675183412532611,2,3,0.938334811946359,-0.0675183412532612
"26","ENSG00000104823",1,1,0,1,"ECH1","ECH1","ECH1: 
enoyl CoA hydratase 1, peroxisomal [Source:HGNC Symbol;Acc:3149]","ECH1","t_0.5h",-0.853114979862492,-0.204885737075692,2,2,-0.853114979862492,-0.204885737075692
"27","ENSG00000109814",15,4,1,15,"UGDH","UGDH","UGDH: 
UDP-glucose 6-dehydrogenase [Source:HGNC Symbol;Acc:12525]","UGDH","t_0.5h",-0.389293472596668,-0.925007105978119,2,3,-0.389293472596668,-0.925007105978119
"28","ENSG00000115541",2,1,0,2,"HSPE1","HSPE1","HSPE1: 
heat shock 10kDa protein 1 [Source:HGNC Symbol;Acc:5269]","HSPE1","t_0.5h",-0.862855372306274,0.691263866932022,2,2,-0.862855372306273,0.691263866932023
"29","ENSG00000122565",8,4,0,8,"CBX3","CBX3","CBX3: 
chromobox homolog 3 [Source:HGNC Symbol;Acc:1553]","CBX3","t_0.5h",0.489926461872836,0.519617676340062,2,2,0.489926461872836,0.519617676340061
"30","ENSG00000129559",5,3,0,5,"NEDD8","NEDD8","NEDD8: 
neural precursor cell expressed, developmentally down-regulated 8 [Source:HGNC Symbol;Acc:7732]","NEDD8","t_0.5h",0.920276473028194,0.503253648969657,2,2,0.920276473028194,0.503253648969657
"31","ENSG00000130635",9,1,1,9,"COL5A1","COL5A1","COL5A1: 
collagen, type V, alpha 1 [Source:HGNC Symbol;Acc:2209]","COL5A1","t_0.5h",1.05161121620456,0.971161545414911,2,3,1.05161121620456,0.971161545414911
"32","ENSG00000131238",10,1,1,10,"PPT1","PPT1","PPT1: 
palmitoyl-protein thioesterase 1 [Source:HGNC Symbol;Acc:9325]","PPT1","t_0.5h",1.04492010426197,0.442001766646611,2,3,1.04492010426197,0.442001766646612
"33","ENSG00000138107",16,4,1,16,"ACTR1A","ACTR1A","ACTR1A: 
ARP1 actin-related protein 1 homolog A, centractin alpha (yeast) [Source:HGNC Symbol;Acc:167]","ACTR1A","t_0.5h",0.753425306511199,0.667985523436887,2,3,0.753425306511199,0.667985523436887
"34","ENSG00000143401",3,2,0,3,"ANP32E","ANP32E","ANP32E: 
acidic (leucine-rich) nuclear phosphoprotein 32 family, member E [Source:HGNC Symbol;Acc:16673]","ANP32E","t_0.5h",0.905872338370846,1.01689423269847,2,2,0.905872338370847,1.01689423269847
"35","ENSG00000143870",19,2,2,19,"PDIA6","PDIA6","PDIA6: 
protein disulfide isomerase family A, member 6 [Source:HGNC Symbol;Acc:30168]","PDIA6","t_0.5h",-0.703086028991628,-0.99062217562384,2,4,-0.703086028991628,-0.99062217562384
"36","ENSG00000158710",12,2,1,12,"TAGLN2","TAGLN2","TAGLN2: 
transgelin 2 [Source:HGNC Symbol;Acc:11554]","TAGLN2","t_0.5h",0.492828094113333,0.81447530735847,2,3,0.492828094113333,0.81447530735847
"37","ENSG00000163002",17,7,1,17,"NUP35","NUP35","NUP35: 
nucleoporin 35kDa [Source:HGNC Symbol;Acc:29797]","NUP35","t_0.5h",0.54925339625875,0.0249700230900255,2,3,0.54925339625875,0.0249700230900242
"38","ENSG00000166598",20,2,2,20,"HSP90B1","HSP90B1","HSP90B1: 
heat shock protein 90kDa beta (Grp94), member 1 [Source:HGNC Symbol;Acc:12028]","HSP90B1","t_0.5h",-0.634829079309772,-0.993176877696052,2,4,-0.634829079309772,-0.993176877696052
"39","ENSG00000167004",21,2,2,21,"PDIA3","PDIA3","PDIA3: 
protein disulfide isomerase family A, member 3 [Source:HGNC Symbol;Acc:4606]","PDIA3","t_0.5h",-0.725935841190197,-1.1071596064446,2,4,-0.725935841190197,-1.1071596064446
"40","ENSG00000170759",4,2,0,4,"KIF5B","KIF5B","KIF5B: 
kinesin family member 5B [Source:HGNC Symbol;Acc:6324]","KIF5B","t_0.5h",0.720908955545698,0.911618850174596,2,2,0.720908955545698,0.911618850174596
"41","ENSG00000189159",6,3,0,6,"HN1","HN1","HN1: 
hematological and neurological expressed 1 [Source:HGNC Symbol;Acc:14569]","HN1","t_0.5h",0.902298572275123,0.872336243363782,2,2,0.902298572275122,0.872336243363782
"42","ENSG00000197747",18,7,1,18,"S100A10","S100A10","S100A10: 
S100 calcium binding protein A10 [Source:HGNC Symbol;Acc:10487]","S100A10","t_0.5h",0.0635279534285165,0.753443478969391,2,3,0.0635279534285162,0.753443478969391
"43","ENSG00000075624",11,2,1,11,"ACTB","ACTB","ACTB: 
actin, beta [Source:HGNC Symbol;Acc:132]","ACTB","t_1h",-0.203069850079786,0.926085980191,3,4,-0.203069850079787,0.926085980191
"44","ENSG00000077809",13,3,1,13,"GTF2I","GTF2I","GTF2I: 
general transcription factor IIi [Source:HGNC Symbol;Acc:4659]","GTF2I","t_1h",0.652675390831843,-0.554157971912402,3,4,0.652675390831843,-0.554157971912401
"45","ENSG00000089159",7,4,0,7,"PXN","PXN","PXN: 
paxillin [Source:HGNC Symbol;Acc:9718]","PXN","t_1h",0.832090597164286,0.29131840416254,3,3,0.832090597164286,0.291318404162541
"46","ENSG00000101972",14,3,1,14,"STAG2","STAG2","STAG2: 
stromal antigen 2 [Source:HGNC Symbol;Acc:11355]","STAG2","t_1h",0.618148612000833,-0.15404160026662,3,4,0.618148612000833,-0.15404160026662
"47","ENSG00000104823",1,1,0,1,"ECH1","ECH1","ECH1: 
enoyl CoA hydratase 1, peroxisomal [Source:HGNC Symbol;Acc:3149]","ECH1","t_1h",-0.703499960321218,-0.468958432325872,3,3,-0.703499960321218,-0.468958432325872
"48","ENSG00000109814",15,4,1,15,"UGDH","UGDH","UGDH: 
UDP-glucose 6-dehydrogenase [Source:HGNC Symbol;Acc:12525]","UGDH","t_1h",-0.263165464407409,-0.802306403647544,3,4,-0.263165464407408,-0.802306403647544
"49","ENSG00000115541",2,1,0,2,"HSPE1","HSPE1","HSPE1: 
heat shock 10kDa protein 1 [Source:HGNC Symbol;Acc:5269]","HSPE1","t_1h",-0.712918364253057,0.486951722586108,3,3,-0.712918364253057,0.486951722586108
"50","ENSG00000122565",8,4,0,8,"CBX3","CBX3","CBX3: 
chromobox homolog 3 [Source:HGNC Symbol;Acc:1553]","CBX3","t_1h",0.848140464101673,0.663191047805858,3,3,0.848140464101673,0.663191047805858
"51","ENSG00000129559",5,3,0,5,"NEDD8","NEDD8","NEDD8: 
neural precursor cell expressed, developmentally down-regulated 8 [Source:HGNC Symbol;Acc:7732]","NEDD8","t_1h",0.884278728673001,0.869202325153046,3,3,0.884278728673001,0.869202325153046
"52","ENSG00000130635",9,1,1,9,"COL5A1","COL5A1","COL5A1: 
collagen, type V, alpha 1 [Source:HGNC Symbol;Acc:2209]","COL5A1","t_1h",0.762782202392007,0.909615194734527,3,4,0.762782202392006,0.909615194734527
"53","ENSG00000131238",10,1,1,10,"PPT1","PPT1","PPT1: 
palmitoyl-protein thioesterase 1 [Source:HGNC Symbol;Acc:9325]","PPT1","t_1h",0.756949523949061,0.671537345407437,3,4,0.756949523949062,0.671537345407437
"54","ENSG00000138107",16,4,1,16,"ACTR1A","ACTR1A","ACTR1A: 
ARP1 actin-related protein 1 homolog A, centractin alpha (yeast) [Source:HGNC Symbol;Acc:167]","ACTR1A","t_1h",0.695836370359181,0.798832452491722,3,4,0.695836370359181,0.798832452491722
"55","ENSG00000143401",3,2,0,3,"ANP32E","ANP32E","ANP32E: 
acidic (leucine-rich) nuclear phosphoprotein 32 family, member E [Source:HGNC Symbol;Acc:16673]","ANP32E","t_1h",0.90479959450913,0.851877952843455,3,3,0.90479959450913,0.851877952843456
"56","ENSG00000143870",19,2,2,19,"PDIA6","PDIA6","PDIA6: 
protein disulfide isomerase family A, member 6 [Source:HGNC Symbol;Acc:30168]","PDIA6","t_1h",-0.6484352984054,-0.851170414059019,3,5,-0.6484352984054,-0.851170414059019
"57","ENSG00000158710",12,2,1,12,"TAGLN2","TAGLN2","TAGLN2: 
transgelin 2 [Source:HGNC Symbol;Acc:11554]","TAGLN2","t_1h",0.6370466722261,0.933633730409375,3,4,0.6370466722261,0.933633730409375
"58","ENSG00000163002",17,7,1,17,"NUP35","NUP35","NUP35: 
nucleoporin 35kDa [Source:HGNC Symbol;Acc:29797]","NUP35","t_1h",0.660702891515542,0.406530881710895,3,4,0.660702891515542,0.406530881710894
"59","ENSG00000166598",20,2,2,20,"HSP90B1","HSP90B1","HSP90B1: 
heat shock protein 90kDa beta (Grp94), member 1 [Source:HGNC Symbol;Acc:12028]","HSP90B1","t_1h",-0.610532864392545,-0.871514498114964,3,5,-0.610532864392545,-0.871514498114964
"60","ENSG00000167004",21,2,2,21,"PDIA3","PDIA3","PDIA3: 
protein disulfide isomerase family A, member 3 [Source:HGNC Symbol;Acc:4606]","PDIA3","t_1h",-0.671651904813456,-0.816189878997906,3,5,-0.671651904813456,-0.816189878997906
"61","ENSG00000170759",4,2,0,4,"KIF5B","KIF5B","KIF5B: 
kinesin family member 5B [Source:HGNC Symbol;Acc:6324]","KIF5B","t_1h",0.825670851221294,0.936744076233066,3,3,0.825670851221295,0.936744076233065
"62","ENSG00000189159",6,3,0,6,"HN1","HN1","HN1: 
hematological and neurological expressed 1 [Source:HGNC Symbol;Acc:14569]","HN1","t_1h",0.882539029246557,0.912124029313305,3,3,0.882539029246556,0.912124029313305
"63","ENSG00000197747",18,7,1,18,"S100A10","S100A10","S100A10: 
S100 calcium binding protein A10 [Source:HGNC Symbol;Acc:10487]","S100A10","t_1h",0.339435658134064,0.52477309413601,3,4,0.339435658134063,0.52477309413601
"64","ENSG00000075624",11,2,1,11,"ACTB","ACTB","ACTB: 
actin, beta [Source:HGNC Symbol;Acc:132]","ACTB","t_2h",-0.12773657274559,0.922923523106057,4,5,-0.12773657274559,0.922923523106057
"65","ENSG00000077809",13,3,1,13,"GTF2I","GTF2I","GTF2I: 
general transcription factor IIi [Source:HGNC Symbol;Acc:4659]","GTF2I","t_2h",0.357169989236663,-0.239063639967619,4,5,0.357169989236663,-0.239063639967618
"66","ENSG00000089159",7,4,0,7,"PXN","PXN","PXN: 
paxillin [Source:HGNC Symbol;Acc:9718]","PXN","t_2h",1.59784858874817,0.685309312310734,4,4,1.59784858874817,0.685309312310734
"67","ENSG00000101972",14,3,1,14,"STAG2","STAG2","STAG2: 
stromal antigen 2 [Source:HGNC Symbol;Acc:11355]","STAG2","t_2h",0.0706060782205269,-0.311900670583216,4,5,0.0706060782205271,-0.311900670583216
"68","ENSG00000104823",1,1,0,1,"ECH1","ECH1","ECH1: 
enoyl CoA hydratase 1, peroxisomal [Source:HGNC Symbol;Acc:3149]","ECH1","t_2h",-0.336254753364031,-0.937225873591465,4,4,-0.336254753364031,-0.937225873591465
"69","ENSG00000109814",15,4,1,15,"UGDH","UGDH","UGDH: 
UDP-glucose 6-dehydrogenase [Source:HGNC Symbol;Acc:12525]","UGDH","t_2h",0.00764694257157597,-0.521805438288955,4,5,0.00764694257157633,-0.521805438288955
"70","ENSG00000115541",2,1,0,2,"HSPE1","HSPE1","HSPE1: 
heat shock 10kDa protein 1 [Source:HGNC Symbol;Acc:5269]","HSPE1","t_2h",-0.386437802786573,0.109405384230378,4,4,-0.386437802786572,0.109405384230378
"71","ENSG00000122565",8,4,0,8,"CBX3","CBX3","CBX3: 
chromobox homolog 3 [Source:HGNC Symbol;Acc:1553]","CBX3","t_2h",1.62742075494328,0.983665550667089,4,4,1.62742075494328,0.983665550667089
"72","ENSG00000129559",5,3,0,5,"NEDD8","NEDD8","NEDD8: 
neural precursor cell expressed, developmentally down-regulated 8 [Source:HGNC Symbol;Acc:7732]","NEDD8","t_2h",0.81251297447535,1.6623570977043,4,4,0.812512974475351,1.6623570977043
"73","ENSG00000130635",9,1,1,9,"COL5A1","COL5A1","COL5A1: 
collagen, type V, alpha 1 [Source:HGNC Symbol;Acc:2209]","COL5A1","t_2h",0.251865953049095,0.788140446878582,4,5,0.251865953049094,0.788140446878582
"74","ENSG00000131238",10,1,1,10,"PPT1","PPT1","PPT1: 
palmitoyl-protein thioesterase 1 [Source:HGNC Symbol;Acc:9325]","PPT1","t_2h",0.266748947349839,1.16648102455701,4,5,0.266748947349839,1.16648102455701
"75","ENSG00000138107",16,4,1,16,"ACTR1A","ACTR1A","ACTR1A: 
ARP1 actin-related protein 1 homolog A, centractin alpha (yeast) [Source:HGNC Symbol;Acc:167]","ACTR1A","t_2h",0.602857676750363,1.06991734771577,4,5,0.602857676750363,1.06991734771577
"76","ENSG00000143401",3,2,0,3,"ANP32E","ANP32E","ANP32E: 
acidic (leucine-rich) nuclear phosphoprotein 32 family, member E [Source:HGNC Symbol;Acc:16673]","ANP32E","t_2h",0.920596368219091,0.53628049516876,4,4,0.920596368219091,0.53628049516876
"77","ENSG00000143870",19,2,2,19,"PDIA6","PDIA6","PDIA6: 
protein disulfide isomerase family A, member 6 [Source:HGNC Symbol;Acc:30168]","PDIA6","t_2h",-0.534494186985344,-0.525199773598126,4,6,-0.534494186985344,-0.525199773598126
"78","ENSG00000158710",12,2,1,12,"TAGLN2","TAGLN2","TAGLN2: 
transgelin 2 [Source:HGNC Symbol;Acc:11554]","TAGLN2","t_2h",0.935156472802767,1.18810900716621,4,5,0.935156472802767,1.18810900716621
"79","ENSG00000163002",17,7,1,17,"NUP35","NUP35","NUP35: 
nucleoporin 35kDa [Source:HGNC Symbol;Acc:29797]","NUP35","t_2h",0.898082240330438,1.23311702320844,4,5,0.898082240330438,1.23311702320844
"80","ENSG00000166598",20,2,2,20,"HSP90B1","HSP90B1","HSP90B1: 
heat shock protein 90kDa beta (Grp94), member 1 [Source:HGNC Symbol;Acc:12028]","HSP90B1","t_2h",-0.561153523274233,-0.495762752173497,4,6,-0.561153523274233,-0.495762752173497
"81","ENSG00000167004",21,2,2,21,"PDIA3","PDIA3","PDIA3: 
protein disulfide isomerase family A, member 3 [Source:HGNC Symbol;Acc:4606]","PDIA3","t_2h",-0.558493495335793,-0.102301565622755,4,6,-0.558493495335793,-0.102301565622755
"82","ENSG00000170759",4,2,0,4,"KIF5B","KIF5B","KIF5B: 
kinesin family member 5B [Source:HGNC Symbol;Acc:6324]","KIF5B","t_2h",1.05363328637069,0.992507832108137,4,4,1.05363328637069,0.992507832108136
"83","ENSG00000189159",6,3,0,6,"HN1","HN1","HN1: 
hematological and neurological expressed 1 [Source:HGNC Symbol;Acc:14569]","HN1","t_2h",0.861187332246665,1.00815728803785,4,4,0.861187332246665,1.00815728803785
"84","ENSG00000197747",18,7,1,18,"S100A10","S100A10","S100A10: 
S100 calcium binding protein A10 [Source:HGNC Symbol;Acc:10487]","S100A10","t_2h",0.902229197468264,0.0991827989603905,4,5,0.902229197468263,0.0991827989603904
"85","ENSG00000075624",11,2,1,11,"ACTB","ACTB","ACTB: 
actin, beta [Source:HGNC Symbol;Acc:132]","ACTB","t_8h",2.04085569278849,-0.718231032672228,5,6,2.04085569278849,-0.718231032672229
"86","ENSG00000077809",13,3,1,13,"GTF2I","GTF2I","GTF2I: 
general transcription factor IIi [Source:HGNC Symbol;Acc:4659]","GTF2I","t_8h",0.63077286968201,-0.811917332365066,5,6,0.63077286968201,-0.811917332365066
"87","ENSG00000089159",7,4,0,7,"PXN","PXN","PXN: 
paxillin [Source:HGNC Symbol;Acc:9718]","PXN","t_8h",-0.096671307181342,-1.96350437300786,5,5,-0.0966713071813421,-1.96350437300786
"88","ENSG00000101972",14,3,1,14,"STAG2","STAG2","STAG2: 
stromal antigen 2 [Source:HGNC Symbol;Acc:11355]","STAG2","t_8h",0.377687509828909,-1.45625604535667,5,6,0.37768750982891,-1.45625604535667
"89","ENSG00000104823",1,1,0,1,"ECH1","ECH1","ECH1: 
enoyl CoA hydratase 1, peroxisomal [Source:HGNC Symbol;Acc:3149]","ECH1","t_8h",-0.310827651564261,-0.916846923842024,5,5,-0.310827651564261,-0.916846923842024
"90","ENSG00000109814",15,4,1,15,"UGDH","UGDH","UGDH: 
UDP-glucose 6-dehydrogenase [Source:HGNC Symbol;Acc:12525]","UGDH","t_8h",-1.21034867420008,-0.0040009131229403,5,6,-1.21034867420008,-0.00400091312294034
"91","ENSG00000115541",2,1,0,2,"HSPE1","HSPE1","HSPE1: 
heat shock 10kDa protein 1 [Source:HGNC Symbol;Acc:5269]","HSPE1","t_8h",-0.187951685281662,-1.78953288686971,5,5,-0.187951685281662,-1.78953288686971
"92","ENSG00000122565",8,4,0,8,"CBX3","CBX3","CBX3: 
chromobox homolog 3 [Source:HGNC Symbol;Acc:1553]","CBX3","t_8h",-0.160673967242675,-1.64328494352325,5,5,-0.160673967242675,-1.64328494352326
"93","ENSG00000129559",5,3,0,5,"NEDD8","NEDD8","NEDD8: 
neural precursor cell expressed, developmentally down-regulated 8 [Source:HGNC Symbol;Acc:7732]","NEDD8","t_8h",-0.353720581214851,-0.125998873242902,5,5,-0.353720581214851,-0.125998873242902
"94","ENSG00000130635",9,1,1,9,"COL5A1","COL5A1","COL5A1: 
collagen, type V, alpha 1 [Source:HGNC Symbol;Acc:2209]","COL5A1","t_8h",-0.293865661688572,-1.16928226093995,5,6,-0.293865661688572,-1.16928226093995
"95","ENSG00000131238",10,1,1,10,"PPT1","PPT1","PPT1: 
palmitoyl-protein thioesterase 1 [Source:HGNC Symbol;Acc:9325]","PPT1","t_8h",-0.287501689445934,-1.71595249633469,5,6,-0.287501689445934,-1.71595249633469
"96","ENSG00000138107",16,4,1,16,"ACTR1A","ACTR1A","ACTR1A: 
ARP1 actin-related protein 1 homolog A, centractin alpha (yeast) [Source:HGNC Symbol;Acc:167]","ACTR1A","t_8h",0.478751622263295,0.447296713965611,5,6,0.478751622263295,0.447296713965611
"97","ENSG00000143401",3,2,0,3,"ANP32E","ANP32E","ANP32E: 
acidic (leucine-rich) nuclear phosphoprotein 32 family, member E [Source:HGNC Symbol;Acc:16673]","ANP32E","t_8h",-0.442295296155294,-1.07085873960907,5,5,-0.442295296155294,-1.07085873960907
"98","ENSG00000143870",19,2,2,19,"PDIA6","PDIA6","PDIA6: 
protein disulfide isomerase family A, member 6 [Source:HGNC Symbol;Acc:30168]","PDIA6","t_8h",-0.471457265327511,0.131604960489766,5,7,-0.471457265327511,0.131604960489766
"99","ENSG00000158710",12,2,1,12,"TAGLN2","TAGLN2","TAGLN2: 
transgelin 2 [Source:HGNC Symbol;Acc:11554]","TAGLN2","t_8h",0.758884827976279,-0.463075292573544,5,6,0.758884827976279,-0.463075292573544
"100","ENSG00000163002",17,7,1,17,"NUP35","NUP35","NUP35: 
nucleoporin 35kDa [Source:HGNC Symbol;Acc:29797]","NUP35","t_8h",0.905230990694496,-1.80852251778559,5,6,0.905230990694496,-1.80852251778559
"101","ENSG00000166598",20,2,2,20,"HSP90B1","HSP90B1","HSP90B1: 
heat shock protein 90kDa beta (Grp94), member 1 [Source:HGNC Symbol;Acc:12028]","HSP90B1","t_8h",-0.504677448121681,0.0729626563197502,5,7,-0.504677448121681,0.0729626563197503
"102","ENSG00000167004",21,2,2,21,"PDIA3","PDIA3","PDIA3: 
protein disulfide isomerase family A, member 3 [Source:HGNC Symbol;Acc:4606]","PDIA3","t_8h",-0.419663124945572,0.330267672233805,5,7,-0.419663124945572,0.330267672233805
"103","ENSG00000170759",4,2,0,4,"KIF5B","KIF5B","KIF5B: 
kinesin family member 5B [Source:HGNC Symbol;Acc:6324]","KIF5B","t_8h",0.126543169253104,-0.8601372617112,5,5,0.126543169253104,-0.860137261711201
"104","ENSG00000189159",6,3,0,6,"HN1","HN1","HN1: 
hematological and neurological expressed 1 [Source:HGNC Symbol;Acc:14569]","HN1","t_8h",-0.571005770110629,-0.364514123196129,5,5,-0.571005770110629,-0.364514123196129
"105","ENSG00000197747",18,7,1,18,"S100A10","S100A10","S100A10: 
S100 calcium binding protein A10 [Source:HGNC Symbol;Acc:10487]","S100A10","t_8h",1.74518450636921,-1.76733716493367,5,6,1.7451845063692,-1.76733716493367
"106","ENSG00000075624",11,2,1,11,"ACTB","ACTB","ACTB: 
actin, beta [Source:HGNC Symbol;Acc:132]","ACTB","t_16h",0.703418926473736,-0.799741011000808,6,7,0.703418926473735,-0.799741011000808
"107","ENSG00000077809",13,3,1,13,"GTF2I","GTF2I","GTF2I: 
general transcription factor IIi [Source:HGNC Symbol;Acc:4659]","GTF2I","t_16h",-0.487641371077936,0.184761242366568,6,7,-0.487641371077936,0.184761242366568
"108","ENSG00000089159",7,4,0,7,"PXN","PXN","PXN: 
paxillin [Source:HGNC Symbol;Acc:9718]","PXN","t_16h",-0.647601389091385,-0.765986213743168,6,6,-0.647601389091385,-0.765986213743168
"109","ENSG00000101972",14,3,1,14,"STAG2","STAG2","STAG2: 
stromal antigen 2 [Source:HGNC Symbol;Acc:11355]","STAG2","t_16h",-0.676267486223309,-0.647651999552442,6,7,-0.676267486223309,-0.647651999552442
"110","ENSG00000104823",1,1,0,1,"ECH1","ECH1","ECH1: 
enoyl CoA hydratase 1, peroxisomal [Source:HGNC Symbol;Acc:3149]","ECH1","t_16h",0.279660184064845,-0.404880239788357,6,6,0.279660184064845,-0.404880239788357
"111","ENSG00000109814",15,4,1,15,"UGDH","UGDH","UGDH: 
UDP-glucose 6-dehydrogenase [Source:HGNC Symbol;Acc:12525]","UGDH","t_16h",-0.493201288862576,0.562615111352912,6,7,-0.493201288862576,0.562615111352912
"112","ENSG00000115541",2,1,0,2,"HSPE1","HSPE1","HSPE1: 
heat shock 10kDa protein 1 [Source:HGNC Symbol;Acc:5269]","HSPE1","t_16h",0.255638568655248,-1.16868168080974,6,6,0.255638568655248,-1.16868168080974
"113","ENSG00000122565",8,4,0,8,"CBX3","CBX3","CBX3: 
chromobox homolog 3 [Source:HGNC Symbol;Acc:1553]","CBX3","t_16h",-0.492477645928242,-1.36589027417638,6,6,-0.492477645928242,-1.36589027417638
"114","ENSG00000129559",5,3,0,5,"NEDD8","NEDD8","NEDD8: 
neural precursor cell expressed, developmentally down-regulated 8 [Source:HGNC Symbol;Acc:7732]","NEDD8","t_16h",-0.726495195886387,-0.808084461905468,6,6,-0.726495195886387,-0.808084461905468
"115","ENSG00000130635",9,1,1,9,"COL5A1","COL5A1","COL5A1: 
collagen, type V, alpha 1 [Source:HGNC Symbol;Acc:2209]","COL5A1","t_16h",-0.960259345254518,-0.980873304935976,6,7,-0.960259345254518,-0.980873304935976
"116","ENSG00000131238",10,1,1,10,"PPT1","PPT1","PPT1: 
palmitoyl-protein thioesterase 1 [Source:HGNC Symbol;Acc:9325]","PPT1","t_16h",-0.932340442687222,-1.21874746031751,6,7,-0.932340442687222,-1.21874746031751
"117","ENSG00000138107",16,4,1,16,"ACTR1A","ACTR1A","ACTR1A: 
ARP1 actin-related protein 1 homolog A, centractin alpha (yeast) [Source:HGNC Symbol;Acc:167]","ACTR1A","t_16h",-0.371685687162662,-0.880224335304484,6,7,-0.371685687162662,-0.880224335304483
"118","ENSG00000143401",3,2,0,3,"ANP32E","ANP32E","ANP32E: 
acidic (leucine-rich) nuclear phosphoprotein 32 family, member E [Source:HGNC Symbol;Acc:16673]","ANP32E","t_16h",-0.849427555334286,-1.23979209752663,6,6,-0.849427555334286,-1.23979209752663
"119","ENSG00000143870",19,2,2,19,"PDIA6","PDIA6","PDIA6: 
protein disulfide isomerase family A, member 6 [Source:HGNC Symbol;Acc:30168]","PDIA6","t_16h",0.0987199132242314,1.12762483603736,6,8,0.0987199132242315,1.12762483603736
"120","ENSG00000158710",12,2,1,12,"TAGLN2","TAGLN2","TAGLN2: 
transgelin 2 [Source:HGNC Symbol;Acc:11554]","TAGLN2","t_16h",-0.166625414712097,-1.06685330944384,6,7,-0.166625414712097,-1.06685330944384
"121","ENSG00000163002",17,7,1,17,"NUP35","NUP35","NUP35: 
nucleoporin 35kDa [Source:HGNC Symbol;Acc:29797]","NUP35","t_16h",-0.618860793835904,-0.833434881482623,6,7,-0.618860793835904,-0.833434881482624
"122","ENSG00000166598",20,2,2,20,"HSP90B1","HSP90B1","HSP90B1: 
heat shock protein 90kDa beta (Grp94), member 1 [Source:HGNC Symbol;Acc:12028]","HSP90B1","t_16h",-0.0326050153265875,1.22025262439862,6,8,-0.0326050153265875,1.22025262439862
"123","ENSG00000167004",21,2,2,21,"PDIA3","PDIA3","PDIA3: 
protein disulfide isomerase family A, member 3 [Source:HGNC Symbol;Acc:4606]","PDIA3","t_16h",0.152879837980123,0.923324511206888,6,8,0.152879837980123,0.923324511206888
"124","ENSG00000170759",4,2,0,4,"KIF5B","KIF5B","KIF5B: 
kinesin family member 5B [Source:HGNC Symbol;Acc:6324]","KIF5B","t_16h",-0.55237401726064,-0.816831453874643,6,6,-0.55237401726064,-0.816831453874643
"125","ENSG00000189159",6,3,0,6,"HN1","HN1","HN1: 
hematological and neurological expressed 1 [Source:HGNC Symbol;Acc:14569]","HN1","t_16h",-0.486683435345881,-1.13521699707072,6,6,-0.486683435345881,-1.13521699707072
"126","ENSG00000197747",18,7,1,18,"S100A10","S100A10","S100A10: 
S100 calcium binding protein A10 [Source:HGNC Symbol;Acc:10487]","S100A10","t_16h",-0.542936342823475,-1.18286562632737,6,7,-0.542936342823475,-1.18286562632737
"127","ENSG00000075624",11,2,1,11,"ACTB","ACTB","ACTB: 
actin, beta [Source:HGNC Symbol;Acc:132]","ACTB","t_24h",-0.548161511464885,-1.01211654645713,7,8,-0.548161511464885,-1.01211654645713
"128","ENSG00000077809",13,3,1,13,"GTF2I","GTF2I","GTF2I: 
general transcription factor IIi [Source:HGNC Symbol;Acc:4659]","GTF2I","t_24h",-1.22429066835736,1.10829171942913,7,8,-1.22429066835736,1.10829171942913
"129","ENSG00000089159",7,4,0,7,"PXN","PXN","PXN: 
paxillin [Source:HGNC Symbol;Acc:9718]","PXN","t_24h",-1.10051776292526,0.386023251170298,7,7,-1.10051776292526,0.386023251170298
"130","ENSG00000101972",14,3,1,14,"STAG2","STAG2","STAG2: 
stromal antigen 2 [Source:HGNC Symbol;Acc:11355]","STAG2","t_24h",-1.18850159880338,0.628675270528257,7,8,-1.18850159880338,0.628675270528257
"131","ENSG00000104823",1,1,0,1,"ECH1","ECH1","ECH1: 
enoyl CoA hydratase 1, peroxisomal [Source:HGNC Symbol;Acc:3149]","ECH1","t_24h",1.06795443375337,0.800985935929883,7,7,1.06795443375337,0.800985935929884
"132","ENSG00000109814",15,4,1,15,"UGDH","UGDH","UGDH: 
UDP-glucose 6-dehydrogenase [Source:HGNC Symbol;Acc:12525]","UGDH","t_24h",0.826467201787297,1.13014789521676,7,8,0.826467201787298,1.13014789521676
"133","ENSG00000115541",2,1,0,2,"HSPE1","HSPE1","HSPE1: 
heat shock 10kDa protein 1 [Source:HGNC Symbol;Acc:5269]","HSPE1","t_24h",1.07530302906539,-0.161629159601078,7,7,1.07530302906539,-0.161629159601078
"134","ENSG00000122565",8,4,0,8,"CBX3","CBX3","CBX3: 
chromobox homolog 3 [Source:HGNC Symbol;Acc:1553]","CBX3","t_24h",-1.05775439557875,-0.272532714845902,7,7,-1.05775439557875,-0.272532714845902
"135","ENSG00000129559",5,3,0,5,"NEDD8","NEDD8","NEDD8: 
neural precursor cell expressed, developmentally down-regulated 8 [Source:HGNC Symbol;Acc:7732]","NEDD8","t_24h",-1.11485183134249,-1.05018840934859,7,7,-1.11485183134249,-1.05018840934859
"136","ENSG00000130635",9,1,1,9,"COL5A1","COL5A1","COL5A1: 
collagen, type V, alpha 1 [Source:HGNC Symbol;Acc:2209]","COL5A1","t_24h",-1.06358738410531,-0.831750828548898,7,8,-1.06358738410531,-0.831750828548898
"137","ENSG00000131238",10,1,1,10,"PPT1","PPT1","PPT1: 
palmitoyl-protein thioesterase 1 [Source:HGNC Symbol;Acc:9325]","PPT1","t_24h",-1.06846369382665,-0.242617476509491,7,8,-1.06846369382665,-0.24261747650949
"138","ENSG00000138107",16,4,1,16,"ACTR1A","ACTR1A","ACTR1A: 
ARP1 actin-related protein 1 homolog A, centractin alpha (yeast) [Source:HGNC Symbol;Acc:167]","ACTR1A","t_24h",-1.23499032386453,-1.22138148173499,7,8,-1.23499032386453,-1.22138148173499
"139","ENSG00000143401",3,2,0,3,"ANP32E","ANP32E","ANP32E: 
acidic (leucine-rich) nuclear phosphoprotein 32 family, member E [Source:HGNC Symbol;Acc:16673]","ANP32E","t_24h",-1.09845805827103,-0.780917909834589,7,7,-1.09845805827103,-0.780917909834589
"140","ENSG00000143870",19,2,2,19,"PDIA6","PDIA6","PDIA6: 
protein disulfide isomerase family A, member 6 [Source:HGNC Symbol;Acc:30168]","PDIA6","t_24h",1.03343013484501,1.16928611433947,7,9,1.03343013484501,1.16928611433947
"141","ENSG00000158710",12,2,1,12,"TAGLN2","TAGLN2","TAGLN2: 
transgelin 2 [Source:HGNC Symbol;Acc:11554]","TAGLN2","t_24h",-1.17526491199252,-1.06169615359899,7,8,-1.17526491199252,-1.06169615359899
"142","ENSG00000163002",17,7,1,17,"NUP35","NUP35","NUP35: 
nucleoporin 35kDa [Source:HGNC Symbol;Acc:29797]","NUP35","t_24h",-1.28745717899155,0.233967179072943,7,8,-1.28745717899155,0.233967179072942
"143","ENSG00000166598",20,2,2,20,"HSP90B1","HSP90B1","HSP90B1: 
heat shock protein 90kDa beta (Grp94), member 1 [Source:HGNC Symbol;Acc:12028]","HSP90B1","t_24h",0.904050184462191,1.17396902329393,7,9,0.904050184462191,1.17396902329393
"144","ENSG00000167004",21,2,2,21,"PDIA3","PDIA3","PDIA3: 
protein disulfide isomerase family A, member 3 [Source:HGNC Symbol;Acc:4606]","PDIA3","t_24h",1.05323386983687,1.04822568483745,7,9,1.05323386983687,1.04822568483745
"145","ENSG00000170759",4,2,0,4,"KIF5B","KIF5B","KIF5B: 
kinesin family member 5B [Source:HGNC Symbol;Acc:6324]","KIF5B","t_24h",-1.19781076869272,-0.956771419539289,7,7,-1.19781076869272,-0.956771419539289
"146","ENSG00000189159",6,3,0,6,"HN1","HN1","HN1: 
hematological and neurological expressed 1 [Source:HGNC Symbol;Acc:14569]","HN1","t_24h",-1.04335823086129,-1.12406939576669,7,7,-1.04335823086129,-1.12406939576669
"147","ENSG00000197747",18,7,1,18,"S100A10","S100A10","S100A10: 
S100 calcium binding protein A10 [Source:HGNC Symbol;Acc:10487]","S100A10","t_24h",-1.03924280646874,-0.19483860695057,7,8,-1.03924280646874,-0.19483860695057
"148","ENSG00000075624",11,2,1,11,"ACTB","ACTB","ACTB: 
actin, beta [Source:HGNC Symbol;Acc:132]","ACTB","t_30h",-1.36196196928743,-1.17680898598653,8,9,-1.36196196928743,-1.17680898598653
"149","ENSG00000077809",13,3,1,13,"GTF2I","GTF2I","GTF2I: 
general transcription factor IIi [Source:HGNC Symbol;Acc:4659]","GTF2I","t_30h",-1.66927943526928,1.86866190017841,8,9,-1.66927943526928,1.86866190017841
"150","ENSG00000089159",7,4,0,7,"PXN","PXN","PXN: 
paxillin [Source:HGNC Symbol;Acc:9718]","PXN","t_30h",-1.33862196858538,1.35518544165192,8,8,-1.33862196858538,1.35518544165192
"151","ENSG00000101972",14,3,1,14,"STAG2","STAG2","STAG2: 
stromal antigen 2 [Source:HGNC Symbol;Acc:11355]","STAG2","t_30h",-1.43200839220765,1.98456057099605,8,9,-1.43200839220765,1.98456057099605
"152","ENSG00000104823",1,1,0,1,"ECH1","ECH1","ECH1: 
enoyl CoA hydratase 1, peroxisomal [Source:HGNC Symbol;Acc:3149]","ECH1","t_30h",1.83914487503706,2.05111705391362,8,8,1.83914487503706,2.05111705391362
"153","ENSG00000109814",15,4,1,15,"UGDH","UGDH","UGDH: 
UDP-glucose 6-dehydrogenase [Source:HGNC Symbol;Acc:12525]","UGDH","t_30h",2.03173744135319,1.59881397867761,8,9,2.03173744135319,1.59881397867761
"154","ENSG00000115541",2,1,0,2,"HSPE1","HSPE1","HSPE1: 
heat shock 10kDa protein 1 [Source:HGNC Symbol;Acc:5269]","HSPE1","t_30h",1.82477481134786,0.925434179024711,8,8,1.82477481134786,0.925434179024711
"155","ENSG00000122565",8,4,0,8,"CBX3","CBX3","CBX3: 
chromobox homolog 3 [Source:HGNC Symbol;Acc:1553]","CBX3","t_30h",-1.40765908203121,0.731381620963299,8,8,-1.40765908203121,0.731381620963299
"156","ENSG00000129559",5,3,0,5,"NEDD8","NEDD8","NEDD8: 
neural precursor cell expressed, developmentally down-regulated 8 [Source:HGNC Symbol;Acc:7732]","NEDD8","t_30h",-1.37850074315205,-1.19765504535587,8,8,-1.37850074315205,-1.19765504535587
"157","ENSG00000130635",9,1,1,9,"COL5A1","COL5A1","COL5A1: 
collagen, type V, alpha 1 [Source:HGNC Symbol;Acc:2209]","COL5A1","t_30h",-1.11474784150098,-0.720476341475761,8,9,-1.11474784150098,-0.720476341475761
"158","ENSG00000131238",10,1,1,10,"PPT1","PPT1","PPT1: 
palmitoyl-protein thioesterase 1 [Source:HGNC Symbol;Acc:9325]","PPT1","t_30h",-1.14441961700013,0.674171652133913,8,9,-1.14441961700013,0.674171652133913
"159","ENSG00000138107",16,4,1,16,"ACTR1A","ACTR1A","ACTR1A: 
ARP1 actin-related protein 1 homolog A, centractin alpha (yeast) [Source:HGNC Symbol;Acc:167]","ACTR1A","t_30h",-1.73981068231784,-1.4197219120583,8,9,-1.73981068231784,-1.4197219120583
"160","ENSG00000143401",3,2,0,3,"ANP32E","ANP32E","ANP32E: 
acidic (leucine-rich) nuclear phosphoprotein 32 family, member E [Source:HGNC Symbol;Acc:16673]","ANP32E","t_30h",-1.25019702344731,-0.500343022364471,8,8,-1.25019702344731,-0.500343022364471
"161","ENSG00000143870",19,2,2,19,"PDIA6","PDIA6","PDIA6: 
protein disulfide isomerase family A, member 6 [Source:HGNC Symbol;Acc:30168]","PDIA6","t_30h",1.98175127292231,1.0555994925663,8,10,1.98175127292231,1.0555994925663
"162","ENSG00000158710",12,2,1,12,"TAGLN2","TAGLN2","TAGLN2: 
transgelin 2 [Source:HGNC Symbol;Acc:11554]","TAGLN2","t_30h",-1.83500930678417,-1.04240276395811,8,9,-1.83500930678417,-1.04240276395811
"163","ENSG00000163002",17,7,1,17,"NUP35","NUP35","NUP35: 
nucleoporin 35kDa [Source:HGNC Symbol;Acc:29797]","NUP35","t_30h",-1.54911426322263,1.08482088965413,8,9,-1.54911426322263,1.08482088965412
"164","ENSG00000166598",20,2,2,20,"HSP90B1","HSP90B1","HSP90B1: 
heat shock protein 90kDa beta (Grp94), member 1 [Source:HGNC Symbol;Acc:12028]","HSP90B1","t_30h",2.09825017304978,0.9786335828386,8,10,2.09825017304978,0.9786335828386
"165","ENSG00000167004",21,2,2,21,"PDIA3","PDIA3","PDIA3: 
protein disulfide isomerase family A, member 3 [Source:HGNC Symbol;Acc:4606]","PDIA3","t_30h",1.9481159164887,1.08646753905031,8,10,1.9481159164887,1.08646753905031
"166","ENSG00000170759",4,2,0,4,"KIF5B","KIF5B","KIF5B: 
kinesin family member 5B [Source:HGNC Symbol;Acc:6324]","KIF5B","t_30h",-1.59636696957951,-1.09414014001707,8,8,-1.59636696957951,-1.09414014001707
"167","ENSG00000189159",6,3,0,6,"HN1","HN1","HN1: 
hematological and neurological expressed 1 [Source:HGNC Symbol;Acc:14569]","HN1","t_30h",-1.46942933561655,-1.00400308952911,8,8,-1.46942933561655,-1.00400308952911
"168","ENSG00000197747",18,7,1,18,"S100A10","S100A10","S100A10: 
S100 calcium binding protein A10 [Source:HGNC Symbol;Acc:10487]","S100A10","t_30h",-1.26722793072968,0.773807599117416,8,9,-1.26722793072968,0.773807599117416
