"","X","id","edges","delay","X.1","accession","external_gene_name.1","description","external_gene_name.y"
"1",1,"ENSG00000104823",1,0,1,"ECH1","ECH1","ECH1: 
enoyl CoA hydratase 1, peroxisomal [Source:HGNC Symbol;Acc:3149]","ECH1"
"2",2,"ENSG00000115541",1,0,2,"HSPE1","HSPE1","HSPE1: 
heat shock 10kDa protein 1 [Source:HGNC Symbol;Acc:5269]","HSPE1"
"3",3,"ENSG00000143401",2,0,3,"ANP32E","ANP32E","ANP32E: 
acidic (leucine-rich) nuclear phosphoprotein 32 family, member E [Source:HGNC Symbol;Acc:16673]","ANP32E"
"4",4,"ENSG00000170759",2,0,4,"KIF5B","KIF5B","KIF5B: 
kinesin family member 5B [Source:HGNC Symbol;Acc:6324]","KIF5B"
"5",5,"ENSG00000129559",3,0,5,"NEDD8","NEDD8","NEDD8: 
neural precursor cell expressed, developmentally down-regulated 8 [Source:HGNC Symbol;Acc:7732]","NEDD8"
"6",6,"ENSG00000189159",3,0,6,"HN1","HN1","HN1: 
hematological and neurological expressed 1 [Source:HGNC Symbol;Acc:14569]","HN1"
"7",7,"ENSG00000089159",4,0,7,"PXN","PXN","PXN: 
paxillin [Source:HGNC Symbol;Acc:9718]","PXN"
"8",8,"ENSG00000122565",4,0,8,"CBX3","CBX3","CBX3: 
chromobox homolog 3 [Source:HGNC Symbol;Acc:1553]","CBX3"
"9",9,"ENSG00000130635",1,1,9,"COL5A1","COL5A1","COL5A1: 
collagen, type V, alpha 1 [Source:HGNC Symbol;Acc:2209]","COL5A1"
"10",10,"ENSG00000131238",1,1,10,"PPT1","PPT1","PPT1: 
palmitoyl-protein thioesterase 1 [Source:HGNC Symbol;Acc:9325]","PPT1"
"11",11,"ENSG00000075624",2,1,11,"ACTB","ACTB","ACTB: 
actin, beta [Source:HGNC Symbol;Acc:132]","ACTB"
"12",12,"ENSG00000158710",2,1,12,"TAGLN2","TAGLN2","TAGLN2: 
transgelin 2 [Source:HGNC Symbol;Acc:11554]","TAGLN2"
"13",13,"ENSG00000077809",3,1,13,"GTF2I","GTF2I","GTF2I: 
general transcription factor IIi [Source:HGNC Symbol;Acc:4659]","GTF2I"
"14",14,"ENSG00000101972",3,1,14,"STAG2","STAG2","STAG2: 
stromal antigen 2 [Source:HGNC Symbol;Acc:11355]","STAG2"
"15",15,"ENSG00000109814",4,1,15,"UGDH","UGDH","UGDH: 
UDP-glucose 6-dehydrogenase [Source:HGNC Symbol;Acc:12525]","UGDH"
"16",16,"ENSG00000138107",4,1,16,"ACTR1A","ACTR1A","ACTR1A: 
ARP1 actin-related protein 1 homolog A, centractin alpha (yeast) [Source:HGNC Symbol;Acc:167]","ACTR1A"
"17",17,"ENSG00000163002",7,1,17,"NUP35","NUP35","NUP35: 
nucleoporin 35kDa [Source:HGNC Symbol;Acc:29797]","NUP35"
"18",18,"ENSG00000197747",7,1,18,"S100A10","S100A10","S100A10: 
S100 calcium binding protein A10 [Source:HGNC Symbol;Acc:10487]","S100A10"
"19",19,"ENSG00000143870",2,2,19,"PDIA6","PDIA6","PDIA6: 
protein disulfide isomerase family A, member 6 [Source:HGNC Symbol;Acc:30168]","PDIA6"
"20",20,"ENSG00000166598",2,2,20,"HSP90B1","HSP90B1","HSP90B1: 
heat shock protein 90kDa beta (Grp94), member 1 [Source:HGNC Symbol;Acc:12028]","HSP90B1"
"21",21,"ENSG00000167004",2,2,21,"PDIA3","PDIA3","PDIA3: 
protein disulfide isomerase family A, member 3 [Source:HGNC Symbol;Acc:4606]","PDIA3"
