"","X","id","edges","delay","X.1","accession","external_gene_name.1","description","external_gene_name.y"
"1",1,"ENSG00000131238",1,0,1,"PPT1","PPT1","PPT1: 
palmitoyl-protein thioesterase 1 [Source:HGNC Symbol;Acc:9325]","PPT1"
"2",2,"ENSG00000168542",1,0,2,"COL3A1","COL3A1","COL3A1: 
collagen, type III, alpha 1 [Source:HGNC Symbol;Acc:2201]","COL3A1"
"3",3,"ENSG00000140416",2,0,3,"TPM1","TPM1","TPM1: 
tropomyosin 1 (alpha) [Source:HGNC Symbol;Acc:12010]","TPM1"
"4",4,"ENSG00000149480",2,0,4,"MTA2","MTA2","MTA2: 
metastasis associated 1 family, member 2 [Source:HGNC Symbol;Acc:7411]","MTA2"
"5",5,"ENSG00000138107",3,0,5,"ACTR1A","ACTR1A","ACTR1A: 
ARP1 actin-related protein 1 homolog A, centractin alpha (yeast) [Source:HGNC Symbol;Acc:167]","ACTR1A"
"6",6,"ENSG00000143870",3,0,6,"PDIA6","PDIA6","PDIA6: 
protein disulfide isomerase family A, member 6 [Source:HGNC Symbol;Acc:30168]","PDIA6"
"7",7,"ENSG00000124635",21,0,7,"HIST1H2BJ","HIST1H2BJ","HIST1H2BJ: 
histone cluster 1, H2bj [Source:HGNC Symbol;Acc:4761]","HIST1H2BJ"
"8",8,"ENSG00000136937",21,0,8,"NCBP1","NCBP1","NCBP1: 
nuclear cap binding protein subunit 1, 80kDa [Source:HGNC Symbol;Acc:7658]","NCBP1"
"9",9,"ENSG00000150995",21,0,9,"ITPR1","ITPR1","ITPR1: 
inositol 1,4,5-trisphosphate receptor, type 1 [Source:HGNC Symbol;Acc:6180]","ITPR1"
"10",10,"ENSG00000173692",21,0,10,"PSMD1","PSMD1","PSMD1: 
proteasome (prosome, macropain) 26S subunit, non-ATPase, 1 [Source:HGNC Symbol;Acc:9554]","PSMD1"
"11",11,"ENSG00000077809",1,2,11,"GTF2I","GTF2I","GTF2I: 
general transcription factor IIi [Source:HGNC Symbol;Acc:4659]","GTF2I"
"12",12,"ENSG00000100983",1,2,12,"GSS","GSS","GSS: 
glutathione synthetase [Source:HGNC Symbol;Acc:4624]","GSS"
"13",13,"ENSG00000089159",3,2,13,"PXN","PXN","PXN: 
paxillin [Source:HGNC Symbol;Acc:9718]","PXN"
"14",14,"ENSG00000130635",3,2,14,"COL5A1","COL5A1","COL5A1: 
collagen, type V, alpha 1 [Source:HGNC Symbol;Acc:2209]","COL5A1"
"15",15,"ENSG00000198898",3,2,15,"CAPZA2","CAPZA2","CAPZA2: 
capping protein (actin filament) muscle Z-line, alpha 2 [Source:HGNC Symbol;Acc:1490]","CAPZA2"
