"","X.x","id","edges.x","delay.x","accession.x","description.x","q_value.x","rho.x","analysis_res.x","X.y","edges.y","delay.y","accession.y","description.y","q_value.y","rho.y","analysis_res.y"
"1",1,"ENSG00000104823",1,0,"ECH1","ECH1:
 
enoyl CoA hydratase 1, peroxisomal 
[Source:HGNC Symbol;Acc:3149]",0.9024,0.06,"0.06
[0.9024]",,,,,,,,
"2",2,"ENSG00000115541",1,0,"HSPE1","HSPE1:
 
heat shock 10kDa protein 1 
[Source:HGNC Symbol;Acc:5269]",0.9024,0.06,"0.06
[0.9024]",,,,,,,,
"3",3,"ENSG00000143401",2,0,"ANP32E","ANP32E:
 
acidic (leucine-rich) nuclear phosphoprotein 32 family, member E 
[Source:HGNC Symbol;Acc:16673]",0.0043,0.78,"0.78
[0.0043]",,,,,,,,
"4",4,"ENSG00000170759",2,0,"KIF5B","KIF5B:
 
kinesin family member 5B 
[Source:HGNC Symbol;Acc:6324]",0.0043,0.78,"0.78
[0.0043]",,,,,,,,
"5",5,"ENSG00000129559",3,0,"NEDD8","NEDD8:
 
neural precursor cell expressed, developmentally down-regulated 8 
[Source:HGNC Symbol;Acc:7732]",0.0187,0.69,"0.69
[0.0187]",,,,,,,,
"6",6,"ENSG00000189159",3,0,"HN1","HN1:
 
hematological and neurological expressed 1 
[Source:HGNC Symbol;Acc:14569]",0.0187,0.69,"0.69
[0.0187]",,,,,,,,
"7",7,"ENSG00000089159",4,0,"PXN","PXN:
 
paxillin 
[Source:HGNC Symbol;Acc:9718]",0.0138,0.16,"0.16
[0.0138]",13,3,2,"PXN","PXN:
 
paxillin 
[Source:HGNC Symbol;Acc:9718]",1e-04,0.9,"0.9
[0.0001]"
"8",8,"ENSG00000122565",4,0,"CBX3","CBX3:
 
chromobox homolog 3 
[Source:HGNC Symbol;Acc:1553]",0.0138,0.16,"0.16
[0.0138]",,,,,,,,
"9",9,"ENSG00000130635",1,1,"COL5A1","COL5A1:
 
collagen, type V, alpha 1 
[Source:HGNC Symbol;Acc:2209]",0.0157,0.65,"0.65
[0.0157]",14,3,2,"COL5A1","COL5A1:
 
collagen, type V, alpha 1 
[Source:HGNC Symbol;Acc:2209]",1e-04,0.9,"0.9
[0.0001]"
"10",10,"ENSG00000131238",1,1,"PPT1","PPT1:
 
palmitoyl-protein thioesterase 1 
[Source:HGNC Symbol;Acc:9325]",0.0157,0.65,"0.65
[0.0157]",1,1,0,"PPT1","PPT1:
 
palmitoyl-protein thioesterase 1 
[Source:HGNC Symbol;Acc:9325]",4e-04,0.67,"0.67
[0.0004]"
"11",11,"ENSG00000075624",2,1,"ACTB","ACTB:
 
actin, beta 
[Source:HGNC Symbol;Acc:132]",0.0131,0.65,"0.65
[0.0131]",,,,,,,,
"12",12,"ENSG00000158710",2,1,"TAGLN2","TAGLN2:
 
transgelin 2 
[Source:HGNC Symbol;Acc:11554]",0.0131,0.65,"0.65
[0.0131]",,,,,,,,
"13",13,"ENSG00000077809",3,1,"GTF2I","GTF2I:
 
general transcription factor IIi 
[Source:HGNC Symbol;Acc:4659]",0.9024,-0.35,"-0.35
[0.9024]",11,1,2,"GTF2I","GTF2I:
 
general transcription factor IIi 
[Source:HGNC Symbol;Acc:4659]",0.71,-0.19,"-0.19
[0.7100]"
"14",14,"ENSG00000101972",3,1,"STAG2","STAG2:
 
stromal antigen 2 
[Source:HGNC Symbol;Acc:11355]",0.9024,-0.35,"-0.35
[0.9024]",,,,,,,,
"15",15,"ENSG00000109814",4,1,"UGDH","UGDH:
 
UDP-glucose 6-dehydrogenase 
[Source:HGNC Symbol;Acc:12525]",0.0048,0.78,"0.78
[0.0048]",,,,,,,,
"16",16,"ENSG00000138107",4,1,"ACTR1A","ACTR1A:
 
ARP1 actin-related protein 1 homolog A, centractin alpha (yeast) 
[Source:HGNC Symbol;Acc:167]",0.0048,0.78,"0.78
[0.0048]",5,3,0,"ACTR1A","ACTR1A:
 
ARP1 actin-related protein 1 homolog A, centractin alpha (yeast) 
[Source:HGNC Symbol;Acc:167]",0.0013,0.87,"0.87
[0.0013]"
"17",17,"ENSG00000163002",7,1,"NUP35","NUP35:
 
nucleoporin 35kDa 
[Source:HGNC Symbol;Acc:29797]",0.0472,0.5,"0.5
[0.0472]",,,,,,,,
"18",18,"ENSG00000197747",7,1,"S100A10","S100A10:
 
S100 calcium binding protein A10 
[Source:HGNC Symbol;Acc:10487]",0.0472,0.5,"0.5
[0.0472]",,,,,,,,
"19",19,"ENSG00000143870",2,2,"PDIA6","PDIA6:
 
protein disulfide isomerase family A, member 6 
[Source:HGNC Symbol;Acc:30168]",1e-04,0.99,"0.99
[0.0001]",6,3,0,"PDIA6","PDIA6:
 
protein disulfide isomerase family A, member 6 
[Source:HGNC Symbol;Acc:30168]",0.0013,0.87,"0.87
[0.0013]"
"20",20,"ENSG00000166598",2,2,"HSP90B1","HSP90B1:
 
heat shock protein 90kDa beta (Grp94), member 1 
[Source:HGNC Symbol;Acc:12028]",1e-04,0.99,"0.99
[0.0001]",,,,,,,,
"21",21,"ENSG00000167004",2,2,"PDIA3","PDIA3:
 
protein disulfide isomerase family A, member 3 
[Source:HGNC Symbol;Acc:4606]",1e-04,0.99,"0.99
[0.0001]",,,,,,,,
"22",,"ENSG00000168542",,,,,,,,2,1,0,"COL3A1","COL3A1:
 
collagen, type III, alpha 1 
[Source:HGNC Symbol;Acc:2201]",4e-04,0.67,"0.67
[0.0004]"
"23",,"ENSG00000140416",,,,,,,,3,2,0,"TPM1","TPM1:
 
tropomyosin 1 (alpha) 
[Source:HGNC Symbol;Acc:12010]",1e-04,0.91,"0.91
[0.0001]"
"24",,"ENSG00000149480",,,,,,,,4,2,0,"MTA2","MTA2:
 
metastasis associated 1 family, member 2 
[Source:HGNC Symbol;Acc:7411]",1e-04,0.91,"0.91
[0.0001]"
"25",,"ENSG00000124635",,,,,,,,7,21,0,"HIST1H2BJ","HIST1H2BJ:
 
histone cluster 1, H2bj 
[Source:HGNC Symbol;Acc:4761]",1e-04,0.52,"0.52
[0.0001]"
"26",,"ENSG00000136937",,,,,,,,8,21,0,"NCBP1","NCBP1:
 
nuclear cap binding protein subunit 1, 80kDa 
[Source:HGNC Symbol;Acc:7658]",1e-04,0.52,"0.52
[0.0001]"
"27",,"ENSG00000150995",,,,,,,,9,21,0,"ITPR1","ITPR1:
 
inositol 1,4,5-trisphosphate receptor, type 1 
[Source:HGNC Symbol;Acc:6180]",1e-04,0.52,"0.52
[0.0001]"
"28",,"ENSG00000173692",,,,,,,,10,21,0,"PSMD1","PSMD1:
 
proteasome (prosome, macropain) 26S subunit, non-ATPase, 1 
[Source:HGNC Symbol;Acc:9554]",1e-04,0.52,"0.52
[0.0001]"
"29",,"ENSG00000100983",,,,,,,,12,1,2,"GSS","GSS:
 
glutathione synthetase 
[Source:HGNC Symbol;Acc:4624]",0.71,-0.19,"-0.19
[0.7100]"
"30",,"ENSG00000198898",,,,,,,,15,3,2,"CAPZA2","CAPZA2:
 
capping protein (actin filament) muscle Z-line, alpha 2 
[Source:HGNC Symbol;Acc:1490]",1e-04,0.9,"0.9
[0.0001]"
