"","id","edges","delay","accession","description","q_value","rho","analysis_res"
"1","ENSG00000103018",2,0,"CYB5B","CYB5B: 
cytochrome b5 type B (outer mitochondrial membrane) [Source:HGNC Symbol;Acc:24374]","0.9437",0.07,"0.07[0.9437]"
"2","ENSG00000104823",2,0,"ECH1","ECH1: 
enoyl CoA hydratase 1, peroxisomal [Source:HGNC Symbol;Acc:3149]","0.9437",0.07,"0.07[0.9437]"
"3","ENSG00000115541",2,0,"HSPE1","HSPE1: 
heat shock 10kDa protein 1 [Source:HGNC Symbol;Acc:5269]","0.9437",0.07,"0.07[0.9437]"
"4","ENSG00000120948",4,0,"TARDBP","TARDBP: 
TAR DNA binding protein [Source:HGNC Symbol;Acc:11571]","0.0006",0.71,"0.71[0.0006]"
"5","ENSG00000205531",4,0,"NAP1L4","NAP1L4: 
nucleosome assembly protein 1-like 4 [Source:HGNC Symbol;Acc:7640]","0.0006",0.71,"0.71[0.0006]"
"6","ENSG00000075618",5,1,"FSCN1","FSCN1: 
fascin homolog 1, actin-bundling protein (Strongylocentrotus purpuratus) [Source:HGNC Symbol;Acc:11148]","0.0008",0.52,"0.52[0.0008]"
"7","ENSG00000077809",5,1,"GTF2I","GTF2I: 
general transcription factor IIi [Source:HGNC Symbol;Acc:4659]","0.0008",0.52,"0.52[0.0008]"
"8","ENSG00000113811",5,1,"SELK","SELK: 
Selenoprotein K  [Source:UniProtKB/Swiss-Prot;Acc:Q9Y6D0]","0.0008",0.52,"0.52[0.0008]"
"9","ENSG00000115641",5,1,"FHL2","FHL2: 
four and a half LIM domains 2 [Source:HGNC Symbol;Acc:3703]","0.0008",0.52,"0.52[0.0008]"
"10","ENSG00000124942",5,1,"AHNAK","AHNAK: 
AHNAK nucleoprotein [Source:HGNC Symbol;Acc:347]","0.0008",0.52,"0.52[0.0008]"
"11","ENSG00000138107",5,1,"ACTR1A","ACTR1A: 
ARP1 actin-related protein 1 homolog A, centractin alpha (yeast) [Source:HGNC Symbol;Acc:167]","0.0008",0.52,"0.52[0.0008]"
"12","ENSG00000100883",2,2,"SRP54","SRP54: 
signal recognition particle 54kDa [Source:HGNC Symbol;Acc:11301]","0.2026",0.32,"0.32[0.2026]"
"13","ENSG00000165688",2,2,"PMPCA","PMPCA: 
peptidase (mitochondrial processing) alpha [Source:HGNC Symbol;Acc:18667]","0.2026",0.32,"0.32[0.2026]"
