"","X","id","edges","delay","X.1","accession","external_gene_name.1","description","external_gene_name.y"
"1",1,"ENSG00000103018",2,0,1,"CYB5B","CYB5B","CYB5B: 
cytochrome b5 type B (outer mitochondrial membrane) [Source:HGNC Symbol;Acc:24374]","CYB5B"
"2",2,"ENSG00000104823",2,0,2,"ECH1","ECH1","ECH1: 
enoyl CoA hydratase 1, peroxisomal [Source:HGNC Symbol;Acc:3149]","ECH1"
"3",3,"ENSG00000115541",2,0,3,"HSPE1","HSPE1","HSPE1: 
heat shock 10kDa protein 1 [Source:HGNC Symbol;Acc:5269]","HSPE1"
"4",4,"ENSG00000120948",4,0,4,"TARDBP","TARDBP","TARDBP: 
TAR DNA binding protein [Source:HGNC Symbol;Acc:11571]","TARDBP"
"5",5,"ENSG00000205531",4,0,5,"NAP1L4","NAP1L4","NAP1L4: 
nucleosome assembly protein 1-like 4 [Source:HGNC Symbol;Acc:7640]","NAP1L4"
"6",6,"ENSG00000075618",5,1,6,"FSCN1","FSCN1","FSCN1: 
fascin homolog 1, actin-bundling protein (Strongylocentrotus purpuratus) [Source:HGNC Symbol;Acc:11148]","FSCN1"
"7",7,"ENSG00000077809",5,1,7,"GTF2I","GTF2I","GTF2I: 
general transcription factor IIi [Source:HGNC Symbol;Acc:4659]","GTF2I"
"8",8,"ENSG00000113811",5,1,8,"SELK","SELK","SELK: 
Selenoprotein K  [Source:UniProtKB/Swiss-Prot;Acc:Q9Y6D0]","SELK"
"9",9,"ENSG00000115641",5,1,9,"FHL2","FHL2","FHL2: 
four and a half LIM domains 2 [Source:HGNC Symbol;Acc:3703]","FHL2"
"10",10,"ENSG00000124942",5,1,10,"AHNAK","AHNAK","AHNAK: 
AHNAK nucleoprotein [Source:HGNC Symbol;Acc:347]","AHNAK"
"11",11,"ENSG00000138107",5,1,11,"ACTR1A","ACTR1A","ACTR1A: 
ARP1 actin-related protein 1 homolog A, centractin alpha (yeast) [Source:HGNC Symbol;Acc:167]","ACTR1A"
"12",12,"ENSG00000100883",2,2,12,"SRP54","SRP54","SRP54: 
signal recognition particle 54kDa [Source:HGNC Symbol;Acc:11301]","SRP54"
"13",13,"ENSG00000165688",2,2,13,"PMPCA","PMPCA","PMPCA: 
peptidase (mitochondrial processing) alpha [Source:HGNC Symbol;Acc:18667]","PMPCA"
