"","id","X","edges","delay","X.1","accession","external_gene_name.1","description","external_gene_name.y","var","prt","trc","var.prt","var.trc","prt.norm","trc.norm"
"1","ENSG00000075618",6,5,1,6,"FSCN1","FSCN1","FSCN1: 
fascin homolog 1, actin-bundling protein (Strongylocentrotus purpuratus) [Source:HGNC Symbol;Acc:11148]","FSCN1","t_0h",1.00492411908898,1.14877007491069,1,2,1.00492411908898,1.14877007491069
"2","ENSG00000077809",7,5,1,7,"GTF2I","GTF2I","GTF2I: 
general transcription factor IIi [Source:HGNC Symbol;Acc:4659]","GTF2I","t_0h",0.942967280768056,-0.851564560093058,1,2,0.942967280768056,-0.851564560093057
"3","ENSG00000100883",12,2,2,12,"SRP54","SRP54","SRP54: 
signal recognition particle 54kDa [Source:HGNC Symbol;Acc:11301]","SRP54","t_0h",0.796633471156366,-1.26712771164621,1,3,0.796633471156365,-1.26712771164621
"4","ENSG00000103018",1,2,0,1,"CYB5B","CYB5B","CYB5B: 
cytochrome b5 type B (outer mitochondrial membrane) [Source:HGNC Symbol;Acc:24374]","CYB5B","t_0h",-1.08550692789016,0.50864488683255,1,1,-1.08550692789016,0.50864488683255
"5","ENSG00000104823",2,2,0,2,"ECH1","ECH1","ECH1: 
enoyl CoA hydratase 1, peroxisomal [Source:HGNC Symbol;Acc:3149]","ECH1","t_0h",-0.983062147743282,0.0806942167799106,1,1,-0.983062147743282,0.0806942167799108
"6","ENSG00000113811",8,5,1,8,"SELK","SELK","SELK: 
Selenoprotein K  [Source:UniProtKB/Swiss-Prot;Acc:Q9Y6D0]","SELK","t_0h",-0.971968571327864,-1.03288784956381,1,2,-0.971968571327864,-1.03288784956381
"7","ENSG00000115541",3,2,0,3,"HSPE1","HSPE1","HSPE1: 
heat shock 10kDa protein 1 [Source:HGNC Symbol;Acc:5269]","HSPE1","t_0h",-1.00555318444093,0.906788574507309,1,1,-1.00555318444093,0.906788574507309
"8","ENSG00000115641",9,5,1,9,"FHL2","FHL2","FHL2: 
four and a half LIM domains 2 [Source:HGNC Symbol;Acc:3703]","FHL2","t_0h",1.13661625186801,0.961649841161911,1,2,1.13661625186801,0.961649841161911
"9","ENSG00000120948",4,4,0,4,"TARDBP","TARDBP","TARDBP: 
TAR DNA binding protein [Source:HGNC Symbol;Acc:11571]","TARDBP","t_0h",0.992436230687669,1.07476352369564,1,1,0.992436230687669,1.07476352369564
"10","ENSG00000124942",10,5,1,10,"AHNAK","AHNAK","AHNAK: 
AHNAK nucleoprotein [Source:HGNC Symbol;Acc:347]","AHNAK","t_0h",0.239154367323751,0.607133167178004,1,2,0.239154367323751,0.607133167178004
"11","ENSG00000138107",11,5,1,11,"ACTR1A","ACTR1A","ACTR1A: 
ARP1 actin-related protein 1 homolog A, centractin alpha (yeast) [Source:HGNC Symbol;Acc:167]","ACTR1A","t_0h",0.815615717460996,0.537295691487786,1,2,0.815615717460995,0.537295691487787
"12","ENSG00000165688",13,2,2,13,"PMPCA","PMPCA","PMPCA: 
peptidase (mitochondrial processing) alpha [Source:HGNC Symbol;Acc:18667]","PMPCA","t_0h",0.405640977628419,1.17825953292891,1,3,0.405640977628419,1.17825953292891
"13","ENSG00000205531",5,4,0,5,"NAP1L4","NAP1L4","NAP1L4: 
nucleosome assembly protein 1-like 4 [Source:HGNC Symbol;Acc:7640]","NAP1L4","t_0h",1.44096736887644,0.592442305260809,1,1,1.44096736887644,0.592442305260809
"14","ENSG00000075618",6,5,1,6,"FSCN1","FSCN1","FSCN1: 
fascin homolog 1, actin-bundling protein (Strongylocentrotus purpuratus) [Source:HGNC Symbol;Acc:11148]","FSCN1","t_0.5h",0.805183186221418,1.0110387625466,2,3,0.805183186221418,1.0110387625466
"15","ENSG00000077809",7,5,1,7,"GTF2I","GTF2I","GTF2I: 
general transcription factor IIi [Source:HGNC Symbol;Acc:4659]","GTF2I","t_0.5h",0.797625944185999,-0.705011357635959,2,3,0.797625944186,-0.705011357635959
"16","ENSG00000100883",12,2,2,12,"SRP54","SRP54","SRP54: 
signal recognition particle 54kDa [Source:HGNC Symbol;Acc:11301]","SRP54","t_0.5h",0.737047626928339,-1.04381861657841,2,4,0.737047626928339,-1.04381861657841
"17","ENSG00000103018",1,2,0,1,"CYB5B","CYB5B","CYB5B: 
cytochrome b5 type B (outer mitochondrial membrane) [Source:HGNC Symbol;Acc:24374]","CYB5B","t_0.5h",-0.882469066915438,0.525821338761023,2,2,-0.882469066915439,0.525821338761023
"18","ENSG00000104823",2,2,0,2,"ECH1","ECH1","ECH1: 
enoyl CoA hydratase 1, peroxisomal [Source:HGNC Symbol;Acc:3149]","ECH1","t_0.5h",-0.853114979862492,-0.204885737075692,2,2,-0.853114979862492,-0.204885737075692
"19","ENSG00000113811",8,5,1,8,"SELK","SELK","SELK: 
Selenoprotein K  [Source:UniProtKB/Swiss-Prot;Acc:Q9Y6D0]","SELK","t_0.5h",-0.909139122164732,-0.731272183805712,2,3,-0.909139122164732,-0.731272183805712
"20","ENSG00000115541",3,2,0,3,"HSPE1","HSPE1","HSPE1: 
heat shock 10kDa protein 1 [Source:HGNC Symbol;Acc:5269]","HSPE1","t_0.5h",-0.862855372306274,0.691263866932022,2,2,-0.862855372306273,0.691263866932023
"21","ENSG00000115641",9,5,1,9,"FHL2","FHL2","FHL2: 
four and a half LIM domains 2 [Source:HGNC Symbol;Acc:3703]","FHL2","t_0.5h",0.960286003269785,0.930903196716464,2,3,0.960286003269785,0.930903196716464
"22","ENSG00000120948",4,4,0,4,"TARDBP","TARDBP","TARDBP: 
TAR DNA binding protein [Source:HGNC Symbol;Acc:11571]","TARDBP","t_0.5h",0.519700028261036,0.834874457484366,2,2,0.519700028261036,0.834874457484365
"23","ENSG00000124942",10,5,1,10,"AHNAK","AHNAK","AHNAK: 
AHNAK nucleoprotein [Source:HGNC Symbol;Acc:347]","AHNAK","t_0.5h",0.533781921288555,0.233356880259603,2,3,0.533781921288555,0.233356880259603
"24","ENSG00000138107",11,5,1,11,"ACTR1A","ACTR1A","ACTR1A: 
ARP1 actin-related protein 1 homolog A, centractin alpha (yeast) [Source:HGNC Symbol;Acc:167]","ACTR1A","t_0.5h",0.753425306511199,0.667985523436887,2,3,0.753425306511199,0.667985523436887
"25","ENSG00000165688",13,2,2,13,"PMPCA","PMPCA","PMPCA: 
peptidase (mitochondrial processing) alpha [Source:HGNC Symbol;Acc:18667]","PMPCA","t_0.5h",0.452236611675822,0.827558951159926,2,4,0.452236611675822,0.827558951159926
"26","ENSG00000205531",5,4,0,5,"NAP1L4","NAP1L4","NAP1L4: 
nucleosome assembly protein 1-like 4 [Source:HGNC Symbol;Acc:7640]","NAP1L4","t_0.5h",0.914086163791532,0.569009630152108,2,2,0.914086163791532,0.569009630152108
"27","ENSG00000075618",6,5,1,6,"FSCN1","FSCN1","FSCN1: 
fascin homolog 1, actin-bundling protein (Strongylocentrotus purpuratus) [Source:HGNC Symbol;Acc:11148]","FSCN1","t_1h",0.613546262196098,0.877406511009322,3,4,0.613546262196098,0.877406511009322
"28","ENSG00000077809",7,5,1,7,"GTF2I","GTF2I","GTF2I: 
general transcription factor IIi [Source:HGNC Symbol;Acc:4659]","GTF2I","t_1h",0.652675390831843,-0.554157971912402,3,4,0.652675390831843,-0.554157971912401
"29","ENSG00000100883",12,2,2,12,"SRP54","SRP54","SRP54: 
signal recognition particle 54kDa [Source:HGNC Symbol;Acc:11301]","SRP54","t_1h",0.668194493285599,-0.804190225532352,3,5,0.668194493285599,-0.804190225532353
"30","ENSG00000103018",1,2,0,1,"CYB5B","CYB5B","CYB5B: 
cytochrome b5 type B (outer mitochondrial membrane) [Source:HGNC Symbol;Acc:24374]","CYB5B","t_1h",-0.664613890990263,0.544906608683761,3,3,-0.664613890990263,0.544906608683761
"31","ENSG00000104823",2,2,0,2,"ECH1","ECH1","ECH1: 
enoyl CoA hydratase 1, peroxisomal [Source:HGNC Symbol;Acc:3149]","ECH1","t_1h",-0.703499960321218,-0.468958432325872,3,3,-0.703499960321218,-0.468958432325872
"32","ENSG00000113811",8,5,1,8,"SELK","SELK","SELK: 
Selenoprotein K  [Source:UniProtKB/Swiss-Prot;Acc:Q9Y6D0]","SELK","t_1h",-0.843009531261431,-0.350795900709974,3,4,-0.843009531261431,-0.350795900709974
"33","ENSG00000115541",3,2,0,3,"HSPE1","HSPE1","HSPE1: 
heat shock 10kDa protein 1 [Source:HGNC Symbol;Acc:5269]","HSPE1","t_1h",-0.712918364253057,0.486951722586108,3,3,-0.712918364253057,0.486951722586108
"34","ENSG00000115641",9,5,1,9,"FHL2","FHL2","FHL2: 
four and a half LIM domains 2 [Source:HGNC Symbol;Acc:3703]","FHL2","t_1h",0.790307714818406,0.900987371735699,3,4,0.790307714818406,0.900987371735699
"35","ENSG00000120948",4,4,0,4,"TARDBP","TARDBP","TARDBP: 
TAR DNA binding protein [Source:HGNC Symbol;Acc:11571]","TARDBP","t_1h",0.0695095961173762,0.603404952282947,3,3,0.0695095961173767,0.603404952282947
"36","ENSG00000124942",10,5,1,10,"AHNAK","AHNAK","AHNAK: 
AHNAK nucleoprotein [Source:HGNC Symbol;Acc:347]","AHNAK","t_1h",0.846032484200959,-0.119201710422781,3,4,0.846032484200959,-0.119201710422781
"37","ENSG00000138107",11,5,1,11,"ACTR1A","ACTR1A","ACTR1A: 
ARP1 actin-related protein 1 homolog A, centractin alpha (yeast) [Source:HGNC Symbol;Acc:167]","ACTR1A","t_1h",0.695836370359181,0.798832452491722,3,4,0.695836370359181,0.798832452491722
"38","ENSG00000165688",13,2,2,13,"PMPCA","PMPCA","PMPCA: 
peptidase (mitochondrial processing) alpha [Source:HGNC Symbol;Acc:18667]","PMPCA","t_1h",0.500004587012169,0.497002809425272,3,5,0.500004587012169,0.497002809425272
"39","ENSG00000205531",5,4,0,5,"NAP1L4","NAP1L4","NAP1L4: 
nucleosome assembly protein 1-like 4 [Source:HGNC Symbol;Acc:7640]","NAP1L4","t_1h",0.421730037120888,0.547234069928258,3,3,0.421730037120888,0.547234069928258
"40","ENSG00000075618",6,5,1,6,"FSCN1","FSCN1","FSCN1: 
fascin homolog 1, actin-bundling protein (Strongylocentrotus purpuratus) [Source:HGNC Symbol;Acc:11148]","FSCN1","t_2h",0.26177470829469,0.624286588987247,4,5,0.26177470829469,0.624286588987247
"41","ENSG00000077809",7,5,1,7,"GTF2I","GTF2I","GTF2I: 
general transcription factor IIi [Source:HGNC Symbol;Acc:4659]","GTF2I","t_2h",0.357169989236663,-0.239063639967619,4,5,0.357169989236663,-0.239063639967618
"42","ENSG00000100883",12,2,2,12,"SRP54","SRP54","SRP54: 
signal recognition particle 54kDa [Source:HGNC Symbol;Acc:11301]","SRP54","t_2h",0.467345893857773,-0.265751889495811,4,6,0.467345893857773,-0.265751889495811
"43","ENSG00000103018",1,2,0,1,"CYB5B","CYB5B","CYB5B: 
cytochrome b5 type B (outer mitochondrial membrane) [Source:HGNC Symbol;Acc:24374]","CYB5B","t_2h",-0.175325355460067,0.585913130490857,4,4,-0.175325355460067,0.585913130490857
"44","ENSG00000104823",2,2,0,2,"ECH1","ECH1","ECH1: 
enoyl CoA hydratase 1, peroxisomal [Source:HGNC Symbol;Acc:3149]","ECH1","t_2h",-0.336254753364031,-0.937225873591465,4,4,-0.336254753364031,-0.937225873591465
"45","ENSG00000113811",8,5,1,8,"SELK","SELK","SELK: 
Selenoprotein K  [Source:UniProtKB/Swiss-Prot;Acc:Q9Y6D0]","SELK","t_2h",-0.708691827984707,0.743105889464425,4,5,-0.708691827984707,0.743105889464425
"46","ENSG00000115541",3,2,0,3,"HSPE1","HSPE1","HSPE1: 
heat shock 10kDa protein 1 [Source:HGNC Symbol;Acc:5269]","HSPE1","t_2h",-0.386437802786573,0.109405384230378,4,4,-0.386437802786572,0.109405384230378
"47","ENSG00000115641",9,5,1,9,"FHL2","FHL2","FHL2: 
four and a half LIM domains 2 [Source:HGNC Symbol;Acc:3703]","FHL2","t_2h",0.459770286421917,0.845201728619953,4,5,0.459770286421917,0.845201728619953
"48","ENSG00000120948",4,4,0,4,"TARDBP","TARDBP","TARDBP: 
TAR DNA binding protein [Source:HGNC Symbol;Acc:11571]","TARDBP","t_2h",-0.761120739190329,0.166291279395775,4,4,-0.761120739190328,0.166291279395774
"49","ENSG00000124942",10,5,1,10,"AHNAK","AHNAK","AHNAK: 
AHNAK nucleoprotein [Source:HGNC Symbol;Acc:347]","AHNAK","t_2h",1.52777676030994,-0.761604870855322,4,5,1.52777676030994,-0.761604870855322
"50","ENSG00000138107",11,5,1,11,"ACTR1A","ACTR1A","ACTR1A: 
ARP1 actin-related protein 1 homolog A, centractin alpha (yeast) [Source:HGNC Symbol;Acc:167]","ACTR1A","t_2h",0.602857676750363,1.06991734771577,4,5,0.602857676750363,1.06991734771577
"51","ENSG00000165688",13,2,2,13,"PMPCA","PMPCA","PMPCA: 
peptidase (mitochondrial processing) alpha [Source:HGNC Symbol;Acc:18667]","PMPCA","t_2h",0.607331992975929,-0.109509702631853,4,6,0.607331992975929,-0.109509702631854
"52","ENSG00000205531",5,4,0,5,"NAP1L4","NAP1L4","NAP1L4: 
nucleosome assembly protein 1-like 4 [Source:HGNC Symbol;Acc:7640]","NAP1L4","t_2h",-0.458439703750165,0.519817533938121,4,4,-0.458439703750165,0.519817533938121
"53","ENSG00000075618",6,5,1,6,"FSCN1","FSCN1","FSCN1: 
fascin homolog 1, actin-bundling protein (Strongylocentrotus purpuratus) [Source:HGNC Symbol;Acc:11148]","FSCN1","t_8h",0.645340308775263,-1.15101824330016,5,6,0.645340308775263,-1.15101824330016
"54","ENSG00000077809",7,5,1,7,"GTF2I","GTF2I","GTF2I: 
general transcription factor IIi [Source:HGNC Symbol;Acc:4659]","GTF2I","t_8h",0.63077286968201,-0.811917332365066,5,6,0.63077286968201,-0.811917332365066
"55","ENSG00000100883",12,2,2,12,"SRP54","SRP54","SRP54: 
signal recognition particle 54kDa [Source:HGNC Symbol;Acc:11301]","SRP54","t_8h",-2.00054095116582,1.09373738219,5,7,-2.00054095116582,1.09373738219
"56","ENSG00000103018",1,2,0,1,"CYB5B","CYB5B","CYB5B: 
cytochrome b5 type B (outer mitochondrial membrane) [Source:HGNC Symbol;Acc:24374]","CYB5B","t_8h",-0.242183059643948,-1.71984911483663,5,5,-0.242183059643948,-1.71984911483663
"57","ENSG00000104823",2,2,0,2,"ECH1","ECH1","ECH1: 
enoyl CoA hydratase 1, peroxisomal [Source:HGNC Symbol;Acc:3149]","ECH1","t_8h",-0.310827651564261,-0.916846923842024,5,5,-0.310827651564261,-0.916846923842024
"58","ENSG00000113811",8,5,1,8,"SELK","SELK","SELK: 
Selenoprotein K  [Source:UniProtKB/Swiss-Prot;Acc:Q9Y6D0]","SELK","t_8h",0.0085512973210972,1.79920941531987,5,6,0.00855129732109725,1.79920941531987
"59","ENSG00000115541",3,2,0,3,"HSPE1","HSPE1","HSPE1: 
heat shock 10kDa protein 1 [Source:HGNC Symbol;Acc:5269]","HSPE1","t_8h",-0.187951685281662,-1.78953288686971,5,5,-0.187951685281662,-1.78953288686971
"60","ENSG00000115641",9,5,1,9,"FHL2","FHL2","FHL2: 
four and a half LIM domains 2 [Source:HGNC Symbol;Acc:3703]","FHL2","t_8h",0.0614246369267268,-1.3318308854711,5,6,0.0614246369267266,-1.3318308854711
"61","ENSG00000120948",4,4,0,4,"TARDBP","TARDBP","TARDBP: 
TAR DNA binding protein [Source:HGNC Symbol;Acc:11571]","TARDBP","t_8h",-1.72223331031844,-1.77450239419632,5,5,-1.72223331031844,-1.77450239419632
"62","ENSG00000124942",10,5,1,10,"AHNAK","AHNAK","AHNAK: 
AHNAK nucleoprotein [Source:HGNC Symbol;Acc:347]","AHNAK","t_8h",0.052666162848818,-1.65820416124693,5,6,0.0526661628488182,-1.65820416124693
"63","ENSG00000138107",11,5,1,11,"ACTR1A","ACTR1A","ACTR1A: 
ARP1 actin-related protein 1 homolog A, centractin alpha (yeast) [Source:HGNC Symbol;Acc:167]","ACTR1A","t_8h",0.478751622263295,0.447296713965611,5,6,0.478751622263295,0.447296713965611
"64","ENSG00000165688",13,2,2,13,"PMPCA","PMPCA","PMPCA: 
peptidase (mitochondrial processing) alpha [Source:HGNC Symbol;Acc:18667]","PMPCA","t_8h",1.14312375754188,-1.73994396280241,5,7,1.14312375754188,-1.73994396280241
"65","ENSG00000205531",5,4,0,5,"NAP1L4","NAP1L4","NAP1L4: 
nucleosome assembly protein 1-like 4 [Source:HGNC Symbol;Acc:7640]","NAP1L4","t_8h",-1.84378852383294,-1.66539964822725,5,5,-1.84378852383294,-1.66539964822725
"66","ENSG00000075618",6,5,1,6,"FSCN1","FSCN1","FSCN1: 
fascin homolog 1, actin-bundling protein (Strongylocentrotus purpuratus) [Source:HGNC Symbol;Acc:11148]","FSCN1","t_16h",-0.441262352463791,-1.0325867388363,6,7,-0.441262352463791,-1.0325867388363
"67","ENSG00000077809",7,5,1,7,"GTF2I","GTF2I","GTF2I: 
general transcription factor IIi [Source:HGNC Symbol;Acc:4659]","GTF2I","t_16h",-0.487641371077936,0.184761242366568,6,7,-0.487641371077936,0.184761242366568
"68","ENSG00000100883",12,2,2,12,"SRP54","SRP54","SRP54: 
signal recognition particle 54kDa [Source:HGNC Symbol;Acc:11301]","SRP54","t_16h",-0.952336551775541,1.36256067535555,6,8,-0.952336551775541,1.36256067535555
"69","ENSG00000103018",1,2,0,1,"CYB5B","CYB5B","CYB5B: 
cytochrome b5 type B (outer mitochondrial membrane) [Source:HGNC Symbol;Acc:24374]","CYB5B","t_16h",0.167183727169383,-1.29310295746297,6,6,0.167183727169383,-1.29310295746297
"70","ENSG00000104823",2,2,0,2,"ECH1","ECH1","ECH1: 
enoyl CoA hydratase 1, peroxisomal [Source:HGNC Symbol;Acc:3149]","ECH1","t_16h",0.279660184064845,-0.404880239788357,6,6,0.279660184064845,-0.404880239788357
"71","ENSG00000113811",8,5,1,8,"SELK","SELK","SELK: 
Selenoprotein K  [Source:UniProtKB/Swiss-Prot;Acc:Q9Y6D0]","SELK","t_16h",1.35019551322848,0.774419450042524,6,7,1.35019551322848,0.774419450042524
"72","ENSG00000115541",3,2,0,3,"HSPE1","HSPE1","HSPE1: 
heat shock 10kDa protein 1 [Source:HGNC Symbol;Acc:5269]","HSPE1","t_16h",0.255638568655248,-1.16868168080974,6,6,0.255638568655248,-1.16868168080974
"73","ENSG00000115641",9,5,1,9,"FHL2","FHL2","FHL2: 
four and a half LIM domains 2 [Source:HGNC Symbol;Acc:3703]","FHL2","t_16h",-0.926000170278901,-1.0374640617959,6,7,-0.926000170278901,-1.0374640617959
"74","ENSG00000120948",4,4,0,4,"TARDBP","TARDBP","TARDBP: 
TAR DNA binding protein [Source:HGNC Symbol;Acc:11571]","TARDBP","t_16h",-0.709241543413687,-1.13428072085594,6,6,-0.709241543413687,-1.13428072085594
"75","ENSG00000124942",10,5,1,10,"AHNAK","AHNAK","AHNAK: 
AHNAK nucleoprotein [Source:HGNC Symbol;Acc:347]","AHNAK","t_16h",-0.737414420742673,-0.519382283415054,6,7,-0.737414420742673,-0.519382283415054
"76","ENSG00000138107",11,5,1,11,"ACTR1A","ACTR1A","ACTR1A: 
ARP1 actin-related protein 1 homolog A, centractin alpha (yeast) [Source:HGNC Symbol;Acc:167]","ACTR1A","t_16h",-0.371685687162662,-0.880224335304484,6,7,-0.371685687162662,-0.880224335304483
"77","ENSG00000165688",13,2,2,13,"PMPCA","PMPCA","PMPCA: 
peptidase (mitochondrial processing) alpha [Source:HGNC Symbol;Acc:18667]","PMPCA","t_16h",-0.111745239670464,-1.09486990105441,6,8,-0.111745239670463,-1.09486990105441
"78","ENSG00000205531",5,4,0,5,"NAP1L4","NAP1L4","NAP1L4: 
nucleosome assembly protein 1-like 4 [Source:HGNC Symbol;Acc:7640]","NAP1L4","t_16h",-0.523879949468376,-1.40323290130345,6,6,-0.523879949468376,-1.40323290130345
"79","ENSG00000075618",6,5,1,6,"FSCN1","FSCN1","FSCN1: 
fascin homolog 1, actin-bundling protein (Strongylocentrotus purpuratus) [Source:HGNC Symbol;Acc:11148]","FSCN1","t_24h",-1.2091232928155,-0.826652325831024,7,8,-1.2091232928155,-0.826652325831025
"80","ENSG00000077809",7,5,1,7,"GTF2I","GTF2I","GTF2I: 
general transcription factor IIi [Source:HGNC Symbol;Acc:4659]","GTF2I","t_24h",-1.22429066835736,1.10829171942913,7,8,-1.22429066835736,1.10829171942913
"81","ENSG00000100883",12,2,2,12,"SRP54","SRP54","SRP54: 
signal recognition particle 54kDa [Source:HGNC Symbol;Acc:11301]","SRP54","t_24h",-0.18058513415872,0.693830639981988,7,9,-0.18058513415872,0.693830639981988
"82","ENSG00000103018",1,2,0,1,"CYB5B","CYB5B","CYB5B: 
cytochrome b5 type B (outer mitochondrial membrane) [Source:HGNC Symbol;Acc:24374]","CYB5B","t_24h",1.03632076768138,-0.222429175828953,7,7,1.03632076768138,-0.222429175828953
"83","ENSG00000104823",2,2,0,2,"ECH1","ECH1","ECH1: 
enoyl CoA hydratase 1, peroxisomal [Source:HGNC Symbol;Acc:3149]","ECH1","t_24h",1.06795443375337,0.800985935929883,7,7,1.06795443375337,0.800985935929884
"84","ENSG00000113811",8,5,1,8,"SELK","SELK","SELK: 
Selenoprotein K  [Source:UniProtKB/Swiss-Prot;Acc:Q9Y6D0]","SELK","t_24h",1.18171324712427,-0.314442744547712,7,8,1.18171324712427,-0.314442744547713
"85","ENSG00000115541",3,2,0,3,"HSPE1","HSPE1","HSPE1: 
heat shock 10kDa protein 1 [Source:HGNC Symbol;Acc:5269]","HSPE1","t_24h",1.07530302906539,-0.161629159601078,7,7,1.07530302906539,-0.161629159601078
"86","ENSG00000115641",9,5,1,9,"FHL2","FHL2","FHL2: 
four and a half LIM domains 2 [Source:HGNC Symbol;Acc:3703]","FHL2","t_24h",-1.17970690758829,-0.750160467641346,7,8,-1.17970690758829,-0.750160467641346
"87","ENSG00000120948",4,4,0,4,"TARDBP","TARDBP","TARDBP: 
TAR DNA binding protein [Source:HGNC Symbol;Acc:11571]","TARDBP","t_24h",0.361540654183538,-0.268904785444172,7,7,0.361540654183539,-0.268904785444172
"88","ENSG00000124942",10,5,1,10,"AHNAK","AHNAK","AHNAK: 
AHNAK nucleoprotein [Source:HGNC Symbol;Acc:347]","AHNAK","t_24h",-1.10702240767064,0.607086443176856,7,8,-1.10702240767064,0.607086443176856
"89","ENSG00000138107",11,5,1,11,"ACTR1A","ACTR1A","ACTR1A: 
ARP1 actin-related protein 1 homolog A, centractin alpha (yeast) [Source:HGNC Symbol;Acc:167]","ACTR1A","t_24h",-1.23499032386453,-1.22138148173499,7,8,-1.23499032386453,-1.22138148173499
"90","ENSG00000165688",13,2,2,13,"PMPCA","PMPCA","PMPCA: 
peptidase (mitochondrial processing) alpha [Source:HGNC Symbol;Acc:18667]","PMPCA","t_24h",-1.17964456061497,-0.194121895548893,7,9,-1.17964456061497,-0.194121895548893
"91","ENSG00000205531",5,4,0,5,"NAP1L4","NAP1L4","NAP1L4: 
nucleosome assembly protein 1-like 4 [Source:HGNC Symbol;Acc:7640]","NAP1L4","t_24h",-0.0867234232367174,-0.154408218031247,7,7,-0.0867234232367175,-0.154408218031247
"92","ENSG00000075618",6,5,1,6,"FSCN1","FSCN1","FSCN1: 
fascin homolog 1, actin-bundling protein (Strongylocentrotus purpuratus) [Source:HGNC Symbol;Acc:11148]","FSCN1","t_30h",-1.68038293929716,-0.651244629486369,8,9,-1.68038293929716,-0.651244629486369
"93","ENSG00000077809",7,5,1,7,"GTF2I","GTF2I","GTF2I: 
general transcription factor IIi [Source:HGNC Symbol;Acc:4659]","GTF2I","t_30h",-1.66927943526928,1.86866190017841,8,9,-1.66927943526928,1.86866190017841
"94","ENSG00000100883",12,2,2,12,"SRP54","SRP54","SRP54: 
signal recognition particle 54kDa [Source:HGNC Symbol;Acc:11301]","SRP54","t_30h",0.464241151872006,0.230759745725245,8,10,0.464241151872006,0.230759745725245
"95","ENSG00000103018",1,2,0,1,"CYB5B","CYB5B","CYB5B: 
cytochrome b5 type B (outer mitochondrial membrane) [Source:HGNC Symbol;Acc:24374]","CYB5B","t_30h",1.84659380604912,1.07009528336036,8,8,1.84659380604912,1.07009528336036
"96","ENSG00000104823",2,2,0,2,"ECH1","ECH1","ECH1: 
enoyl CoA hydratase 1, peroxisomal [Source:HGNC Symbol;Acc:3149]","ECH1","t_30h",1.83914487503706,2.05111705391362,8,8,1.83914487503706,2.05111705391362
"97","ENSG00000113811",8,5,1,8,"SELK","SELK","SELK: 
Selenoprotein K  [Source:UniProtKB/Swiss-Prot;Acc:Q9Y6D0]","SELK","t_30h",0.89234899506489,-0.887336076199603,8,9,0.89234899506489,-0.887336076199603
"98","ENSG00000115541",3,2,0,3,"HSPE1","HSPE1","HSPE1: 
heat shock 10kDa protein 1 [Source:HGNC Symbol;Acc:5269]","HSPE1","t_30h",1.82477481134786,0.925434179024711,8,8,1.82477481134786,0.925434179024711
"99","ENSG00000115641",9,5,1,9,"FHL2","FHL2","FHL2: 
four and a half LIM domains 2 [Source:HGNC Symbol;Acc:3703]","FHL2","t_30h",-1.30269781543765,-0.519286723325685,8,9,-1.30269781543765,-0.519286723325685
"100","ENSG00000120948",4,4,0,4,"TARDBP","TARDBP","TARDBP: 
TAR DNA binding protein [Source:HGNC Symbol;Acc:11571]","TARDBP","t_30h",1.24940908367283,0.498353687637708,8,8,1.24940908367283,0.498353687637708
"101","ENSG00000124942",10,5,1,10,"AHNAK","AHNAK","AHNAK: 
AHNAK nucleoprotein [Source:HGNC Symbol;Acc:347]","AHNAK","t_30h",-1.3549748675587,1.61081653532562,8,9,-1.3549748675587,1.61081653532562
"102","ENSG00000138107",11,5,1,11,"ACTR1A","ACTR1A","ACTR1A: 
ARP1 actin-related protein 1 homolog A, centractin alpha (yeast) [Source:HGNC Symbol;Acc:167]","ACTR1A","t_30h",-1.73981068231784,-1.4197219120583,8,9,-1.73981068231784,-1.4197219120583
"103","ENSG00000165688",13,2,2,13,"PMPCA","PMPCA","PMPCA: 
peptidase (mitochondrial processing) alpha [Source:HGNC Symbol;Acc:18667]","PMPCA","t_30h",-1.81694812654878,0.635624168523461,8,10,-1.81694812654878,0.63562416852346
"104","ENSG00000205531",5,4,0,5,"NAP1L4","NAP1L4","NAP1L4: 
nucleosome assembly protein 1-like 4 [Source:HGNC Symbol;Acc:7640]","NAP1L4","t_30h",0.136048030499343,0.99453722828265,8,8,0.136048030499343,0.99453722828265
