"","X.x","id","edges.x","delay.x","accession.x","description.x","q_value.x","rho.x","analysis_res.x","X.y","edges.y","delay.y","accession.y","description.y","q_value.y","rho.y","analysis_res.y"
"1",1,"ENSG00000116459",1,0,"ATP5F1","ATP5F1:
 
ATP synthase, H+ transporting, mitochondrial Fo complex, subunit B1 
[Source:HGNC Symbol;Acc:840]",0.9999,-0.4,"-0.4
[0.9999]",,,,,,,,
"2",2,"ENSG00000167085",1,0,"PHB","PHB:
 
prohibitin 
[Source:HGNC Symbol;Acc:8912]",0.9999,-0.4,"-0.4
[0.9999]",,,,,,,,
"3",3,"ENSG00000110711",9,0,"AIP","AIP:
 
aryl hydrocarbon receptor interacting protein 
[Source:HGNC Symbol;Acc:358]",1e-04,0.85,"0.85
[0.0001]",23,6,1,"AIP","AIP:
 
aryl hydrocarbon receptor interacting protein 
[Source:HGNC Symbol;Acc:358]",0.0017,0.79,"0.79
[0.0017]"
"4",4,"ENSG00000132589",9,0,"FLOT2","FLOT2:
 
flotillin 2 
[Source:HGNC Symbol;Acc:3758]",1e-04,0.85,"0.85
[0.0001]",,,,,,,,
"5",5,"ENSG00000134717",11,0,"BTF3L4","BTF3L4:
 
basic transcription factor 3-like 4 
[Source:HGNC Symbol;Acc:30547]",1e-04,0.99,"0.99
[0.0001]",,,,,,,,
"6",6,"ENSG00000147475",11,0,"ERLIN2","ERLIN2:
 
ER lipid raft associated 2 
[Source:HGNC Symbol;Acc:1356]",1e-04,0.99,"0.99
[0.0001]",,,,,,,,
"7",7,"ENSG00000134056",24,0,"MRPS36","MRPS36:
 
mitochondrial ribosomal protein S36 
[Source:HGNC Symbol;Acc:16631]",0.0015,0.9,"0.9
[0.0015]",,,,,,,,
"8",8,"ENSG00000198034",24,0,"RPS4X","RPS4X:
 
ribosomal protein S4, X-linked 
[Source:HGNC Symbol;Acc:10424]",0.0015,0.9,"0.9
[0.0015]",,,,,,,,
"9",9,"ENSG00000122565",29,0,"CBX3","CBX3:
 
chromobox homolog 3 
[Source:HGNC Symbol;Acc:1553]",1e-04,0.67,"0.67
[0.0001]",28,35,1,"CBX3","CBX3:
 
chromobox homolog 3 
[Source:HGNC Symbol;Acc:1553]",0.0048,0.6,"0.6
[0.0048]"
"10",10,"ENSG00000136448",29,0,"NMT1","NMT1:
 
N-myristoyltransferase 1 
[Source:HGNC Symbol;Acc:7857]",1e-04,0.67,"0.67
[0.0001]",,,,,,,,
"11",11,"ENSG00000189091",29,0,"SF3B3","SF3B3:
 
splicing factor 3b, subunit 3, 130kDa 
[Source:HGNC Symbol;Acc:10770]",1e-04,0.67,"0.67
[0.0001]",35,7,2,"SF3B3","SF3B3:
 
splicing factor 3b, subunit 3, 130kDa 
[Source:HGNC Symbol;Acc:10770]",0.0185,0.64,"0.64
[0.0185]"
"12",12,"ENSG00000049860",34,0,"HEXB","HEXB:
 
hexosaminidase B (beta polypeptide) 
[Source:HGNC Symbol;Acc:4879]",0.0467,0.31,"0.31
[0.0467]",,,,,,,,
"13",13,"ENSG00000136937",34,0,"NCBP1","NCBP1:
 
nuclear cap binding protein subunit 1, 80kDa 
[Source:HGNC Symbol;Acc:7658]",0.0467,0.31,"0.31
[0.0467]",,,,,,,,
"14",14,"ENSG00000138107",1,1,"ACTR1A","ACTR1A:
 
ARP1 actin-related protein 1 homolog A, centractin alpha (yeast) 
[Source:HGNC Symbol;Acc:167]",1e-04,0.94,"0.94
[0.0001]",,,,,,,,
"15",15,"ENSG00000166794",1,1,"PPIB","PPIB:
 
peptidylprolyl isomerase B (cyclophilin B) 
[Source:HGNC Symbol;Acc:9255]",1e-04,0.94,"0.94
[0.0001]",,,,,,,,
"16",16,"ENSG00000077809",2,1,"GTF2I","GTF2I:
 
general transcription factor IIi 
[Source:HGNC Symbol;Acc:4659]",0.9999,-0.44,"-0.44
[0.9999]",32,1,2,"GTF2I","GTF2I:
 
general transcription factor IIi 
[Source:HGNC Symbol;Acc:4659]",0.7112,-0.19,"-0.19
[0.7112]"
"17",17,"ENSG00000137801",2,1,"THBS1","THBS1:
 
thrombospondin 1 
[Source:HGNC Symbol;Acc:11785]",0.9999,-0.44,"-0.44
[0.9999]",,,,,,,,
"18",18,"ENSG00000109814",3,1,"UGDH","UGDH:
 
UDP-glucose 6-dehydrogenase 
[Source:HGNC Symbol;Acc:12525]",0.0356,0.55,"0.55
[0.0356]",,,,,,,,
"19",19,"ENSG00000182919",3,1,"C11orf54","C11orf54:
 
chromosome 11 open reading frame 54 
[Source:HGNC Symbol;Acc:30204]",0.0356,0.55,"0.55
[0.0356]",,,,,,,,
"20",20,"ENSG00000130635",4,1,"COL5A1","COL5A1:
 
collagen, type V, alpha 1 
[Source:HGNC Symbol;Acc:2209]",0.0168,0.65,"0.65
[0.0168]",,,,,,,,
"21",21,"ENSG00000131238",4,1,"PPT1","PPT1:
 
palmitoyl-protein thioesterase 1 
[Source:HGNC Symbol;Acc:9325]",0.0168,0.65,"0.65
[0.0168]",3,2,0,"PPT1","PPT1:
 
palmitoyl-protein thioesterase 1 
[Source:HGNC Symbol;Acc:9325]",0.0012,0.67,"0.67
[0.0012]"
"22",22,"ENSG00000115641",5,1,"FHL2","FHL2:
 
four and a half LIM domains 2 
[Source:HGNC Symbol;Acc:3703]",0.0097,0.71,"0.71
[0.0097]",34,7,2,"FHL2","FHL2:
 
four and a half LIM domains 2 
[Source:HGNC Symbol;Acc:3703]",0.0185,0.64,"0.64
[0.0185]"
"23",23,"ENSG00000176393",5,1,"RNPEP","RNPEP:
 
arginyl aminopeptidase (aminopeptidase B) 
[Source:HGNC Symbol;Acc:10078]",0.0097,0.71,"0.71
[0.0097]",,,,,,,,
"24",24,"ENSG00000075624",7,1,"ACTB","ACTB:
 
actin, beta 
[Source:HGNC Symbol;Acc:132]",0.0109,0.65,"0.65
[0.0109]",30,49,1,"ACTB","ACTB:
 
actin, beta 
[Source:HGNC Symbol;Acc:132]",0.1796,0.31,"0.31
[0.1796]"
"25",25,"ENSG00000158710",7,1,"TAGLN2","TAGLN2:
 
transgelin 2 
[Source:HGNC Symbol;Acc:11554]",0.0109,0.65,"0.65
[0.0109]",,,,,,,,
"26",26,"ENSG00000113387",8,1,"SUB1","SUB1:
 
SUB1 homolog (S. cerevisiae) 
[Source:HGNC Symbol;Acc:19985]",0.1353,0.34,"0.34
[0.1353]",,,,,,,,
"27",27,"ENSG00000124942",8,1,"AHNAK","AHNAK:
 
AHNAK nucleoprotein 
[Source:HGNC Symbol;Acc:347]",0.1353,0.34,"0.34
[0.1353]",,,,,,,,
"28",28,"ENSG00000086062",12,1,"B4GALT1","B4GALT1:
 
UDP-Gal:betaGlcNAc beta 1,4- galactosyltransferase, polypeptide 1 
[Source:HGNC Symbol;Acc:924]",0.0848,0.42,"0.42
[0.0848]",,,,,,,,
"29",29,"ENSG00000152952",12,1,"PLOD2","PLOD2:
 
procollagen-lysine, 2-oxoglutarate 5-dioxygenase 2 
[Source:HGNC Symbol;Acc:9082]",0.0848,0.42,"0.42
[0.0848]",,,,,,,,
"30",30,"ENSG00000140416",21,1,"TPM1","TPM1:
 
tropomyosin 1 (alpha) 
[Source:HGNC Symbol;Acc:12010]",0.0195,0.61,"0.61
[0.0195]",7,7,0,"TPM1","TPM1:
 
tropomyosin 1 (alpha) 
[Source:HGNC Symbol;Acc:12010]",1e-04,0.91,"0.91
[0.0001]"
"31",31,"ENSG00000164294",21,1,"GPX8","GPX8:
 
glutathione peroxidase 8 (putative) 
[Source:HGNC Symbol;Acc:33100]",0.0195,0.61,"0.61
[0.0195]",2,1,0,"GPX8","GPX8:
 
glutathione peroxidase 8 (putative) 
[Source:HGNC Symbol;Acc:33100]",0.0283,0.57,"0.57
[0.0283]"
"32",32,"ENSG00000108848",41,1,"LUC7L3","LUC7L3:
 
LUC7-like 3 (S. cerevisiae) 
[Source:HGNC Symbol;Acc:24309]",0.0018,0.59,"0.59
[0.0018]",,,,,,,,
"33",33,"ENSG00000135046",41,1,"ANXA1","ANXA1:
 
annexin A1 
[Source:HGNC Symbol;Acc:533]",0.0018,0.59,"0.59
[0.0018]",9,12,0,"ANXA1","ANXA1:
 
annexin A1 
[Source:HGNC Symbol;Acc:533]",0.0051,0.66,"0.66
[0.0051]"
"34",34,"ENSG00000184009",41,1,"ACTG1","ACTG1:
 
actin, gamma 1 
[Source:HGNC Symbol;Acc:144]",0.0018,0.59,"0.59
[0.0018]",,,,,,,,
"35",35,"ENSG00000197747",41,1,"S100A10","S100A10:
 
S100 calcium binding protein A10 
[Source:HGNC Symbol;Acc:10487]",0.0018,0.59,"0.59
[0.0018]",,,,,,,,
"36",36,"ENSG00000143870",1,2,"PDIA6","PDIA6:
 
protein disulfide isomerase family A, member 6 
[Source:HGNC Symbol;Acc:30168]",1e-04,0.99,"0.99
[0.0001]",,,,,,,,
"37",37,"ENSG00000166598",1,2,"HSP90B1","HSP90B1:
 
heat shock protein 90kDa beta (Grp94), member 1 
[Source:HGNC Symbol;Acc:12028]",1e-04,0.99,"0.99
[0.0001]",,,,,,,,
"38",38,"ENSG00000070081",4,2,"NUCB2","NUCB2:
 
nucleobindin 2 
[Source:HGNC Symbol;Acc:8044]",0.0417,0.55,"0.55
[0.0417]",,,,,,,,
"39",39,"ENSG00000124783",4,2,"SSR1","SSR1:
 
signal sequence receptor, alpha 
[Source:HGNC Symbol;Acc:11323]",0.0417,0.55,"0.55
[0.0417]",1,1,0,"SSR1","SSR1:
 
signal sequence receptor, alpha 
[Source:HGNC Symbol;Acc:11323]",0.0283,0.57,"0.57
[0.0283]"
"40",,"ENSG00000168542",,,,,,,,4,2,0,"COL3A1","COL3A1:
 
collagen, type III, alpha 1 
[Source:HGNC Symbol;Acc:2201]",0.0012,0.67,"0.67
[0.0012]"
"41",,"ENSG00000119777",,,,,,,,5,3,0,"TMEM214","TMEM214:
 
transmembrane protein 214 
[Source:HGNC Symbol;Acc:25983]",1e-04,0.87,"0.87
[0.0001]"
"42",,"ENSG00000173692",,,,,,,,6,3,0,"PSMD1","PSMD1:
 
proteasome (prosome, macropain) 26S subunit, non-ATPase, 1 
[Source:HGNC Symbol;Acc:9554]",1e-04,0.87,"0.87
[0.0001]"
"43",,"ENSG00000149480",,,,,,,,8,7,0,"MTA2","MTA2:
 
metastasis associated 1 family, member 2 
[Source:HGNC Symbol;Acc:7411]",1e-04,0.91,"0.91
[0.0001]"
"44",,"ENSG00000185624",,,,,,,,10,12,0,"P4HB","P4HB:
 
prolyl 4-hydroxylase, beta polypeptide 
[Source:HGNC Symbol;Acc:8548]",0.0051,0.66,"0.66
[0.0051]"
"45",,"ENSG00000141279",,,,,,,,11,17,0,"NPEPPS","NPEPPS:
 
aminopeptidase puromycin sensitive 
[Source:HGNC Symbol;Acc:7900]",0.1939,0.16,"0.16
[0.1939]"
"46",,"ENSG00000150995",,,,,,,,12,17,0,"ITPR1","ITPR1:
 
inositol 1,4,5-trisphosphate receptor, type 1 
[Source:HGNC Symbol;Acc:6180]",0.1939,0.16,"0.16
[0.1939]"
"47",,"ENSG00000075142",,,,,,,,13,30,0,"SRI","SRI:
 
sorcin 
[Source:HGNC Symbol;Acc:11292]",0.0022,0.77,"0.77
[0.0022]"
"48",,"ENSG00000106803",,,,,,,,14,30,0,"SEC61B","SEC61B:
 
Sec61 beta subunit 
[Source:HGNC Symbol;Acc:16993]",0.0022,0.77,"0.77
[0.0022]"
"49",,"ENSG00000101294",,,,,,,,15,53,0,"HM13","HM13:
 
histocompatibility (minor) 13 
[Source:HGNC Symbol;Acc:16435]",0.0034,0.72,"0.72
[0.0034]"
"50",,"ENSG00000206450",,,,,,,,16,53,0,"HLA-B","HLA-B:
 
major histocompatibility complex, class I, B 
[Source:HGNC Symbol;Acc:4932]",0.0034,0.72,"0.72
[0.0034]"
"51",,"ENSG00000124767",,,,,,,,17,1,1,"GLO1","GLO1:
 
glyoxalase I 
[Source:HGNC Symbol;Acc:4323]",1e-04,0.98,"0.98
[0.0001]"
"52",,"ENSG00000185651",,,,,,,,18,1,1,"UBE2L3","UBE2L3:
 
ubiquitin-conjugating enzyme E2L 3 
[Source:HGNC Symbol;Acc:12488]",1e-04,0.98,"0.98
[0.0001]"
"53",,"ENSG00000170266",,,,,,,,19,2,1,"GLB1","GLB1:
 
galactosidase, beta 1 
[Source:HGNC Symbol;Acc:4298]",0.0431,0.52,"0.52
[0.0431]"
"54",,"ENSG00000172534",,,,,,,,20,2,1,"HCFC1","HCFC1:
 
host cell factor C1 (VP16-accessory protein) 
[Source:HGNC Symbol;Acc:4839]",0.0431,0.52,"0.52
[0.0431]"
"55",,"ENSG00000106588",,,,,,,,21,5,1,"PSMA2","PSMA2:
 
proteasome (prosome, macropain) subunit, alpha type, 2 
[Source:HGNC Symbol;Acc:9531]",6e-04,0.89,"0.89
[0.0006]"
"56",,"ENSG00000205531",,,,,,,,22,5,1,"NAP1L4","NAP1L4:
 
nucleosome assembly protein 1-like 4 
[Source:HGNC Symbol;Acc:7640]",6e-04,0.89,"0.89
[0.0006]"
"57",,"ENSG00000126067",,,,,,,,24,6,1,"PSMB2","PSMB2:
 
proteasome (prosome, macropain) subunit, beta type, 2 
[Source:HGNC Symbol;Acc:9539]",0.0017,0.79,"0.79
[0.0017]"
"58",,"ENSG00000108578",,,,,,,,25,30,1,"BLMH","BLMH:
 
bleomycin hydrolase 
[Source:HGNC Symbol;Acc:1059]",0.0048,0.74,"0.74
[0.0048]"
"59",,"ENSG00000179409",,,,,,,,26,30,1,"GEMIN4","GEMIN4:
 
gem (nuclear organelle) associated protein 4 
[Source:HGNC Symbol;Acc:15717]",0.0048,0.74,"0.74
[0.0048]"
"60",,"ENSG00000108588",,,,,,,,27,35,1,"CCDC47","CCDC47:
 
coiled-coil domain containing 47 
[Source:HGNC Symbol;Acc:24856]",0.0048,0.6,"0.6
[0.0048]"
"61",,"ENSG00000163110",,,,,,,,29,35,1,"PDLIM5","PDLIM5:
 
PDZ and LIM domain 5 
[Source:HGNC Symbol;Acc:17468]",0.0048,0.6,"0.6
[0.0048]"
"62",,"ENSG00000111237",,,,,,,,31,49,1,"VPS29","VPS29:
 
vacuolar protein sorting 29 homolog (S. cerevisiae) 
[Source:HGNC Symbol;Acc:14340]",0.1796,0.31,"0.31
[0.1796]"
"63",,"ENSG00000100983",,,,,,,,33,1,2,"GSS","GSS:
 
glutathione synthetase 
[Source:HGNC Symbol;Acc:4624]",0.7112,-0.19,"-0.19
[0.7112]"
