"","X.x","id","edges.x","delay.x","accession.x","description.x","q_value.x","rho.x","analysis_res.x","X.1","X.2","X.3","X.4","X.5","X.6","X.y","edges.y","delay.y","accession.y","description.y","q_value.y","rho.y","analysis_res.y"
"1",39,"ENSG00000110711",42,0,"AIP","AIP:
aryl hydrocarbon receptor interacting protein 
[Source:HGNC Symbol;Acc:358]",1e-04,0.85,"0.85
[0.0001]",NA,NA,NA,NA,NA,NA,NA,NA,NA,NA,NA,NA,NA,NA
"2",40,"ENSG00000132589",42,0,"FLOT2","FLOT2:
flotillin 2 
[Source:HGNC Symbol;Acc:3758]",1e-04,0.85,"0.85
[0.0001]",NA,NA,NA,NA,NA,NA,20,21,0,"FLOT2","FLOT2:
 
flotillin 2 
[Source:HGNC Symbol;Acc:3758]",0.0014,0.79,"0.79
[0.0014]"
"3",88,"ENSG00000128059",298,0,"PPAT","PPAT:
phosphoribosyl pyrophosphate amidotransferase 
[Source:HGNC Symbol;Acc:9238]",1e-04,0.73,"0.73
[0.0001]",NA,NA,NA,NA,NA,NA,NA,NA,NA,NA,NA,NA,NA,NA
"4",89,"ENSG00000181163",298,0,"NPM1","NPM1: 
nucleophosmin (nucleolar phosphoprotein B23, numatrin) 
[Source:HGNC Symbol;Acc:7910]",1e-04,0.73,"0.73
[0.0001]",NA,NA,NA,NA,NA,NA,NA,NA,NA,NA,NA,NA,NA,NA
"5",90,"ENSG00000184967",298,0,"NOC4L","NOC4L:
nucleolar complex associated 4 homolog (S. cerevisiae) 
[Source:HGNC Symbol;Acc:28461]",1e-04,0.73,"0.73
[0.0001]",NA,NA,NA,NA,NA,NA,NA,NA,NA,NA,NA,NA,NA,NA
"6",55,"ENSG00000136448",88,0,"NMT1","NMT1:
N-myristoyltransferase 1 
[Source:HGNC Symbol;Acc:7857]",0.0013,0.84,"0.84
[0.0013]",NA,NA,NA,NA,NA,NA,13,14,0,"NMT1","NMT1:
 
N-myristoyltransferase 1 
[Source:HGNC Symbol;Acc:7857]",7e-04,0.83,"0.83
[0.0007]"
"7",56,"ENSG00000162408",88,0,"NOL9","NOL9:
nucleolar protein 9 
[Source:HGNC Symbol;Acc:26265]",0.0013,0.84,"0.84
[0.0013]",NA,NA,NA,NA,NA,NA,NA,NA,NA,NA,NA,NA,NA,NA
"8",69,"ENSG00000148187",136,0,"MRRF","MRRF:
mitochondrial ribosome recycling factor 
[Source:HGNC Symbol;Acc:7234]",0.0013,0.91,"0.91
[0.0013]",NA,NA,NA,NA,NA,NA,NA,NA,NA,NA,NA,NA,NA,NA
"9",70,"ENSG00000175416",136,0,"CLTB","CLTB:
clathrin, light chain B 
[Source:HGNC Symbol;Acc:2091]",0.0013,0.91,"0.91
[0.0013]",NA,NA,NA,NA,NA,NA,NA,NA,NA,NA,NA,NA,NA,NA
"10",16,"ENSG00000134851",21,0,"TMEM165","TMEM165:
transmembrane protein 165 
[Source:HGNC Symbol;Acc:30760]",0.0016,0.81,"0.81
[0.0016]",NA,NA,NA,NA,NA,NA,NA,NA,NA,NA,NA,NA,NA,NA
"11",17,"ENSG00000169446",21,0,"MMGT1","MMGT1:
membrane magnesium transporter 1 
[Source:HGNC Symbol;Acc:28100]",0.0016,0.81,"0.81
[0.0016]",NA,NA,NA,NA,NA,NA,NA,NA,NA,NA,NA,NA,NA,NA
"12",78,"ENSG00000179295",201,0,"PTPN11","PTPN11:
protein tyrosine phosphatase, non-receptor type 11 
[Source:HGNC Symbol;Acc:9644]",0.0016,0.87,"0.87
[0.0016]",NA,NA,NA,NA,NA,NA,NA,NA,NA,NA,NA,NA,NA,NA
"13",79,"ENSG00000242372",201,0,"EIF6","EIF6:
eukaryotic translation initiation factor 6 
[Source:HGNC Symbol;Acc:6159]",0.0016,0.87,"0.87
[0.0016]",NA,NA,NA,NA,NA,NA,NA,NA,NA,NA,NA,NA,NA,NA
"14",71,"ENSG00000005156",137,0,"LIG3","LIG3:
ligase III, DNA, ATP-dependent 
[Source:HGNC Symbol;Acc:6600]",0.0026,0.8,"0.8
[0.0026]",NA,NA,NA,NA,NA,NA,NA,NA,NA,NA,NA,NA,NA,NA
"15",72,"ENSG00000167815",137,0,"PRDX2","PRDX2:
peroxiredoxin 2 
[Source:HGNC Symbol;Acc:9353]",0.0026,0.8,"0.8
[0.0026]",NA,NA,NA,NA,NA,NA,NA,NA,NA,NA,NA,NA,NA,NA
"16",12,"ENSG00000101160",15,0,"CTSZ","CTSZ:
cathepsin Z 
[Source:HGNC Symbol;Acc:2547]",0.0107,0.55,"0.55
[0.0107]",NA,NA,NA,NA,NA,NA,NA,NA,NA,NA,NA,NA,NA,NA
"17",13,"ENSG00000143614",15,0,"GATAD2B","GATAD2B:
GATA zinc finger domain containing 2B 
[Source:HGNC Symbol;Acc:30778]",0.0107,0.55,"0.55
[0.0107]",NA,NA,NA,NA,NA,NA,NA,NA,NA,NA,NA,NA,NA,NA
"18",43,"ENSG00000165609",48,0,"NUDT5","NUDT5:
nudix (nucleoside diphosphate linked moiety X)-type motif 5 
[Source:HGNC Symbol;Acc:8052]",0.016,0.47,"0.47
[0.0160]",NA,NA,NA,NA,NA,NA,131,52,2,"NUDT5","NUDT5:
 
nudix (nucleoside diphosphate linked moiety X)-type motif 5 
[Source:HGNC Symbol;Acc:8052]",0.0257,0.67,"0.67
[0.0257]"
"19",44,"ENSG00000240972",48,0,"MIF","MIF:
macrophage migration inhibitory factor (glycosylation-inhibiting factor) 
[Source:HGNC Symbol;Acc:7097]",0.016,0.47,"0.47
[0.0160]",NA,NA,NA,NA,NA,NA,NA,NA,NA,NA,NA,NA,NA,NA
"20",57,"ENSG00000025772",91,0,"TOMM34","TOMM34:
translocase of outer mitochondrial membrane 34 
[Source:HGNC Symbol;Acc:15746]",0.0177,0.8,"0.8
[0.0177]",NA,NA,NA,NA,NA,NA,NA,NA,NA,NA,NA,NA,NA,NA
"21",58,"ENSG00000168036",91,0,"CTNNB1","CTNNB1:
catenin (cadherin-associated protein), beta 1, 88kDa 
[Source:HGNC Symbol;Acc:2514]",0.0177,0.8,"0.8
[0.0177]",NA,NA,NA,NA,NA,NA,NA,NA,NA,NA,NA,NA,NA,NA
"22",80,"ENSG00000113368",205,0,"LMNB1","LMNB1:
lamin B1 
[Source:HGNC Symbol;Acc:6637]",0.0177,0.64,"0.64
[0.0177]",NA,NA,NA,NA,NA,NA,49,99,0,"LMNB1","LMNB1:
 
lamin B1 
[Source:HGNC Symbol;Acc:6637]",0.1625,0.01,"0.01
[0.1625]"
"23",81,"ENSG00000188021",205,0,"UBQLN2","UBQLN2:
ubiquilin 2 
[Source:HGNC Symbol;Acc:12509]",0.0177,0.64,"0.64
[0.0177]",NA,NA,NA,NA,NA,NA,NA,NA,NA,NA,NA,NA,NA,NA
"24",45,"ENSG00000124299",51,0,"PEPD","PEPD:
peptidase D 
[Source:HGNC Symbol;Acc:8840]",0.0496,0.5,"0.5
[0.0496]",NA,NA,NA,NA,NA,NA,NA,NA,NA,NA,NA,NA,NA,NA
"25",46,"ENSG00000124614",51,0,"RPS10","RPS10:
ribosomal protein S10 
[Source:HGNC Symbol;Acc:10383]",0.0496,0.5,"0.5
[0.0496]",NA,NA,NA,NA,NA,NA,NA,NA,NA,NA,NA,NA,NA,NA
"26",14,"ENSG00000178921",16,0,"PFAS","PFAS:
phosphoribosylformylglycinamidine synthase 
[Source:HGNC Symbol;Acc:8863]",0.0593,0.26,"0.26
[0.0593]",NA,NA,NA,NA,NA,NA,73,10,1,"PFAS","PFAS:
 
phosphoribosylformylglycinamidine synthase 
[Source:HGNC Symbol;Acc:8863]",1e-04,0.96,"0.96
[0.0001]"
"27",15,"ENSG00000196531",16,0,"NACA","NACA:
nascent polypeptide-associated complex alpha subunit 
[Source:HGNC Symbol;Acc:7629]",0.0593,0.26,"0.26
[0.0593]",NA,NA,NA,NA,NA,NA,NA,NA,NA,NA,NA,NA,NA,NA
"28",30,"ENSG00000006125",28,0,"AP2B1","AP2B1:
adaptor-related protein complex 2, beta 1 subunit 
[Source:HGNC Symbol;Acc:563]",0.0598,0.39,"0.39
[0.0598]",NA,NA,NA,NA,NA,NA,NA,NA,NA,NA,NA,NA,NA,NA
"29",31,"ENSG00000101161",28,0,"PRPF6","PRPF6:
pre-mRNA processing factor 6 
[Source:HGNC Symbol;Acc:15860]",0.0598,0.39,"0.39
[0.0598]",NA,NA,NA,NA,NA,NA,NA,NA,NA,NA,NA,NA,NA,NA
"30",84,"ENSG00000113552",220,0,"GNPDA1","GNPDA1:
glucosamine-6-phosphate deaminase 1 
[Source:HGNC Symbol;Acc:4417]",0.0598,0.37,"0.37
[0.0598]",NA,NA,NA,NA,NA,NA,NA,NA,NA,NA,NA,NA,NA,NA
"31",85,"ENSG00000145741",220,0,"BTF3","BTF3:
basic transcription factor 3 
[Source:HGNC Symbol;Acc:1125]",0.0598,0.37,"0.37
[0.0598]",NA,NA,NA,NA,NA,NA,NA,NA,NA,NA,NA,NA,NA,NA
"32",86,"ENSG00000029363",246,0,"BCLAF1","BCLAF1:
BCL2-associated transcription factor 1 
[Source:HGNC Symbol;Acc:16863]",0.0598,0.35,"0.35
[0.0598]",NA,NA,NA,NA,NA,NA,132,57,2,"BCLAF1","BCLAF1:
 
BCL2-associated transcription factor 1 
[Source:HGNC Symbol;Acc:16863]",0.0031,0.72,"0.72
[0.0031]"
"33",87,"ENSG00000114209",246,0,"PDCD10","PDCD10:
programmed cell death 10 
[Source:HGNC Symbol;Acc:8761]",0.0598,0.35,"0.35
[0.0598]",NA,NA,NA,NA,NA,NA,NA,NA,NA,NA,NA,NA,NA,NA
"34",63,"ENSG00000116030",107,0,"SUMO1","SUMO1:
small ubiquitin-like modifier 1 
[Source:HGNC Symbol;Acc:12502]",0.0952,0.49,"0.49
[0.0952]",NA,NA,NA,NA,NA,NA,NA,NA,NA,NA,NA,NA,NA,NA
"35",64,"ENSG00000119812",107,0,"FAM98A","FAM98A:
family with sequence similarity 98, member A 
[Source:HGNC Symbol;Acc:24520]",0.0952,0.49,"0.49
[0.0952]",NA,NA,NA,NA,NA,NA,NA,NA,NA,NA,NA,NA,NA,NA
"36",32,"ENSG00000052749",32,0,"RRP12","RRP12:
ribosomal RNA processing 12 homolog (S. cerevisiae) 
[Source:HGNC Symbol;Acc:29100]",0.0958,0.18,"0.18
[0.0958]",NA,NA,NA,NA,NA,NA,NA,NA,NA,NA,NA,NA,NA,NA
"37",33,"ENSG00000124635",32,0,"HIST1H2BJ","HIST1H2BJ:
histone cluster 1, H2bj 
[Source:HGNC Symbol;Acc:4761]",0.0958,0.18,"0.18
[0.0958]",NA,NA,NA,NA,NA,NA,NA,NA,NA,NA,NA,NA,NA,NA
"38",82,"ENSG00000072042",213,0,"RDH11","RDH11:
retinol dehydrogenase 11 (all-trans/9-cis/11-cis) 
[Source:HGNC Symbol;Acc:17964]",0.0958,0.15,"0.15
[0.0958]",NA,NA,NA,NA,NA,NA,NA,NA,NA,NA,NA,NA,NA,NA
"39",83,"ENSG00000178307",213,0,"TMEM11","TMEM11:
transmembrane protein 11 
[Source:HGNC Symbol;Acc:16823]",0.0958,0.15,"0.15
[0.0958]",NA,NA,NA,NA,NA,NA,NA,NA,NA,NA,NA,NA,NA,NA
"40",41,"ENSG00000133703",44,0,"KRAS","KRAS:
Kirsten rat sarcoma viral oncogene homolog 
[Source:HGNC Symbol;Acc:6407]",0.105,0.62,"0.62
[0.1050]",NA,NA,NA,NA,NA,NA,NA,NA,NA,NA,NA,NA,NA,NA
"41",42,"ENSG00000146963",44,0,"C7orf55-LUC7L2","C7orf55-LUC7L2:
C7orf55-LUC7L2 readthrough 
[Source:HGNC Symbol;Acc:44671]",0.105,0.62,"0.62
[0.1050]",NA,NA,NA,NA,NA,NA,NA,NA,NA,NA,NA,NA,NA,NA
"42",73,"ENSG00000106628",173,0,"POLD2","POLD2:
polymerase (DNA directed), delta 2, accessory subunit 
[Source:HGNC Symbol;Acc:9176]",0.105,0.34,"0.34
[0.1050]",NA,NA,NA,NA,NA,NA,NA,NA,NA,NA,NA,NA,NA,NA
"43",74,"ENSG00000132361",173,0,"CLUH","CLUH:
clustered mitochondria (cluA/CLU1) homolog 
[Source:HGNC Symbol;Acc:29094]",0.105,0.34,"0.34
[0.1050]",NA,NA,NA,NA,NA,NA,NA,NA,NA,NA,NA,NA,NA,NA
"44",75,"ENSG00000159111",173,0,"MRPL10","MRPL10:
mitochondrial ribosomal protein L10 
[Source:HGNC Symbol;Acc:14055]",0.105,0.34,"0.34
[0.1050]",NA,NA,NA,NA,NA,NA,NA,NA,NA,NA,NA,NA,NA,NA
"45",47,"ENSG00000090273",58,0,"NUDC","NUDC:
nudC nuclear distribution protein 
[Source:HGNC Symbol;Acc:8045]",0.1148,0.57,"0.57
[0.1148]",NA,NA,NA,NA,NA,NA,NA,NA,NA,NA,NA,NA,NA,NA
"46",48,"ENSG00000101126",58,0,"ADNP","ADNP:
activity-dependent neuroprotector homeobox 
[Source:HGNC Symbol;Acc:15766]",0.1148,0.57,"0.57
[0.1148]",NA,NA,NA,NA,NA,NA,NA,NA,NA,NA,NA,NA,NA,NA
"47",76,"ENSG00000055044",178,0,"NOP58","NOP58:
NOP58 ribonucleoprotein 
[Source:HGNC Symbol;Acc:29926]",0.1249,0.12,"0.12
[0.1249]",NA,NA,NA,NA,NA,NA,NA,NA,NA,NA,NA,NA,NA,NA
"48",77,"ENSG00000205339",178,0,"IPO7","IPO7:
importin 7 
[Source:HGNC Symbol;Acc:9852]",0.1249,0.12,"0.12
[0.1249]",NA,NA,NA,NA,NA,NA,NA,NA,NA,NA,NA,NA,NA,NA
"49",5,"ENSG00000154473",11,0,"BUB3","BUB3:
BUB3 mitotic checkpoint protein 
[Source:HGNC Symbol;Acc:1151]",0.1597,0.37,"0.37
[0.1597]",NA,NA,NA,NA,NA,NA,NA,NA,NA,NA,NA,NA,NA,NA
"50",6,"ENSG00000179889",11,0,"PDXDC1","PDXDC1:
pyridoxal-dependent decarboxylase domain containing 1 
[Source:HGNC Symbol;Acc:28995]",0.1597,0.37,"0.37
[0.1597]",NA,NA,NA,NA,NA,NA,NA,NA,NA,NA,NA,NA,NA,NA
"51",65,"ENSG00000128567",119,0,"PODXL","PODXL:
podocalyxin-like 
[Source:HGNC Symbol;Acc:9171]",0.2601,0.44,"0.44
[0.2601]",NA,NA,NA,NA,NA,NA,50,99,0,"PODXL","PODXL:
 
podocalyxin-like 
[Source:HGNC Symbol;Acc:9171]",0.1625,0.01,"0.01
[0.1625]"
"52",66,"ENSG00000179409",119,0,"GEMIN4","GEMIN4:
gem (nuclear organelle) associated protein 4 
[Source:HGNC Symbol;Acc:15717]",0.2601,0.44,"0.44
[0.2601]",NA,NA,NA,NA,NA,NA,NA,NA,NA,NA,NA,NA,NA,NA
"53",51,"ENSG00000005022",77,0,"SLC25A5","SLC25A5:
solute carrier family 25 (mitochondrial carrier; adenine nucleotide translocator), member 5 
[Source:HGNC Symbol;Acc:10991]",0.2922,0.48,"0.48
[0.2922]",NA,NA,NA,NA,NA,NA,NA,NA,NA,NA,NA,NA,NA,NA
"54",52,"ENSG00000241837",77,0,"ATP5O","ATP5O:
ATP synthase, H+ transporting, mitochondrial F1 complex, O subunit 
[Source:HGNC Symbol;Acc:850]",0.2922,0.48,"0.48
[0.2922]",NA,NA,NA,NA,NA,NA,NA,NA,NA,NA,NA,NA,NA,NA
"55",61,"ENSG00000070785",102,0,"EIF2B3","EIF2B3:
eukaryotic translation initiation factor 2B, subunit 3 gamma, 58kDa 
[Source:HGNC Symbol;Acc:3259]",0.2922,0.16,"0.16
[0.2922]",NA,NA,NA,NA,NA,NA,NA,NA,NA,NA,NA,NA,NA,NA
"56",62,"ENSG00000168291",102,0,"PDHB","PDHB:
pyruvate dehydrogenase (lipoamide) beta 
[Source:HGNC Symbol;Acc:8808]",0.2922,0.16,"0.16
[0.2922]",NA,NA,NA,NA,NA,NA,NA,NA,NA,NA,NA,NA,NA,NA
"57",3,"ENSG00000167768",4,0,"KRT1","KRT1:
keratin 1 
[Source:HGNC Symbol;Acc:6412]",0.3945,0.44,"0.44
[0.3945]",NA,NA,NA,NA,NA,NA,NA,NA,NA,NA,NA,NA,NA,NA
"58",4,"ENSG00000172867",4,0,"KRT2","KRT2:
keratin 2 
[Source:HGNC Symbol;Acc:6439]",0.3945,0.44,"0.44
[0.3945]",NA,NA,NA,NA,NA,NA,NA,NA,NA,NA,NA,NA,NA,NA
"59",10,"ENSG00000147475",14,0,"ERLIN2","ERLIN2:
ER lipid raft associated 2 
[Source:HGNC Symbol;Acc:1356]",0.3945,0.44,"0.44
[0.3945]",NA,NA,NA,NA,NA,NA,NA,NA,NA,NA,NA,NA,NA,NA
"60",11,"ENSG00000169020",14,0,"ATP5I","ATP5I:
ATP synthase, H+ transporting, mitochondrial Fo complex, subunit E 
[Source:HGNC Symbol;Acc:846]",0.3945,0.44,"0.44
[0.3945]",NA,NA,NA,NA,NA,NA,NA,NA,NA,NA,NA,NA,NA,NA
"61",67,"ENSG00000163939",120,0,"PBRM1","PBRM1:
polybromo 1 
[Source:HGNC Symbol;Acc:30064]",0.6678,0.06,"0.06
[0.6678]",NA,NA,NA,NA,NA,NA,NA,NA,NA,NA,NA,NA,NA,NA
"62",68,"ENSG00000168385",120,0,"SEPT2","SEPT2:
septin 2 
[Source:HGNC Symbol;Acc:7729]",0.6678,0.06,"0.06
[0.6678]",NA,NA,NA,NA,NA,NA,110,6,2,"SEPT2","SEPT2:
 
septin 2 
[Source:HGNC Symbol;Acc:7729]",0.0202,0.69,"0.69
[0.0202]"
"63",7,"ENSG00000103018",12,0,"CYB5B","CYB5B:
cytochrome b5 type B (outer mitochondrial membrane) 
[Source:HGNC Symbol;Acc:24374]",0.9999,0.07,"0.07
[0.9999]",NA,NA,NA,NA,NA,NA,NA,NA,NA,NA,NA,NA,NA,NA
"64",8,"ENSG00000104823",12,0,"ECH1","ECH1:
enoyl CoA hydratase 1, peroxisomal 
[Source:HGNC Symbol;Acc:3149]",0.9999,0.07,"0.07
[0.9999]",NA,NA,NA,NA,NA,NA,NA,NA,NA,NA,NA,NA,NA,NA
"65",9,"ENSG00000115541",12,0,"HSPE1","HSPE1:
heat shock 10kDa protein 1 
[Source:HGNC Symbol;Acc:5269]",0.9999,0.07,"0.07
[0.9999]",NA,NA,NA,NA,NA,NA,NA,NA,NA,NA,NA,NA,NA,NA
"66",118,"ENSG00000090861",44,1,"AARS","AARS:
alanyl-tRNA synthetase 
[Source:HGNC Symbol;Acc:20]",0.0046,0.87,"0.87
[0.0046]",NA,NA,NA,NA,NA,NA,NA,NA,NA,NA,NA,NA,NA,NA
"67",119,"ENSG00000092201",44,1,"SUPT16H","SUPT16H:
suppressor of Ty 16 homolog (S. cerevisiae) 
[Source:HGNC Symbol;Acc:11465]",0.0046,0.87,"0.87
[0.0046]",NA,NA,NA,NA,NA,NA,NA,NA,NA,NA,NA,NA,NA,NA
"68",130,"ENSG00000100764",107,1,"PSMC1","PSMC1:
proteasome (prosome, macropain) 26S subunit, ATPase, 1 
[Source:HGNC Symbol;Acc:9547]",0.0096,0.77,"0.77
[0.0096]",NA,NA,NA,NA,NA,NA,NA,NA,NA,NA,NA,NA,NA,NA
"69",131,"ENSG00000133789",107,1,"SWAP70","SWAP70:
SWAP switching B-cell complex 70kDa subunit 
[Source:HGNC Symbol;Acc:17070]",0.0096,0.77,"0.77
[0.0096]",NA,NA,NA,NA,NA,NA,NA,NA,NA,NA,NA,NA,NA,NA
"70",99,"ENSG00000115641",10,1,"FHL2","FHL2:
four and a half LIM domains 2 
[Source:HGNC Symbol;Acc:3703]",0.016,0.72,"0.72
[0.0160]",NA,NA,NA,NA,NA,NA,NA,NA,NA,NA,NA,NA,NA,NA
"71",100,"ENSG00000129515",10,1,"SNX6","SNX6:
sorting nexin 6 
[Source:HGNC Symbol;Acc:14970]",0.016,0.72,"0.72
[0.0160]",NA,NA,NA,NA,NA,NA,NA,NA,NA,NA,NA,NA,NA,NA
"72",91,"ENSG00000138107",4,1,"ACTR1A","ACTR1A:
ARP1 actin-related protein 1 homolog A, centractin alpha (yeast) 
[Source:HGNC Symbol;Acc:167]",0.0177,0.68,"0.68
[0.0177]",NA,NA,NA,NA,NA,NA,NA,NA,NA,NA,NA,NA,NA,NA
"73",92,"ENSG00000154380",4,1,"ENAH","ENAH:
enabled homolog (Drosophila) 
[Source:HGNC Symbol;Acc:18271]",0.0177,0.68,"0.68
[0.0177]",NA,NA,NA,NA,NA,NA,NA,NA,NA,NA,NA,NA,NA,NA
"74",110,"ENSG00000131467",21,1,"PSME3","PSME3:
proteasome (prosome, macropain) activator subunit 3 (PA28 gamma; Ki) 
[Source:HGNC Symbol;Acc:9570]",0.0177,0.68,"0.68
[0.0177]",NA,NA,NA,NA,NA,NA,NA,NA,NA,NA,NA,NA,NA,NA
"75",111,"ENSG00000166582",21,1,"CENPV","CENPV:
centromere protein V 
[Source:HGNC Symbol;Acc:29920]",0.0177,0.68,"0.68
[0.0177]",NA,NA,NA,NA,NA,NA,NA,NA,NA,NA,NA,NA,NA,NA
"76",116,"ENSG00000138757",36,1,"G3BP2","G3BP2:
GTPase activating protein (SH3 domain) binding protein 2 
[Source:HGNC Symbol;Acc:30291]",0.0177,0.69,"0.69
[0.0177]",NA,NA,NA,NA,NA,NA,NA,NA,NA,NA,NA,NA,NA,NA
"77",117,"ENSG00000179091",36,1,"CYC1","CYC1:
cytochrome c-1 
[Source:HGNC Symbol;Acc:2579]",0.0177,0.69,"0.69
[0.0177]",NA,NA,NA,NA,NA,NA,NA,NA,NA,NA,NA,NA,NA,NA
"78",101,"ENSG00000008282",12,1,"SYPL1","SYPL1:
synaptophysin-like 1 
[Source:HGNC Symbol;Acc:11507]",0.019,0.68,"0.68
[0.0190]",NA,NA,NA,NA,NA,NA,NA,NA,NA,NA,NA,NA,NA,NA
"79",102,"ENSG00000163002",12,1,"NUP35","NUP35:
nucleoporin 35kDa 
[Source:HGNC Symbol;Acc:29797]",0.019,0.68,"0.68
[0.0190]",NA,NA,NA,NA,NA,NA,NA,NA,NA,NA,NA,NA,NA,NA
"80",124,"ENSG00000010244",73,1,"ZNF207","ZNF207:
zinc finger protein 207 
[Source:HGNC Symbol;Acc:12998]",0.0291,0.59,"0.59
[0.0291]",NA,NA,NA,NA,NA,NA,15,15,0,"ZNF207","ZNF207:
 
zinc finger protein 207 
[Source:HGNC Symbol;Acc:12998]",1e-04,0.66,"0.66
[0.0001]"
"81",125,"ENSG00000074800",73,1,"ENO1","ENO1:
enolase 1, (alpha) 
[Source:HGNC Symbol;Acc:3350]",0.0291,0.59,"0.59
[0.0291]",NA,NA,NA,NA,NA,NA,NA,NA,NA,NA,NA,NA,NA,NA
"82",97,"ENSG00000143149",9,1,"ALDH9A1","ALDH9A1:
aldehyde dehydrogenase 9 family, member A1 
[Source:HGNC Symbol;Acc:412]",0.0668,0.54,"0.54
[0.0668]",NA,NA,NA,NA,NA,NA,NA,NA,NA,NA,NA,NA,NA,NA
"83",98,"ENSG00000196924",9,1,"FLNA","FLNA:
filamin A, alpha 
[Source:HGNC Symbol;Acc:3754]",0.0668,0.54,"0.54
[0.0668]",NA,NA,NA,NA,NA,NA,NA,NA,NA,NA,NA,NA,NA,NA
"84",112,"ENSG00000152767",23,1,"FARP1","FARP1:
FERM, RhoGEF (ARHGEF) and pleckstrin domain protein 1 (chondrocyte-derived) 
[Source:HGNC Symbol;Acc:3591]",0.105,0.45,"0.45
[0.1050]",NA,NA,NA,NA,NA,NA,NA,NA,NA,NA,NA,NA,NA,NA
"85",113,"ENSG00000173486",23,1,"FKBP2","FKBP2:
FK506 binding protein 2, 13kDa 
[Source:HGNC Symbol;Acc:3718]",0.105,0.45,"0.45
[0.1050]",NA,NA,NA,NA,NA,NA,NA,NA,NA,NA,NA,NA,NA,NA
"86",128,"ENSG00000123146",93,1,"CD97","CD97:
CD97 molecule 
[Source:HGNC Symbol;Acc:1711]",0.1148,0.44,"0.44
[0.1148]",NA,NA,NA,NA,NA,NA,NA,NA,NA,NA,NA,NA,NA,NA
"87",129,"ENSG00000203667",93,1,"COX20","COX20:
COX20 cytochrome C oxidase assembly factor 
[Source:HGNC Symbol;Acc:26970]",0.1148,0.44,"0.44
[0.1148]",NA,NA,NA,NA,NA,NA,NA,NA,NA,NA,NA,NA,NA,NA
"88",120,"ENSG00000086062",53,1,"B4GALT1","B4GALT1:
UDP-Gal:betaGlcNAc beta 1,4- galactosyltransferase, polypeptide 1 
[Source:HGNC Symbol;Acc:924]",0.1249,0.42,"0.42
[0.1249]",NA,NA,NA,NA,NA,NA,119,22,2,"B4GALT1","B4GALT1:
 
UDP-Gal:betaGlcNAc beta 1,4- galactosyltransferase, polypeptide 1 
[Source:HGNC Symbol;Acc:924]",1e-04,0.88,"0.88
[0.0001]"
"89",121,"ENSG00000152952",53,1,"PLOD2","PLOD2:
procollagen-lysine, 2-oxoglutarate 5-dioxygenase 2 
[Source:HGNC Symbol;Acc:9082]",0.1249,0.42,"0.42
[0.1249]",NA,NA,NA,NA,NA,NA,NA,NA,NA,NA,NA,NA,NA,NA
"90",114,"ENSG00000149257",28,1,"SERPINH1","SERPINH1:
serpin peptidase inhibitor, clade H (heat shock protein 47), member 1, (collagen binding protein 1) 
[Source:HGNC Symbol;Acc:1546]",0.1391,0.4,"0.4
[0.1391]",NA,NA,NA,NA,NA,NA,NA,NA,NA,NA,NA,NA,NA,NA
"91",115,"ENSG00000164294",28,1,"GPX8","GPX8:
glutathione peroxidase 8 (putative) 
[Source:HGNC Symbol;Acc:33100]",0.1391,0.4,"0.4
[0.1391]",NA,NA,NA,NA,NA,NA,NA,NA,NA,NA,NA,NA,NA,NA
"92",132,"ENSG00000067704",109,1,"IARS2","IARS2:
isoleucyl-tRNA synthetase 2, mitochondrial 
[Source:HGNC Symbol;Acc:29685]",0.1971,0.27,"0.27
[0.1971]",NA,NA,NA,NA,NA,NA,NA,NA,NA,NA,NA,NA,NA,NA
"93",133,"ENSG00000120158",109,1,"RCL1","RCL1:
RNA terminal phosphate cyclase-like 1 
[Source:HGNC Symbol;Acc:17687]",0.1971,0.27,"0.27
[0.1971]",NA,NA,NA,NA,NA,NA,NA,NA,NA,NA,NA,NA,NA,NA
"94",134,"ENSG00000125743",109,1,"SNRPD2","SNRPD2:
small nuclear ribonucleoprotein D2 polypeptide 16.5kDa 
[Source:HGNC Symbol;Acc:11159]",0.1971,0.27,"0.27
[0.1971]",NA,NA,NA,NA,NA,NA,NA,NA,NA,NA,NA,NA,NA,NA
"95",122,"ENSG00000004897",72,1,"CDC27","CDC27:
cell division cycle 27 
[Source:HGNC Symbol;Acc:1728]",0.5961,0.02,"0.02
[0.5961]",NA,NA,NA,NA,NA,NA,3,4,0,"CDC27","CDC27:
 
cell division cycle 27 
[Source:HGNC Symbol;Acc:1728]",0.1631,0.34,"0.34
[0.1631]"
"96",123,"ENSG00000106105",72,1,"GARS","GARS:
glycyl-tRNA synthetase 
[Source:HGNC Symbol;Acc:4162]",0.5961,0.02,"0.02
[0.5961]",NA,NA,NA,NA,NA,NA,NA,NA,NA,NA,NA,NA,NA,NA
"97",126,"ENSG00000070770",76,1,"CSNK2A2","CSNK2A2:
casein kinase 2, alpha prime polypeptide 
[Source:HGNC Symbol;Acc:2459]",0.6095,0.01,"0.01
[0.6095]",NA,NA,NA,NA,NA,NA,NA,NA,NA,NA,NA,NA,NA,NA
"98",127,"ENSG00000136830",76,1,"FAM129B","FAM129B:
family with sequence similarity 129, member B 
[Source:HGNC Symbol;Acc:25282]",0.6095,0.01,"0.01
[0.6095]",NA,NA,NA,NA,NA,NA,NA,NA,NA,NA,NA,NA,NA,NA
"99",135,"ENSG00000143870",1,2,"PDIA6","PDIA6:
protein disulfide isomerase family A, member 6 
[Source:HGNC Symbol;Acc:30168]",1e-04,0.99,"0.99
[0.0001]",NA,NA,NA,NA,NA,NA,NA,NA,NA,NA,NA,NA,NA,NA
"100",136,"ENSG00000166598",1,2,"HSP90B1","HSP90B1:
heat shock protein 90kDa beta (Grp94), member 1 
[Source:HGNC Symbol;Acc:12028]",1e-04,0.99,"0.99
[0.0001]",NA,NA,NA,NA,NA,NA,NA,NA,NA,NA,NA,NA,NA,NA
"101",137,"ENSG00000079246",7,2,"XRCC5","XRCC5:
X-ray repair complementing defective repair in Chinese hamster cells 5 (double-strand-break rejoining) 
[Source:HGNC Symbol;Acc:12833]",0.0016,0.84,"0.84
[0.0016]",NA,NA,NA,NA,NA,NA,NA,NA,NA,NA,NA,NA,NA,NA
"102",138,"ENSG00000133026",7,2,"MYH10","MYH10:
myosin, heavy chain 10, non-muscle 
[Source:HGNC Symbol;Acc:7568]",0.0016,0.84,"0.84
[0.0016]",NA,NA,NA,NA,NA,NA,NA,NA,NA,NA,NA,NA,NA,NA
"103",149,"ENSG00000002834",76,2,"LASP1","LASP1:
LIM and SH3 protein 1 
[Source:HGNC Symbol;Acc:6513]",0.0291,0.7,"0.7
[0.0291]",NA,NA,NA,NA,NA,NA,NA,NA,NA,NA,NA,NA,NA,NA
"104",150,"ENSG00000172115",76,2,"CYCS","CYCS:
cytochrome c, somatic 
[Source:HGNC Symbol;Acc:19986]",0.0291,0.7,"0.7
[0.0291]",NA,NA,NA,NA,NA,NA,59,224,0,"CYCS","CYCS:
 
cytochrome c, somatic 
[Source:HGNC Symbol;Acc:19986]",0.0146,0.64,"0.64
[0.0146]"
"105",143,"ENSG00000135250",56,2,"SRPK2","SRPK2:
SRSF protein kinase 2 
[Source:HGNC Symbol;Acc:11306]",0.0449,0.45,"0.45
[0.0449]",NA,NA,NA,NA,NA,NA,NA,NA,NA,NA,NA,NA,NA,NA
"106",144,"ENSG00000135821",56,2,"GLUL","GLUL:
glutamate-ammonia ligase 
[Source:HGNC Symbol;Acc:4341]",0.0449,0.45,"0.45
[0.0449]",NA,NA,NA,NA,NA,NA,21,21,0,"GLUL","GLUL:
 
glutamate-ammonia ligase 
[Source:HGNC Symbol;Acc:4341]",0.0014,0.79,"0.79
[0.0014]"
"107",145,"ENSG00000137073",56,2,"UBAP2","UBAP2:
ubiquitin associated protein 2 
[Source:HGNC Symbol;Acc:14185]",0.0449,0.45,"0.45
[0.0449]",NA,NA,NA,NA,NA,NA,NA,NA,NA,NA,NA,NA,NA,NA
"108",146,"ENSG00000198612",56,2,"COPS8","COPS8:
COP9 signalosome subunit 8 
[Source:HGNC Symbol;Acc:24335]",0.0449,0.45,"0.45
[0.0449]",NA,NA,NA,NA,NA,NA,127,37,2,"COPS8","COPS8:
 
COP9 signalosome subunit 8 
[Source:HGNC Symbol;Acc:24335]",0.062,0.55,"0.55
[0.0620]"
"109",147,"ENSG00000130414",72,2,"NDUFA10","NDUFA10:
NADH dehydrogenase (ubiquinone) 1 alpha subcomplex, 10, 42kDa 
[Source:HGNC Symbol;Acc:7684]",0.0958,0.52,"0.52
[0.0958]",NA,NA,NA,NA,NA,NA,NA,NA,NA,NA,NA,NA,NA,NA
"110",148,"ENSG00000147684",72,2,"NDUFB9","NDUFB9:
NADH dehydrogenase (ubiquinone) 1 beta subcomplex, 9, 22kDa 
[Source:HGNC Symbol;Acc:7704]",0.0958,0.52,"0.52
[0.0958]",NA,NA,NA,NA,NA,NA,NA,NA,NA,NA,NA,NA,NA,NA
"111",141,"ENSG00000125144",24,2,"MT1G","MT1G:
metallothionein 1G 
[Source:HGNC Symbol;Acc:7399]",0.2669,0.29,"0.29
[0.2669]",NA,NA,NA,NA,NA,NA,NA,NA,NA,NA,NA,NA,NA,NA
"112",142,"ENSG00000173376",24,2,"NDNF","NDNF:
neuron-derived neurotrophic factor 
[Source:HGNC Symbol;Acc:26256]",0.2669,0.29,"0.29
[0.2669]",NA,NA,NA,NA,NA,NA,NA,NA,NA,NA,NA,NA,NA,NA
"113",139,"ENSG00000105669",9,2,"COPE","COPE:
coatomer protein complex, subunit epsilon 
[Source:HGNC Symbol;Acc:2234]",0.4413,0.14,"0.14
[0.4413]",NA,NA,NA,NA,NA,NA,NA,NA,NA,NA,NA,NA,NA,NA
"114",140,"ENSG00000163344",9,2,"PMVK","PMVK:
phosphomevalonate kinase 
[Source:HGNC Symbol;Acc:9141]",0.4413,0.14,"0.14
[0.4413]",NA,NA,NA,NA,NA,NA,NA,NA,NA,NA,NA,NA,NA,NA
"115",NA,"ENSG00000137267",NA,NA,NA,NA,NA,NA,NA,NA,NA,NA,NA,NA,NA,1,1,0,"TUBB2A","TUBB2A:
 
tubulin, beta 2A class IIa 
[Source:HGNC Symbol;Acc:12412]",0.9943,-0.79,"-0.79
[0.9943]"
"116",NA,"ENSG00000175793",NA,NA,NA,NA,NA,NA,NA,NA,NA,NA,NA,NA,NA,2,1,0,"SFN","SFN:
 
stratifin 
[Source:HGNC Symbol;Acc:10773]",0.9943,-0.79,"-0.79
[0.9943]"
"117",NA,"ENSG00000127824",NA,NA,NA,NA,NA,NA,NA,NA,NA,NA,NA,NA,NA,4,4,0,"TUBA4A","TUBA4A:
 
tubulin, alpha 4a 
[Source:HGNC Symbol;Acc:12407]",0.1631,0.34,"0.34
[0.1631]"
"118",NA,"ENSG00000075618",NA,NA,NA,NA,NA,NA,NA,NA,NA,NA,NA,NA,NA,5,7,0,"FSCN1","FSCN1:
 
fascin homolog 1, actin-bundling protein (Strongylocentrotus purpuratus) 
[Source:HGNC Symbol;Acc:11148]",0.001,0.77,"0.77
[0.0010]"
"119",NA,"ENSG00000136205",NA,NA,NA,NA,NA,NA,NA,NA,NA,NA,NA,NA,NA,6,7,0,"TNS3","TNS3:
 
tensin 3 
[Source:HGNC Symbol;Acc:21616]",0.001,0.77,"0.77
[0.0010]"
"120",NA,"ENSG00000113448",NA,NA,NA,NA,NA,NA,NA,NA,NA,NA,NA,NA,NA,7,8,0,"PDE4D","PDE4D:
 
phosphodiesterase 4D, cAMP-specific 
[Source:HGNC Symbol;Acc:8783]",0.7308,-0.3,"-0.3
[0.7308]"
"121",NA,"ENSG00000171262",NA,NA,NA,NA,NA,NA,NA,NA,NA,NA,NA,NA,NA,8,8,0,"FAM98B","FAM98B:
 
family with sequence similarity 98, member B 
[Source:HGNC Symbol;Acc:26773]",0.7308,-0.3,"-0.3
[0.7308]"
"122",NA,"ENSG00000164904",NA,NA,NA,NA,NA,NA,NA,NA,NA,NA,NA,NA,NA,9,9,0,"ALDH7A1","ALDH7A1:
 
aldehyde dehydrogenase 7 family, member A1 
[Source:HGNC Symbol;Acc:877]",0.0138,0.69,"0.69
[0.0138]"
"123",NA,"ENSG00000175220",NA,NA,NA,NA,NA,NA,NA,NA,NA,NA,NA,NA,NA,10,9,0,"ARHGAP1","ARHGAP1:
 
Rho GTPase activating protein 1 
[Source:HGNC Symbol;Acc:673]",0.0138,0.69,"0.69
[0.0138]"
"124",NA,"ENSG00000119777",NA,NA,NA,NA,NA,NA,NA,NA,NA,NA,NA,NA,NA,11,10,0,"TMEM214","TMEM214:
 
transmembrane protein 214 
[Source:HGNC Symbol;Acc:25983]",0.001,0.86,"0.86
[0.0010]"
"125",NA,"ENSG00000176890",NA,NA,NA,NA,NA,NA,NA,NA,NA,NA,NA,NA,NA,12,10,0,"TYMS","TYMS:
 
thymidylate synthetase 
[Source:HGNC Symbol;Acc:12441]",0.001,0.86,"0.86
[0.0010]"
"126",NA,"ENSG00000175445",NA,NA,NA,NA,NA,NA,NA,NA,NA,NA,NA,NA,NA,14,14,0,"LPL","LPL:
 
lipoprotein lipase 
[Source:HGNC Symbol;Acc:6677]",7e-04,0.83,"0.83
[0.0007]"
"127",NA,"ENSG00000131238",NA,NA,NA,NA,NA,NA,NA,NA,NA,NA,NA,NA,NA,16,15,0,"PPT1","PPT1:
 
palmitoyl-protein thioesterase 1 
[Source:HGNC Symbol;Acc:9325]",1e-04,0.66,"0.66
[0.0001]"
"128",NA,"ENSG00000168542",NA,NA,NA,NA,NA,NA,NA,NA,NA,NA,NA,NA,NA,17,15,0,"COL3A1","COL3A1:
 
collagen, type III, alpha 1 
[Source:HGNC Symbol;Acc:2201]",1e-04,0.66,"0.66
[0.0001]"
"129",NA,"ENSG00000101558",NA,NA,NA,NA,NA,NA,NA,NA,NA,NA,NA,NA,NA,18,17,0,"VAPA","VAPA:
 
VAMP (vesicle-associated membrane protein)-associated protein A, 33kDa 
[Source:HGNC Symbol;Acc:12648]",0.9825,-0.56,"-0.56
[0.9825]"
"130",NA,"ENSG00000130810",NA,NA,NA,NA,NA,NA,NA,NA,NA,NA,NA,NA,NA,19,17,0,"PPAN","PPAN:
 
peter pan homolog (Drosophila) 
[Source:HGNC Symbol;Acc:9227]",0.9825,-0.56,"-0.56
[0.9825]"
"131",NA,"ENSG00000002586",NA,NA,NA,NA,NA,NA,NA,NA,NA,NA,NA,NA,NA,22,28,0,"CD99","CD99:
 
CD99 molecule 
[Source:HGNC Symbol;Acc:7082]",0.0517,0.44,"0.44
[0.0517]"
"132",NA,"ENSG00000113712",NA,NA,NA,NA,NA,NA,NA,NA,NA,NA,NA,NA,NA,23,28,0,"CSNK1A1","CSNK1A1:
 
casein kinase 1, alpha 1 
[Source:HGNC Symbol;Acc:2451]",0.0517,0.44,"0.44
[0.0517]"
"133",NA,"ENSG00000114686",NA,NA,NA,NA,NA,NA,NA,NA,NA,NA,NA,NA,NA,24,28,0,"MRPL3","MRPL3:
 
mitochondrial ribosomal protein L3 
[Source:HGNC Symbol;Acc:10379]",0.0517,0.44,"0.44
[0.0517]"
"134",NA,"ENSG00000025800",NA,NA,NA,NA,NA,NA,NA,NA,NA,NA,NA,NA,NA,25,29,0,"KPNA6","KPNA6:
 
karyopherin alpha 6 (importin alpha 7) 
[Source:HGNC Symbol;Acc:6399]",1e-04,0.81,"0.81
[0.0001]"
"135",NA,"ENSG00000116478",NA,NA,NA,NA,NA,NA,NA,NA,NA,NA,NA,NA,NA,26,29,0,"HDAC1","HDAC1:
 
histone deacetylase 1 
[Source:HGNC Symbol;Acc:4852]",1e-04,0.81,"0.81
[0.0001]"
"136",NA,"ENSG00000129351",NA,NA,NA,NA,NA,NA,NA,NA,NA,NA,NA,NA,NA,27,29,0,"ILF3","ILF3:
 
interleukin enhancer binding factor 3, 90kDa 
[Source:HGNC Symbol;Acc:6038]",1e-04,0.81,"0.81
[0.0001]"
"137",NA,"ENSG00000175166",NA,NA,NA,NA,NA,NA,NA,NA,NA,NA,NA,NA,NA,28,29,0,"PSMD2","PSMD2:
 
proteasome (prosome, macropain) 26S subunit, non-ATPase, 2 
[Source:HGNC Symbol;Acc:9559]",1e-04,0.81,"0.81
[0.0001]"
"138",NA,"ENSG00000153904",NA,NA,NA,NA,NA,NA,NA,NA,NA,NA,NA,NA,NA,29,32,0,"DDAH1","DDAH1:
 
dimethylarginine dimethylaminohydrolase 1 
[Source:HGNC Symbol;Acc:2715]",0.0043,0.74,"0.74
[0.0043]"
"139",NA,"ENSG00000170876",NA,NA,NA,NA,NA,NA,NA,NA,NA,NA,NA,NA,NA,30,32,0,"TMEM43","TMEM43:
 
transmembrane protein 43 
[Source:HGNC Symbol;Acc:28472]",0.0043,0.74,"0.74
[0.0043]"
"140",NA,"ENSG00000122694",NA,NA,NA,NA,NA,NA,NA,NA,NA,NA,NA,NA,NA,31,34,0,"GLIPR2","GLIPR2:
 
GLI pathogenesis-related 2 
[Source:HGNC Symbol;Acc:18007]",0.4229,0.19,"0.19
[0.4229]"
"141",NA,"ENSG00000140374",NA,NA,NA,NA,NA,NA,NA,NA,NA,NA,NA,NA,NA,32,34,0,"ETFA","ETFA:
 
electron-transfer-flavoprotein, alpha polypeptide 
[Source:HGNC Symbol;Acc:3481]",0.4229,0.19,"0.19
[0.4229]"
"142",NA,"ENSG00000140416",NA,NA,NA,NA,NA,NA,NA,NA,NA,NA,NA,NA,NA,33,37,0,"TPM1","TPM1:
 
tropomyosin 1 (alpha) 
[Source:HGNC Symbol;Acc:12010]",1e-04,0.91,"0.91
[0.0001]"
"143",NA,"ENSG00000149480",NA,NA,NA,NA,NA,NA,NA,NA,NA,NA,NA,NA,NA,34,37,0,"MTA2","MTA2:
 
metastasis associated 1 family, member 2 
[Source:HGNC Symbol;Acc:7411]",1e-04,0.91,"0.91
[0.0001]"
"144",NA,"ENSG00000026025",NA,NA,NA,NA,NA,NA,NA,NA,NA,NA,NA,NA,NA,35,43,0,"VIM","VIM:
 
vimentin 
[Source:HGNC Symbol;Acc:12692]",0.7867,-0.04,"-0.04
[0.7867]"
"145",NA,"ENSG00000070961",NA,NA,NA,NA,NA,NA,NA,NA,NA,NA,NA,NA,NA,36,43,0,"ATP2B1","ATP2B1:
 
ATPase, Ca++ transporting, plasma membrane 1 
[Source:HGNC Symbol;Acc:814]",0.7867,-0.04,"-0.04
[0.7867]"
"146",NA,"ENSG00000087111",NA,NA,NA,NA,NA,NA,NA,NA,NA,NA,NA,NA,NA,37,48,0,"PIGS","PIGS:
 
phosphatidylinositol glycan anchor biosynthesis, class S 
[Source:HGNC Symbol;Acc:14937]",0.0133,0.49,"0.49
[0.0133]"
"147",NA,"ENSG00000156531",NA,NA,NA,NA,NA,NA,NA,NA,NA,NA,NA,NA,NA,38,48,0,"PHF6","PHF6:
 
PHD finger protein 6 
[Source:HGNC Symbol;Acc:18145]",0.0133,0.49,"0.49
[0.0133]"
"148",NA,"ENSG00000111275",NA,NA,NA,NA,NA,NA,NA,NA,NA,NA,NA,NA,NA,39,67,0,"ALDH2","ALDH2:
 
aldehyde dehydrogenase 2 family (mitochondrial) 
[Source:HGNC Symbol;Acc:404]",0.4349,0.02,"0.02
[0.4349]"
"149",NA,"ENSG00000198712",NA,NA,NA,NA,NA,NA,NA,NA,NA,NA,NA,NA,NA,40,67,0,"MT-CO2","MT-CO2:
 
mitochondrially encoded cytochrome c oxidase II 
[Source:HGNC Symbol;Acc:7421]",0.4349,0.02,"0.02
[0.4349]"
"150",NA,"ENSG00000069345",NA,NA,NA,NA,NA,NA,NA,NA,NA,NA,NA,NA,NA,41,76,0,"DNAJA2","DNAJA2:
 
DnaJ (Hsp40) homolog, subfamily A, member 2 
[Source:HGNC Symbol;Acc:14884]",0.1263,0.45,"0.45
[0.1263]"
"151",NA,"ENSG00000128422",NA,NA,NA,NA,NA,NA,NA,NA,NA,NA,NA,NA,NA,42,76,0,"KRT17","KRT17:
 
keratin 17 
[Source:HGNC Symbol;Acc:6427]",0.1263,0.45,"0.45
[0.1263]"
"152",NA,"ENSG00000124575",NA,NA,NA,NA,NA,NA,NA,NA,NA,NA,NA,NA,NA,43,92,0,"HIST1H1D","HIST1H1D:
 
histone cluster 1, H1d 
[Source:HGNC Symbol;Acc:4717]",0.0178,0.38,"0.38
[0.0178]"
"153",NA,"ENSG00000173145",NA,NA,NA,NA,NA,NA,NA,NA,NA,NA,NA,NA,NA,44,92,0,"NOC3L","NOC3L:
 
nucleolar complex associated 3 homolog (S. cerevisiae) 
[Source:HGNC Symbol;Acc:24034]",0.0178,0.38,"0.38
[0.0178]"
"154",NA,"ENSG00000090621",NA,NA,NA,NA,NA,NA,NA,NA,NA,NA,NA,NA,NA,45,93,0,"PABPC4","PABPC4:
 
poly(A) binding protein, cytoplasmic 4 (inducible form) 
[Source:HGNC Symbol;Acc:8557]",0.0078,0.82,"0.82
[0.0078]"
"155",NA,"ENSG00000187134",NA,NA,NA,NA,NA,NA,NA,NA,NA,NA,NA,NA,NA,46,93,0,"AKR1C1","AKR1C1:
 
aldo-keto reductase family 1, member C1 
[Source:HGNC Symbol;Acc:384]",0.0078,0.82,"0.82
[0.0078]"
"156",NA,"ENSG00000124228",NA,NA,NA,NA,NA,NA,NA,NA,NA,NA,NA,NA,NA,47,95,0,"DDX27","DDX27:
 
DEAD (Asp-Glu-Ala-Asp) box polypeptide 27 
[Source:HGNC Symbol;Acc:15837]",1e-04,0.97,"0.97
[0.0001]"
"157",NA,"ENSG00000125753",NA,NA,NA,NA,NA,NA,NA,NA,NA,NA,NA,NA,NA,48,95,0,"VASP","VASP:
 
vasodilator-stimulated phosphoprotein 
[Source:HGNC Symbol;Acc:12652]",1e-04,0.97,"0.97
[0.0001]"
"158",NA,"ENSG00000109971",NA,NA,NA,NA,NA,NA,NA,NA,NA,NA,NA,NA,NA,51,114,0,"HSPA8","HSPA8:
 
heat shock 70kDa protein 8 
[Source:HGNC Symbol;Acc:5241]",0.0916,0.42,"0.42
[0.0916]"
"159",NA,"ENSG00000177105",NA,NA,NA,NA,NA,NA,NA,NA,NA,NA,NA,NA,NA,52,114,0,"RHOG","RHOG:
 
ras homolog family member G 
[Source:HGNC Symbol;Acc:672]",0.0916,0.42,"0.42
[0.0916]"
"160",NA,"ENSG00000100714",NA,NA,NA,NA,NA,NA,NA,NA,NA,NA,NA,NA,NA,53,150,0,"MTHFD1","MTHFD1:
 
methylenetetrahydrofolate dehydrogenase (NADP+ dependent) 1, methenyltetrahydrofolate cyclohydrolase, formyltetrahydrofolate synthetase 
[Source:HGNC Symbol;Acc:7432]",0.0921,0.4,"0.4
[0.0921]"
"161",NA,"ENSG00000173786",NA,NA,NA,NA,NA,NA,NA,NA,NA,NA,NA,NA,NA,54,150,0,"CNP","CNP:
 
2',3'-cyclic nucleotide 3' phosphodiesterase 
[Source:HGNC Symbol;Acc:2158]",0.0921,0.4,"0.4
[0.0921]"
"162",NA,"ENSG00000163882",NA,NA,NA,NA,NA,NA,NA,NA,NA,NA,NA,NA,NA,55,164,0,"POLR2H","POLR2H:
 
polymerase (RNA) II (DNA directed) polypeptide H 
[Source:HGNC Symbol;Acc:9195]",0.7164,-0.27,"-0.27
[0.7164]"
"163",NA,"ENSG00000174238",NA,NA,NA,NA,NA,NA,NA,NA,NA,NA,NA,NA,NA,56,164,0,"PITPNA","PITPNA:
 
phosphatidylinositol transfer protein, alpha 
[Source:HGNC Symbol;Acc:9001]",0.7164,-0.27,"-0.27
[0.7164]"
"164",NA,"ENSG00000068366",NA,NA,NA,NA,NA,NA,NA,NA,NA,NA,NA,NA,NA,57,195,0,"ACSL4","ACSL4:
 
acyl-CoA synthetase long-chain family member 4 
[Source:HGNC Symbol;Acc:3571]",0.6648,-0.2,"-0.2
[0.6648]"
"165",NA,"ENSG00000069248",NA,NA,NA,NA,NA,NA,NA,NA,NA,NA,NA,NA,NA,58,195,0,"NUP133","NUP133:
 
nucleoporin 133kDa 
[Source:HGNC Symbol;Acc:18016]",0.6648,-0.2,"-0.2
[0.6648]"
"166",NA,"ENSG00000233927",NA,NA,NA,NA,NA,NA,NA,NA,NA,NA,NA,NA,NA,60,224,0,"RPS28","RPS28:
 
ribosomal protein S28 
[Source:HGNC Symbol;Acc:10418]",0.0146,0.64,"0.64
[0.0146]"
"167",NA,"ENSG00000124802",NA,NA,NA,NA,NA,NA,NA,NA,NA,NA,NA,NA,NA,61,230,0,"EEF1E1","EEF1E1:
 
eukaryotic translation elongation factor 1 epsilon 1 
[Source:HGNC Symbol;Acc:3212]",0.0121,0.68,"0.68
[0.0121]"
"168",NA,"ENSG00000169727",NA,NA,NA,NA,NA,NA,NA,NA,NA,NA,NA,NA,NA,62,230,0,"GPS1","GPS1:
 
G protein pathway suppressor 1 
[Source:HGNC Symbol;Acc:4549]",0.0121,0.68,"0.68
[0.0121]"
"169",NA,"ENSG00000122787",NA,NA,NA,NA,NA,NA,NA,NA,NA,NA,NA,NA,NA,63,1,1,"AKR1D1","AKR1D1:
 
aldo-keto reductase family 1, member D1 
[Source:HGNC Symbol;Acc:388]",0.9943,-0.66,"-0.66
[0.9943]"
"170",NA,"ENSG00000174437",NA,NA,NA,NA,NA,NA,NA,NA,NA,NA,NA,NA,NA,64,1,1,"ATP2A2","ATP2A2:
 
ATPase, Ca++ transporting, cardiac muscle, slow twitch 2 
[Source:HGNC Symbol;Acc:812]",0.9943,-0.66,"-0.66
[0.9943]"
"171",NA,"ENSG00000124767",NA,NA,NA,NA,NA,NA,NA,NA,NA,NA,NA,NA,NA,65,2,1,"GLO1","GLO1:
 
glyoxalase I 
[Source:HGNC Symbol;Acc:4323]",1e-04,0.98,"0.98
[0.0001]"
"172",NA,"ENSG00000185651",NA,NA,NA,NA,NA,NA,NA,NA,NA,NA,NA,NA,NA,66,2,1,"UBE2L3","UBE2L3:
 
ubiquitin-conjugating enzyme E2L 3 
[Source:HGNC Symbol;Acc:12488]",1e-04,0.98,"0.98
[0.0001]"
"173",NA,"ENSG00000037042",NA,NA,NA,NA,NA,NA,NA,NA,NA,NA,NA,NA,NA,67,4,1,"TUBG2","TUBG2:
 
tubulin, gamma 2 
[Source:HGNC Symbol;Acc:12419]",0.0014,0.81,"0.81
[0.0014]"
"174",NA,"ENSG00000126247",NA,NA,NA,NA,NA,NA,NA,NA,NA,NA,NA,NA,NA,68,4,1,"CAPNS1","CAPNS1:
 
calpain, small subunit 1 
[Source:HGNC Symbol;Acc:1481]",0.0014,0.81,"0.81
[0.0014]"
"175",NA,"ENSG00000170266",NA,NA,NA,NA,NA,NA,NA,NA,NA,NA,NA,NA,NA,69,7,1,"GLB1","GLB1:
 
galactosidase, beta 1 
[Source:HGNC Symbol;Acc:4298]",0.054,0.52,"0.52
[0.0540]"
"176",NA,"ENSG00000172534",NA,NA,NA,NA,NA,NA,NA,NA,NA,NA,NA,NA,NA,70,7,1,"HCFC1","HCFC1:
 
host cell factor C1 (VP16-accessory protein) 
[Source:HGNC Symbol;Acc:4839]",0.054,0.52,"0.52
[0.0540]"
"177",NA,"ENSG00000107438",NA,NA,NA,NA,NA,NA,NA,NA,NA,NA,NA,NA,NA,71,9,1,"PDLIM1","PDLIM1:
 
PDZ and LIM domain 1 
[Source:HGNC Symbol;Acc:2067]",0.0309,0.6,"0.6
[0.0309]"
"178",NA,"ENSG00000162961",NA,NA,NA,NA,NA,NA,NA,NA,NA,NA,NA,NA,NA,72,9,1,"DPY30","DPY30:
 
dpy-30 homolog (C. elegans) 
[Source:HGNC Symbol;Acc:24590]",0.0309,0.6,"0.6
[0.0309]"
"179",NA,"ENSG00000196510",NA,NA,NA,NA,NA,NA,NA,NA,NA,NA,NA,NA,NA,74,10,1,"ANAPC7","ANAPC7:
 
anaphase promoting complex subunit 7 
[Source:HGNC Symbol;Acc:17380]",1e-04,0.96,"0.96
[0.0001]"
"180",NA,"ENSG00000158941",NA,NA,NA,NA,NA,NA,NA,NA,NA,NA,NA,NA,NA,75,19,1,"CCAR2","CCAR2:
 
cell cycle and apoptosis regulator 2 
[Source:HGNC Symbol;Acc:23360]",0.001,0.9,"0.9
[0.0010]"
"181",NA,"ENSG00000176393",NA,NA,NA,NA,NA,NA,NA,NA,NA,NA,NA,NA,NA,76,19,1,"RNPEP","RNPEP:
 
arginyl aminopeptidase (aminopeptidase B) 
[Source:HGNC Symbol;Acc:10078]",0.001,0.9,"0.9
[0.0010]"
"182",NA,"ENSG00000109475",NA,NA,NA,NA,NA,NA,NA,NA,NA,NA,NA,NA,NA,77,20,1,"RPL34","RPL34:
 
ribosomal protein L34 
[Source:HGNC Symbol;Acc:10340]",0.1343,0.39,"0.39
[0.1343]"
"183",NA,"ENSG00000111786",NA,NA,NA,NA,NA,NA,NA,NA,NA,NA,NA,NA,NA,78,20,1,"SRSF9","SRSF9:
 
serine/arginine-rich splicing factor 9 
[Source:HGNC Symbol;Acc:10791]",0.1343,0.39,"0.39
[0.1343]"
"184",NA,"ENSG00000100926",NA,NA,NA,NA,NA,NA,NA,NA,NA,NA,NA,NA,NA,79,24,1,"TM9SF1","TM9SF1:
 
transmembrane 9 superfamily member 1 
[Source:HGNC Symbol;Acc:11864]",0.6648,-0.05,"-0.05
[0.6648]"
"185",NA,"ENSG00000108671",NA,NA,NA,NA,NA,NA,NA,NA,NA,NA,NA,NA,NA,80,24,1,"PSMD11","PSMD11:
 
proteasome (prosome, macropain) 26S subunit, non-ATPase, 11 
[Source:HGNC Symbol;Acc:9556]",0.6648,-0.05,"-0.05
[0.6648]"
"186",NA,"ENSG00000137133",NA,NA,NA,NA,NA,NA,NA,NA,NA,NA,NA,NA,NA,81,28,1,"HINT2","HINT2:
 
histidine triad nucleotide binding protein 2 
[Source:HGNC Symbol;Acc:18344]",0.0018,0.85,"0.85
[0.0018]"
"187",NA,"ENSG00000138071",NA,NA,NA,NA,NA,NA,NA,NA,NA,NA,NA,NA,NA,82,28,1,"ACTR2","ACTR2:
 
ARP2 actin-related protein 2 homolog (yeast) 
[Source:HGNC Symbol;Acc:169]",0.0018,0.85,"0.85
[0.0018]"
"188",NA,"ENSG00000122545",NA,NA,NA,NA,NA,NA,NA,NA,NA,NA,NA,NA,NA,83,34,1,"SEPT7","SEPT7:
 
septin 7 
[Source:HGNC Symbol;Acc:1717]",0.0528,0.53,"0.53
[0.0528]"
"189",NA,"ENSG00000136270",NA,NA,NA,NA,NA,NA,NA,NA,NA,NA,NA,NA,NA,84,34,1,"TBRG4","TBRG4:
 
transforming growth factor beta regulator 4 
[Source:HGNC Symbol;Acc:17443]",0.0528,0.53,"0.53
[0.0528]"
"190",NA,"ENSG00000085491",NA,NA,NA,NA,NA,NA,NA,NA,NA,NA,NA,NA,NA,85,37,1,"SLC25A24","SLC25A24:
 
solute carrier family 25 (mitochondrial carrier; phosphate carrier), member 24 
[Source:HGNC Symbol;Acc:20662]",0.9943,-0.53,"-0.53
[0.9943]"
"191",NA,"ENSG00000143473",NA,NA,NA,NA,NA,NA,NA,NA,NA,NA,NA,NA,NA,86,37,1,"KCNH1","KCNH1:
 
potassium voltage-gated channel, subfamily H (eag-related), member 1 
[Source:HGNC Symbol;Acc:6250]",0.9943,-0.53,"-0.53
[0.9943]"
"192",NA,"ENSG00000080603",NA,NA,NA,NA,NA,NA,NA,NA,NA,NA,NA,NA,NA,87,39,1,"SRCAP","SRCAP:
 
Snf2-related CREBBP activator protein 
[Source:HGNC Symbol;Acc:16974]",0.1631,0.33,"0.33
[0.1631]"
"193",NA,"ENSG00000137547",NA,NA,NA,NA,NA,NA,NA,NA,NA,NA,NA,NA,NA,88,39,1,"MRPL15","MRPL15:
 
mitochondrial ribosomal protein L15 
[Source:HGNC Symbol;Acc:14054]",0.1631,0.33,"0.33
[0.1631]"
"194",NA,"ENSG00000087086",NA,NA,NA,NA,NA,NA,NA,NA,NA,NA,NA,NA,NA,89,48,1,"FTL","FTL:
 
ferritin, light polypeptide 
[Source:HGNC Symbol;Acc:3999]",0.0019,0.76,"0.76
[0.0019]"
"195",NA,"ENSG00000151632",NA,NA,NA,NA,NA,NA,NA,NA,NA,NA,NA,NA,NA,90,48,1,"AKR1C2","AKR1C2:
 
aldo-keto reductase family 1, member C2 
[Source:HGNC Symbol;Acc:385]",0.0019,0.76,"0.76
[0.0019]"
"196",NA,"ENSG00000105220",NA,NA,NA,NA,NA,NA,NA,NA,NA,NA,NA,NA,NA,91,58,1,"GPI","GPI:
 
glucose-6-phosphate isomerase 
[Source:HGNC Symbol;Acc:4458]",0.0456,0.56,"0.56
[0.0456]"
"197",NA,"ENSG00000160211",NA,NA,NA,NA,NA,NA,NA,NA,NA,NA,NA,NA,NA,92,58,1,"G6PD","G6PD:
 
glucose-6-phosphate dehydrogenase 
[Source:HGNC Symbol;Acc:4057]",0.0456,0.56,"0.56
[0.0456]"
"198",NA,"ENSG00000119705",NA,NA,NA,NA,NA,NA,NA,NA,NA,NA,NA,NA,NA,93,59,1,"SLIRP","SLIRP:
 
SRA stem-loop interacting RNA binding protein 
[Source:HGNC Symbol;Acc:20495]",0.0327,0.58,"0.58
[0.0327]"
"199",NA,"ENSG00000120802",NA,NA,NA,NA,NA,NA,NA,NA,NA,NA,NA,NA,NA,94,59,1,"TMPO","TMPO:
 
thymopoietin 
[Source:HGNC Symbol;Acc:11875]",0.0327,0.58,"0.58
[0.0327]"
"200",NA,"ENSG00000132688",NA,NA,NA,NA,NA,NA,NA,NA,NA,NA,NA,NA,NA,95,63,1,"NES","NES:
 
nestin 
[Source:HGNC Symbol;Acc:7756]",0.0146,0.56,"0.56
[0.0146]"
"201",NA,"ENSG00000153250",NA,NA,NA,NA,NA,NA,NA,NA,NA,NA,NA,NA,NA,96,63,1,"RBMS1","RBMS1:
 
RNA binding motif, single stranded interacting protein 1 
[Source:HGNC Symbol;Acc:9907]",0.0146,0.56,"0.56
[0.0146]"
"202",NA,"ENSG00000155130",NA,NA,NA,NA,NA,NA,NA,NA,NA,NA,NA,NA,NA,97,63,1,"MARCKS","MARCKS:
 
myristoylated alanine-rich protein kinase C substrate 
[Source:HGNC Symbol;Acc:6759]",0.0146,0.56,"0.56
[0.0146]"
"203",NA,"ENSG00000004487",NA,NA,NA,NA,NA,NA,NA,NA,NA,NA,NA,NA,NA,98,66,1,"KDM1A","KDM1A:
 
lysine (K)-specific demethylase 1A 
[Source:HGNC Symbol;Acc:29079]",1e-04,0.87,"0.87
[0.0001]"
"204",NA,"ENSG00000089154",NA,NA,NA,NA,NA,NA,NA,NA,NA,NA,NA,NA,NA,99,66,1,"GCN1L1","GCN1L1:
 
GCN1 general control of amino-acid synthesis 1-like 1 (yeast) 
[Source:HGNC Symbol;Acc:4199]",1e-04,0.87,"0.87
[0.0001]"
"205",NA,"ENSG00000119414",NA,NA,NA,NA,NA,NA,NA,NA,NA,NA,NA,NA,NA,100,96,1,"PPP6C","PPP6C:
 
protein phosphatase 6, catalytic subunit 
[Source:HGNC Symbol;Acc:9323]",0.03,0.59,"0.59
[0.0300]"
"206",NA,"ENSG00000159228",NA,NA,NA,NA,NA,NA,NA,NA,NA,NA,NA,NA,NA,101,96,1,"CBR1","CBR1:
 
carbonyl reductase 1 
[Source:HGNC Symbol;Acc:1548]",0.03,0.59,"0.59
[0.0300]"
"207",NA,"ENSG00000120800",NA,NA,NA,NA,NA,NA,NA,NA,NA,NA,NA,NA,NA,102,100,1,"UTP20","UTP20:
 
UTP20, small subunit (SSU) processome component, homolog (yeast) 
[Source:HGNC Symbol;Acc:17897]",0.1624,0.35,"0.35
[0.1624]"
"208",NA,"ENSG00000128641",NA,NA,NA,NA,NA,NA,NA,NA,NA,NA,NA,NA,NA,103,100,1,"MYO1B","MYO1B:
 
myosin IB 
[Source:HGNC Symbol;Acc:7596]",0.1624,0.35,"0.35
[0.1624]"
"209",NA,"ENSG00000117632",NA,NA,NA,NA,NA,NA,NA,NA,NA,NA,NA,NA,NA,104,109,1,"STMN1","STMN1:
 
stathmin 1 
[Source:HGNC Symbol;Acc:6510]",0.0133,0.56,"0.56
[0.0133]"
"210",NA,"ENSG00000168924",NA,NA,NA,NA,NA,NA,NA,NA,NA,NA,NA,NA,NA,105,109,1,"LETM1","LETM1:
 
leucine zipper-EF-hand containing transmembrane protein 1 
[Source:HGNC Symbol;Acc:6556]",0.0133,0.56,"0.56
[0.0133]"
"211",NA,"ENSG00000176788",NA,NA,NA,NA,NA,NA,NA,NA,NA,NA,NA,NA,NA,106,109,1,"BASP1","BASP1:
 
brain abundant, membrane attached signal protein 1 
[Source:HGNC Symbol;Acc:957]",0.0133,0.56,"0.56
[0.0133]"
"212",NA,"ENSG00000162368",NA,NA,NA,NA,NA,NA,NA,NA,NA,NA,NA,NA,NA,107,194,1,"CMPK1","CMPK1:
 
cytidine monophosphate (UMP-CMP) kinase 1, cytosolic 
[Source:HGNC Symbol;Acc:18170]",0.7867,-0.18,"-0.18
[0.7867]"
"213",NA,"ENSG00000179115",NA,NA,NA,NA,NA,NA,NA,NA,NA,NA,NA,NA,NA,108,194,1,"FARSA","FARSA:
 
phenylalanyl-tRNA synthetase, alpha subunit 
[Source:HGNC Symbol;Acc:3592]",0.7867,-0.18,"-0.18
[0.7867]"
"214",NA,"ENSG00000018510",NA,NA,NA,NA,NA,NA,NA,NA,NA,NA,NA,NA,NA,109,6,2,"AGPS","AGPS:
 
alkylglycerone phosphate synthase 
[Source:HGNC Symbol;Acc:327]",0.0202,0.69,"0.69
[0.0202]"
"215",NA,"ENSG00000077809",NA,NA,NA,NA,NA,NA,NA,NA,NA,NA,NA,NA,NA,111,7,2,"GTF2I","GTF2I:
 
general transcription factor IIi 
[Source:HGNC Symbol;Acc:4659]",0.8326,-0.17,"-0.17
[0.8326]"
"216",NA,"ENSG00000100983",NA,NA,NA,NA,NA,NA,NA,NA,NA,NA,NA,NA,NA,112,7,2,"GSS","GSS:
 
glutathione synthetase 
[Source:HGNC Symbol;Acc:4624]",0.8326,-0.17,"-0.17
[0.8326]"
"217",NA,"ENSG00000138802",NA,NA,NA,NA,NA,NA,NA,NA,NA,NA,NA,NA,NA,113,7,2,"SEC24B","SEC24B:
 
SEC24 family member B 
[Source:HGNC Symbol;Acc:10704]",0.8326,-0.17,"-0.17
[0.8326]"
"218",NA,"ENSG00000164346",NA,NA,NA,NA,NA,NA,NA,NA,NA,NA,NA,NA,NA,114,7,2,"NSA2","NSA2:
 
NSA2 ribosome biogenesis homolog (S. cerevisiae) 
[Source:HGNC Symbol;Acc:30728]",0.8326,-0.17,"-0.17
[0.8326]"
"219",NA,"ENSG00000161547",NA,NA,NA,NA,NA,NA,NA,NA,NA,NA,NA,NA,NA,115,12,2,"SRSF2","SRSF2:
 
serine/arginine-rich splicing factor 2 
[Source:HGNC Symbol;Acc:10783]",0.0012,0.91,"0.91
[0.0012]"
"220",NA,"ENSG00000189091",NA,NA,NA,NA,NA,NA,NA,NA,NA,NA,NA,NA,NA,116,12,2,"SF3B3","SF3B3:
 
splicing factor 3b, subunit 3, 130kDa 
[Source:HGNC Symbol;Acc:10770]",0.0012,0.91,"0.91
[0.0012]"
"221",NA,"ENSG00000007923",NA,NA,NA,NA,NA,NA,NA,NA,NA,NA,NA,NA,NA,117,18,2,"DNAJC11","DNAJC11:
 
DnaJ (Hsp40) homolog, subfamily C, member 11 
[Source:HGNC Symbol;Acc:25570]",0.0475,0.59,"0.59
[0.0475]"
"222",NA,"ENSG00000182004",NA,NA,NA,NA,NA,NA,NA,NA,NA,NA,NA,NA,NA,118,18,2,"SNRPE","SNRPE:
 
small nuclear ribonucleoprotein polypeptide E 
[Source:HGNC Symbol;Acc:11161]",0.0475,0.59,"0.59
[0.0475]"
"223",NA,"ENSG00000110713",NA,NA,NA,NA,NA,NA,NA,NA,NA,NA,NA,NA,NA,120,22,2,"NUP98","NUP98:
 
nucleoporin 98kDa 
[Source:HGNC Symbol;Acc:8068]",1e-04,0.88,"0.88
[0.0001]"
"224",NA,"ENSG00000184840",NA,NA,NA,NA,NA,NA,NA,NA,NA,NA,NA,NA,NA,121,22,2,"TMED9","TMED9:
 
transmembrane emp24 protein transport domain containing 9 
[Source:HGNC Symbol;Acc:24878]",1e-04,0.88,"0.88
[0.0001]"
"225",NA,"ENSG00000030582",NA,NA,NA,NA,NA,NA,NA,NA,NA,NA,NA,NA,NA,122,23,2,"GRN","GRN:
 
granulin 
[Source:HGNC Symbol;Acc:4601]",0.0755,0.52,"0.52
[0.0755]"
"226",NA,"ENSG00000159231",NA,NA,NA,NA,NA,NA,NA,NA,NA,NA,NA,NA,NA,123,23,2,"CBR3","CBR3:
 
carbonyl reductase 3 
[Source:HGNC Symbol;Acc:1549]",0.0755,0.52,"0.52
[0.0755]"
"227",NA,"ENSG00000084623",NA,NA,NA,NA,NA,NA,NA,NA,NA,NA,NA,NA,NA,124,24,2,"EIF3I","EIF3I:
 
eukaryotic translation initiation factor 3, subunit I 
[Source:HGNC Symbol;Acc:3272]",0.0017,0.85,"0.85
[0.0017]"
"228",NA,"ENSG00000109062",NA,NA,NA,NA,NA,NA,NA,NA,NA,NA,NA,NA,NA,125,24,2,"SLC9A3R1","SLC9A3R1:
 
solute carrier family 9, subfamily A (NHE3, cation proton antiporter 3), member 3 regulator 1 
[Source:HGNC Symbol;Acc:11075]",0.0017,0.85,"0.85
[0.0017]"
"229",NA,"ENSG00000151929",NA,NA,NA,NA,NA,NA,NA,NA,NA,NA,NA,NA,NA,126,37,2,"BAG3","BAG3:
 
BCL2-associated athanogene 3 
[Source:HGNC Symbol;Acc:939]",0.062,0.55,"0.55
[0.0620]"
"230",NA,"ENSG00000143418",NA,NA,NA,NA,NA,NA,NA,NA,NA,NA,NA,NA,NA,128,40,2,"CERS2","CERS2:
 
ceramide synthase 2 
[Source:HGNC Symbol;Acc:14076]",0.6648,-0.04,"-0.04
[0.6648]"
"231",NA,"ENSG00000168906",NA,NA,NA,NA,NA,NA,NA,NA,NA,NA,NA,NA,NA,129,40,2,"MAT2A","MAT2A:
 
methionine adenosyltransferase II, alpha 
[Source:HGNC Symbol;Acc:6904]",0.6648,-0.04,"-0.04
[0.6648]"
"232",NA,"ENSG00000108448",NA,NA,NA,NA,NA,NA,NA,NA,NA,NA,NA,NA,NA,130,52,2,"TRIM16L","TRIM16L:
 
tripartite motif containing 16-like 
[Source:HGNC Symbol;Acc:32670]",0.0257,0.67,"0.67
[0.0257]"
"233",NA,"ENSG00000078140",NA,NA,NA,NA,NA,NA,NA,NA,NA,NA,NA,NA,NA,133,57,2,"UBE2K","UBE2K:
 
ubiquitin-conjugating enzyme E2K 
[Source:HGNC Symbol;Acc:4914]",0.0031,0.72,"0.72
[0.0031]"
"234",NA,"ENSG00000113460",NA,NA,NA,NA,NA,NA,NA,NA,NA,NA,NA,NA,NA,134,57,2,"BRIX1","BRIX1:
 
BRX1, biogenesis of ribosomes, homolog (S. cerevisiae) 
[Source:HGNC Symbol;Acc:24170]",0.0031,0.72,"0.72
[0.0031]"
