"","id","edges","delay","accession","description","q_value","rho","analysis_res"
"1","ENSG00000109805",16,0,"NCAPG","NCAPG: 
non-SMC condensin I complex, subunit G [Source:HGNC Symbol;Acc:24304]","0.0001",0.59,"0.59[0.0001]"
"2","ENSG00000136937",16,0,"NCBP1","NCBP1: 
nuclear cap binding protein subunit 1, 80kDa [Source:HGNC Symbol;Acc:7658]","0.0001",0.59,"0.59[0.0001]"
"3","ENSG00000173692",16,0,"PSMD1","PSMD1: 
proteasome (prosome, macropain) 26S subunit, non-ATPase, 1 [Source:HGNC Symbol;Acc:9554]","0.0001",0.59,"0.59[0.0001]"
"4","ENSG00000186522",16,0,"SEPT10","SEPT10: 
septin 10 [Source:HGNC Symbol;Acc:14349]","0.0001",0.59,"0.59[0.0001]"
"5","ENSG00000013583",17,0,"HEBP1","HEBP1: 
heme binding protein 1 [Source:HGNC Symbol;Acc:17176]","0.0001",0.55,"0.55[0.0001]"
"6","ENSG00000075618",17,0,"FSCN1","FSCN1: 
fascin homolog 1, actin-bundling protein (Strongylocentrotus purpuratus) [Source:HGNC Symbol;Acc:11148]","0.0001",0.55,"0.55[0.0001]"
"7","ENSG00000100664",17,0,"EIF5","EIF5: 
eukaryotic translation initiation factor 5 [Source:HGNC Symbol;Acc:3299]","0.0001",0.55,"0.55[0.0001]"
"8","ENSG00000111726",17,0,"CMAS","CMAS: 
cytidine monophosphate N-acetylneuraminic acid synthetase [Source:HGNC Symbol;Acc:18290]","0.0001",0.55,"0.55[0.0001]"
"9","ENSG00000116161",17,0,"CACYBP","CACYBP: 
calcyclin binding protein [Source:HGNC Symbol;Acc:30423]","0.0001",0.55,"0.55[0.0001]"
"10","ENSG00000120948",17,0,"TARDBP","TARDBP: 
TAR DNA binding protein [Source:HGNC Symbol;Acc:11571]","0.0001",0.55,"0.55[0.0001]"
"11","ENSG00000122694",17,0,"GLIPR2","GLIPR2: 
GLI pathogenesis-related 2 [Source:HGNC Symbol;Acc:18007]","0.0001",0.55,"0.55[0.0001]"
"12","ENSG00000132589",17,0,"FLOT2","FLOT2: 
flotillin 2 [Source:HGNC Symbol;Acc:3758]","0.0001",0.55,"0.55[0.0001]"
"13","ENSG00000138107",17,0,"ACTR1A","ACTR1A: 
ARP1 actin-related protein 1 homolog A, centractin alpha (yeast) [Source:HGNC Symbol;Acc:167]","0.0001",0.55,"0.55[0.0001]"
"14","ENSG00000138448",17,0,"ITGAV","ITGAV: 
integrin, alpha V [Source:HGNC Symbol;Acc:6150]","0.0001",0.55,"0.55[0.0001]"
"15","ENSG00000163382",17,0,"APOA1BP","APOA1BP: 
apolipoprotein A-I binding protein [Source:HGNC Symbol;Acc:18453]","0.0001",0.55,"0.55[0.0001]"
"16","ENSG00000170759",17,0,"KIF5B","KIF5B: 
kinesin family member 5B [Source:HGNC Symbol;Acc:6324]","0.0001",0.55,"0.55[0.0001]"
"17","ENSG00000179218",17,0,"CALR","CALR: 
calreticulin [Source:HGNC Symbol;Acc:1455]","0.0001",0.55,"0.55[0.0001]"
"18","ENSG00000182481",17,0,"KPNA2","KPNA2: 
karyopherin alpha 2 (RAG cohort 1, importin alpha 1) [Source:HGNC Symbol;Acc:6395]","0.0001",0.55,"0.55[0.0001]"
"19","ENSG00000186395",17,0,"KRT10","KRT10: 
keratin 10 [Source:HGNC Symbol;Acc:6413]","0.0001",0.55,"0.55[0.0001]"
"20","ENSG00000044574",1,1,"HSPA5","HSPA5: 
heat shock 70kDa protein 5 (glucose-regulated protein, 78kDa) [Source:HGNC Symbol;Acc:5238]","0.0125",0.64,"0.64[0.0125]"
"21","ENSG00000113811",1,1,"SELK","SELK: 
Selenoprotein K  [Source:UniProtKB/Swiss-Prot;Acc:Q9Y6D0]","0.0125",0.64,"0.64[0.0125]"
"22","ENSG00000175073",2,1,"VCPIP1","VCPIP1: 
valosin containing protein (p97)/p47 complex interacting protein 1 [Source:HGNC Symbol;Acc:30897]","0.0602",0.44,"0.44[0.0602]"
"23","ENSG00000223496",2,1,"EXOSC6","EXOSC6: 
exosome component 6 [Source:HGNC Symbol;Acc:19055]","0.0602",0.44,"0.44[0.0602]"
"24","ENSG00000165688",1,2,"PMPCA","PMPCA: 
peptidase (mitochondrial processing) alpha [Source:HGNC Symbol;Acc:18667]","0.0025",0.83,"0.83[0.0025]"
"25","ENSG00000198898",1,2,"CAPZA2","CAPZA2: 
capping protein (actin filament) muscle Z-line, alpha 2 [Source:HGNC Symbol;Acc:1490]","0.0025",0.83,"0.83[0.0025]"
