"","X","id","edges","delay","X.1","accession","external_gene_name.1","description","external_gene_name.y"
"1",1,"ENSG00000109805",16,0,1,"NCAPG","NCAPG","NCAPG: 
non-SMC condensin I complex, subunit G [Source:HGNC Symbol;Acc:24304]","NCAPG"
"2",2,"ENSG00000136937",16,0,2,"NCBP1","NCBP1","NCBP1: 
nuclear cap binding protein subunit 1, 80kDa [Source:HGNC Symbol;Acc:7658]","NCBP1"
"3",3,"ENSG00000173692",16,0,3,"PSMD1","PSMD1","PSMD1: 
proteasome (prosome, macropain) 26S subunit, non-ATPase, 1 [Source:HGNC Symbol;Acc:9554]","PSMD1"
"4",4,"ENSG00000186522",16,0,4,"SEPT10","SEPT10","SEPT10: 
septin 10 [Source:HGNC Symbol;Acc:14349]","SEPT10"
"5",5,"ENSG00000013583",17,0,5,"HEBP1","HEBP1","HEBP1: 
heme binding protein 1 [Source:HGNC Symbol;Acc:17176]","HEBP1"
"6",6,"ENSG00000075618",17,0,6,"FSCN1","FSCN1","FSCN1: 
fascin homolog 1, actin-bundling protein (Strongylocentrotus purpuratus) [Source:HGNC Symbol;Acc:11148]","FSCN1"
"7",7,"ENSG00000100664",17,0,7,"EIF5","EIF5","EIF5: 
eukaryotic translation initiation factor 5 [Source:HGNC Symbol;Acc:3299]","EIF5"
"8",8,"ENSG00000111726",17,0,8,"CMAS","CMAS","CMAS: 
cytidine monophosphate N-acetylneuraminic acid synthetase [Source:HGNC Symbol;Acc:18290]","CMAS"
"9",9,"ENSG00000116161",17,0,9,"CACYBP","CACYBP","CACYBP: 
calcyclin binding protein [Source:HGNC Symbol;Acc:30423]","CACYBP"
"10",10,"ENSG00000120948",17,0,10,"TARDBP","TARDBP","TARDBP: 
TAR DNA binding protein [Source:HGNC Symbol;Acc:11571]","TARDBP"
"11",11,"ENSG00000122694",17,0,11,"GLIPR2","GLIPR2","GLIPR2: 
GLI pathogenesis-related 2 [Source:HGNC Symbol;Acc:18007]","GLIPR2"
"12",12,"ENSG00000132589",17,0,12,"FLOT2","FLOT2","FLOT2: 
flotillin 2 [Source:HGNC Symbol;Acc:3758]","FLOT2"
"13",13,"ENSG00000138107",17,0,13,"ACTR1A","ACTR1A","ACTR1A: 
ARP1 actin-related protein 1 homolog A, centractin alpha (yeast) [Source:HGNC Symbol;Acc:167]","ACTR1A"
"14",14,"ENSG00000138448",17,0,14,"ITGAV","ITGAV","ITGAV: 
integrin, alpha V [Source:HGNC Symbol;Acc:6150]","ITGAV"
"15",15,"ENSG00000163382",17,0,15,"APOA1BP","APOA1BP","APOA1BP: 
apolipoprotein A-I binding protein [Source:HGNC Symbol;Acc:18453]","APOA1BP"
"16",16,"ENSG00000170759",17,0,16,"KIF5B","KIF5B","KIF5B: 
kinesin family member 5B [Source:HGNC Symbol;Acc:6324]","KIF5B"
"17",17,"ENSG00000179218",17,0,17,"CALR","CALR","CALR: 
calreticulin [Source:HGNC Symbol;Acc:1455]","CALR"
"18",18,"ENSG00000182481",17,0,18,"KPNA2","KPNA2","KPNA2: 
karyopherin alpha 2 (RAG cohort 1, importin alpha 1) [Source:HGNC Symbol;Acc:6395]","KPNA2"
"19",19,"ENSG00000186395",17,0,19,"KRT10","KRT10","KRT10: 
keratin 10 [Source:HGNC Symbol;Acc:6413]","KRT10"
"20",20,"ENSG00000044574",1,1,20,"HSPA5","HSPA5","HSPA5: 
heat shock 70kDa protein 5 (glucose-regulated protein, 78kDa) [Source:HGNC Symbol;Acc:5238]","HSPA5"
"21",21,"ENSG00000113811",1,1,21,"SELK","SELK","SELK: 
Selenoprotein K  [Source:UniProtKB/Swiss-Prot;Acc:Q9Y6D0]","SELK"
"22",22,"ENSG00000175073",2,1,22,"VCPIP1","VCPIP1","VCPIP1: 
valosin containing protein (p97)/p47 complex interacting protein 1 [Source:HGNC Symbol;Acc:30897]","VCPIP1"
"23",23,"ENSG00000223496",2,1,23,"EXOSC6","EXOSC6","EXOSC6: 
exosome component 6 [Source:HGNC Symbol;Acc:19055]","EXOSC6"
"24",24,"ENSG00000165688",1,2,24,"PMPCA","PMPCA","PMPCA: 
peptidase (mitochondrial processing) alpha [Source:HGNC Symbol;Acc:18667]","PMPCA"
"25",25,"ENSG00000198898",1,2,25,"CAPZA2","CAPZA2","CAPZA2: 
capping protein (actin filament) muscle Z-line, alpha 2 [Source:HGNC Symbol;Acc:1490]","CAPZA2"
