"","id","X","edges","delay","X.1","accession","external_gene_name.1","description","external_gene_name.y","var","prt","trc","var.prt","var.trc","prt.norm","trc.norm"
"1","ENSG00000013583",5,17,0,5,"HEBP1","HEBP1","HEBP1: 
heme binding protein 1 [Source:HGNC Symbol;Acc:17176]","HEBP1","t_0h",0.829563232436489,0.815094799087825,1,1,0.829563232436489,0.815094799087824
"2","ENSG00000044574",20,1,1,20,"HSPA5","HSPA5","HSPA5: 
heat shock 70kDa protein 5 (glucose-regulated protein, 78kDa) [Source:HGNC Symbol;Acc:5238]","HSPA5","t_0h",-0.832511670964756,-0.864595331978424,1,2,-0.832511670964756,-0.864595331978424
"3","ENSG00000075618",6,17,0,6,"FSCN1","FSCN1","FSCN1: 
fascin homolog 1, actin-bundling protein (Strongylocentrotus purpuratus) [Source:HGNC Symbol;Acc:11148]","FSCN1","t_0h",1.00446726767577,1.29038974755802,1,1,1.00446726767577,1.29038974755802
"4","ENSG00000100664",7,17,0,7,"EIF5","EIF5","EIF5: 
eukaryotic translation initiation factor 5 [Source:HGNC Symbol;Acc:3299]","EIF5","t_0h",-0.847066807878297,0.570894459738248,1,1,-0.847066807878297,0.570894459738248
"5","ENSG00000109805",1,16,0,1,"NCAPG","NCAPG","NCAPG: 
non-SMC condensin I complex, subunit G [Source:HGNC Symbol;Acc:24304]","NCAPG","t_0h",1.01708322979778,0.535903685999971,1,1,1.01708322979778,0.535903685999971
"6","ENSG00000111726",8,17,0,8,"CMAS","CMAS","CMAS: 
cytidine monophosphate N-acetylneuraminic acid synthetase [Source:HGNC Symbol;Acc:18290]","CMAS","t_0h",-0.856047197974093,0.171349164599547,1,1,-0.856047197974093,0.171349164599548
"7","ENSG00000113811",21,1,1,21,"SELK","SELK","SELK: 
Selenoprotein K  [Source:UniProtKB/Swiss-Prot;Acc:Q9Y6D0]","SELK","t_0h",-1.05660312902504,-0.927837158435658,1,2,-1.05660312902504,-0.927837158435658
"8","ENSG00000116161",9,17,0,9,"CACYBP","CACYBP","CACYBP: 
calcyclin binding protein [Source:HGNC Symbol;Acc:30423]","CACYBP","t_0h",0.881312384440604,0.410051913496136,1,1,0.881312384440604,0.410051913496137
"9","ENSG00000120948",10,17,0,10,"TARDBP","TARDBP","TARDBP: 
TAR DNA binding protein [Source:HGNC Symbol;Acc:11571]","TARDBP","t_0h",0.93615608186337,1.33261740897625,1,1,0.93615608186337,1.33261740897625
"10","ENSG00000122694",11,17,0,11,"GLIPR2","GLIPR2","GLIPR2: 
GLI pathogenesis-related 2 [Source:HGNC Symbol;Acc:18007]","GLIPR2","t_0h",-0.809357341100201,0.84762199666124,1,1,-0.809357341100201,0.84762199666124
"11","ENSG00000132589",12,17,0,12,"FLOT2","FLOT2","FLOT2: 
flotillin 2 [Source:HGNC Symbol;Acc:3758]","FLOT2","t_0h",1.37722425941587,1.02434739572118,1,1,1.37722425941587,1.02434739572118
"12","ENSG00000136937",2,16,0,2,"NCBP1","NCBP1","NCBP1: 
nuclear cap binding protein subunit 1, 80kDa [Source:HGNC Symbol;Acc:7658]","NCBP1","t_0h",0.516369388759099,0.153116290110381,1,1,0.516369388759099,0.153116290110382
"13","ENSG00000138107",13,17,0,13,"ACTR1A","ACTR1A","ACTR1A: 
ARP1 actin-related protein 1 homolog A, centractin alpha (yeast) [Source:HGNC Symbol;Acc:167]","ACTR1A","t_0h",0.827882587160226,1.14947861013489,1,1,0.827882587160226,1.14947861013489
"14","ENSG00000138448",14,17,0,14,"ITGAV","ITGAV","ITGAV: 
integrin, alpha V [Source:HGNC Symbol;Acc:6150]","ITGAV","t_0h",1.38554477326754,0.80151702673004,1,1,1.38554477326754,0.80151702673004
"15","ENSG00000163382",15,17,0,15,"APOA1BP","APOA1BP","APOA1BP: 
apolipoprotein A-I binding protein [Source:HGNC Symbol;Acc:18453]","APOA1BP","t_0h",-0.485825425644712,-0.416590127732212,1,1,-0.485825425644712,-0.416590127732212
"16","ENSG00000165688",24,1,2,24,"PMPCA","PMPCA","PMPCA: 
peptidase (mitochondrial processing) alpha [Source:HGNC Symbol;Acc:18667]","PMPCA","t_0h",-0.193566568574846,1.6529594892296,1,3,-0.193566568574846,1.6529594892296
"17","ENSG00000170759",16,17,0,16,"KIF5B","KIF5B","KIF5B: 
kinesin family member 5B [Source:HGNC Symbol;Acc:6324]","KIF5B","t_0h",1.02433353948013,-0.158471388350485,1,1,1.02433353948013,-0.158471388350485
"18","ENSG00000173692",3,16,0,3,"PSMD1","PSMD1","PSMD1: 
proteasome (prosome, macropain) 26S subunit, non-ATPase, 1 [Source:HGNC Symbol;Acc:9554]","PSMD1","t_0h",0.899892911372019,0.750220531911899,1,1,0.899892911372019,0.750220531911898
"19","ENSG00000175073",22,2,1,22,"VCPIP1","VCPIP1","VCPIP1: 
valosin containing protein (p97)/p47 complex interacting protein 1 [Source:HGNC Symbol;Acc:30897]","VCPIP1","t_0h",-0.927134316597659,-1.72358776160603,1,2,-0.927134316597659,-1.72358776160603
"20","ENSG00000179218",17,17,0,17,"CALR","CALR","CALR: 
calreticulin [Source:HGNC Symbol;Acc:1455]","CALR","t_0h",-0.872502312563899,-1.05118344088133,1,1,-0.8725023125639,-1.05118344088133
"21","ENSG00000182481",18,17,0,18,"KPNA2","KPNA2","KPNA2: 
karyopherin alpha 2 (RAG cohort 1, importin alpha 1) [Source:HGNC Symbol;Acc:6395]","KPNA2","t_0h",1.3457310944292,1.3910888333087,1,1,1.3457310944292,1.3910888333087
"22","ENSG00000186395",19,17,0,19,"KRT10","KRT10","KRT10: 
keratin 10 [Source:HGNC Symbol;Acc:6413]","KRT10","t_0h",-0.760246544987716,-0.902107811859122,1,1,-0.760246544987716,-0.902107811859123
"23","ENSG00000186522",4,16,0,4,"SEPT10","SEPT10","SEPT10: 
septin 10 [Source:HGNC Symbol;Acc:14349]","SEPT10","t_0h",-0.669309089931062,-0.056408445222464,1,1,-0.669309089931062,-0.0564084452224634
"24","ENSG00000198898",25,1,2,25,"CAPZA2","CAPZA2","CAPZA2: 
capping protein (actin filament) muscle Z-line, alpha 2 [Source:HGNC Symbol;Acc:1490]","CAPZA2","t_0h",0.481717455333147,1.5140307712565,1,3,0.481717455333148,1.5140307712565
"25","ENSG00000223496",23,2,1,23,"EXOSC6","EXOSC6","EXOSC6: 
exosome component 6 [Source:HGNC Symbol;Acc:19055]","EXOSC6","t_0h",1.05153024515014,1.22356181951279,1,2,1.05153024515014,1.22356181951279
"26","ENSG00000013583",5,17,0,5,"HEBP1","HEBP1","HEBP1: 
heme binding protein 1 [Source:HGNC Symbol;Acc:17176]","HEBP1","t_0.5h",0.851918190965445,0.7413171088959,2,2,0.851918190965445,0.741317108895899
"27","ENSG00000044574",20,1,1,20,"HSPA5","HSPA5","HSPA5: 
heat shock 70kDa protein 5 (glucose-regulated protein, 78kDa) [Source:HGNC Symbol;Acc:5238]","HSPA5","t_0.5h",-0.823242788884659,-0.726452825137176,2,3,-0.823242788884659,-0.726452825137176
"28","ENSG00000075618",6,17,0,6,"FSCN1","FSCN1","FSCN1: 
fascin homolog 1, actin-bundling protein (Strongylocentrotus purpuratus) [Source:HGNC Symbol;Acc:11148]","FSCN1","t_0.5h",0.963031241125843,1.04128678741737,2,2,0.963031241125843,1.04128678741737
"29","ENSG00000100664",7,17,0,7,"EIF5","EIF5","EIF5: 
eukaryotic translation initiation factor 5 [Source:HGNC Symbol;Acc:3299]","EIF5","t_0.5h",-0.728394008634484,0.71572850523122,2,2,-0.728394008634484,0.71572850523122
"30","ENSG00000109805",1,16,0,1,"NCAPG","NCAPG","NCAPG: 
non-SMC condensin I complex, subunit G [Source:HGNC Symbol;Acc:24304]","NCAPG","t_0.5h",0.960417313049356,0.713249912569466,2,2,0.960417313049356,0.713249912569466
"31","ENSG00000111726",8,17,0,8,"CMAS","CMAS","CMAS: 
cytidine monophosphate N-acetylneuraminic acid synthetase [Source:HGNC Symbol;Acc:18290]","CMAS","t_0.5h",-0.883839042281772,-0.379944756920827,2,2,-0.883839042281772,-0.379944756920827
"32","ENSG00000113811",21,1,1,21,"SELK","SELK","SELK: 
Selenoprotein K  [Source:UniProtKB/Swiss-Prot;Acc:Q9Y6D0]","SELK","t_0.5h",-0.966622389307777,-0.664050707589805,2,3,-0.966622389307777,-0.664050707589805
"33","ENSG00000116161",9,17,0,9,"CACYBP","CACYBP","CACYBP: 
calcyclin binding protein [Source:HGNC Symbol;Acc:30423]","CACYBP","t_0.5h",0.905320104767018,0.203814023593595,2,2,0.905320104767019,0.203814023593596
"34","ENSG00000120948",10,17,0,10,"TARDBP","TARDBP","TARDBP: 
TAR DNA binding protein [Source:HGNC Symbol;Acc:11571]","TARDBP","t_0.5h",0.715967461869494,0.822198117621149,2,2,0.715967461869494,0.822198117621149
"35","ENSG00000122694",11,17,0,11,"GLIPR2","GLIPR2","GLIPR2: 
GLI pathogenesis-related 2 [Source:HGNC Symbol;Acc:18007]","GLIPR2","t_0.5h",-0.251231501314326,0.892995889025631,2,2,-0.251231501314327,0.892995889025631
"36","ENSG00000132589",12,17,0,12,"FLOT2","FLOT2","FLOT2: 
flotillin 2 [Source:HGNC Symbol;Acc:3758]","FLOT2","t_0.5h",1.06351319033253,0.515381942556227,2,2,1.06351319033253,0.515381942556227
"37","ENSG00000136937",2,16,0,2,"NCBP1","NCBP1","NCBP1: 
nuclear cap binding protein subunit 1, 80kDa [Source:HGNC Symbol;Acc:7658]","NCBP1","t_0.5h",0.71508164559252,0.36346298763473,2,2,0.71508164559252,0.36346298763473
"38","ENSG00000138107",13,17,0,13,"ACTR1A","ACTR1A","ACTR1A: 
ARP1 actin-related protein 1 homolog A, centractin alpha (yeast) [Source:HGNC Symbol;Acc:167]","ACTR1A","t_0.5h",0.87870287949823,1.01549372939036,2,2,0.87870287949823,1.01549372939036
"39","ENSG00000138448",14,17,0,14,"ITGAV","ITGAV","ITGAV: 
integrin, alpha V [Source:HGNC Symbol;Acc:6150]","ITGAV","t_0.5h",1.05973263892206,0.872318014837469,2,2,1.05973263892206,0.872318014837469
"40","ENSG00000163382",15,17,0,15,"APOA1BP","APOA1BP","APOA1BP: 
apolipoprotein A-I binding protein [Source:HGNC Symbol;Acc:18453]","APOA1BP","t_0.5h",-0.372082934184959,-0.408352625656685,2,2,-0.372082934184959,-0.408352625656685
"41","ENSG00000165688",24,1,2,24,"PMPCA","PMPCA","PMPCA: 
peptidase (mitochondrial processing) alpha [Source:HGNC Symbol;Acc:18667]","PMPCA","t_0.5h",0.137635617841081,1.1234668533539,2,4,0.137635617841081,1.1234668533539
"42","ENSG00000170759",16,17,0,16,"KIF5B","KIF5B","KIF5B: 
kinesin family member 5B [Source:HGNC Symbol;Acc:6324]","KIF5B","t_0.5h",0.970518587565091,0.305941411769235,2,2,0.970518587565091,0.305941411769234
"43","ENSG00000173692",3,16,0,3,"PSMD1","PSMD1","PSMD1: 
proteasome (prosome, macropain) 26S subunit, non-ATPase, 1 [Source:HGNC Symbol;Acc:9554]","PSMD1","t_0.5h",0.911724166343822,0.639202571154369,2,2,0.911724166343822,0.639202571154369
"44","ENSG00000175073",22,2,1,22,"VCPIP1","VCPIP1","VCPIP1: 
valosin containing protein (p97)/p47 complex interacting protein 1 [Source:HGNC Symbol;Acc:30897]","VCPIP1","t_0.5h",-0.923397052845313,-1.13912841684501,2,3,-0.923397052845313,-1.13912841684501
"45","ENSG00000179218",17,17,0,17,"CALR","CALR","CALR: 
calreticulin [Source:HGNC Symbol;Acc:1455]","CALR","t_0.5h",-0.869244036094335,-0.817137364854583,2,2,-0.869244036094335,-0.817137364854583
"46","ENSG00000182481",18,17,0,18,"KPNA2","KPNA2","KPNA2: 
karyopherin alpha 2 (RAG cohort 1, importin alpha 1) [Source:HGNC Symbol;Acc:6395]","KPNA2","t_0.5h",1.04768836837633,1.08104597548401,2,2,1.04768836837633,1.08104597548401
"47","ENSG00000186395",19,17,0,19,"KRT10","KRT10","KRT10: 
keratin 10 [Source:HGNC Symbol;Acc:6413]","KRT10","t_0.5h",-0.867293812153928,-0.59306891221743,2,2,-0.867293812153928,-0.593068912217431
"48","ENSG00000186522",4,16,0,4,"SEPT10","SEPT10","SEPT10: 
septin 10 [Source:HGNC Symbol;Acc:14349]","SEPT10","t_0.5h",-0.269362093938211,0.341149703350098,2,2,-0.269362093938211,0.341149703350099
"49","ENSG00000198898",25,1,2,25,"CAPZA2","CAPZA2","CAPZA2: 
capping protein (actin filament) muscle Z-line, alpha 2 [Source:HGNC Symbol;Acc:1490]","CAPZA2","t_0.5h",0.638387183523235,1.0865541608405,2,4,0.638387183523235,1.0865541608405
"50","ENSG00000223496",23,2,1,23,"EXOSC6","EXOSC6","EXOSC6: 
exosome component 6 [Source:HGNC Symbol;Acc:19055]","EXOSC6","t_0.5h",0.976079438496681,0.324876837330406,2,3,0.976079438496681,0.324876837330406
"51","ENSG00000013583",5,17,0,5,"HEBP1","HEBP1","HEBP1: 
heme binding protein 1 [Source:HGNC Symbol;Acc:17176]","HEBP1","t_1h",0.875542491677504,0.661747075400004,3,3,0.875542491677504,0.661747075400003
"52","ENSG00000044574",20,1,1,20,"HSPA5","HSPA5","HSPA5: 
heat shock 70kDa protein 5 (glucose-regulated protein, 78kDa) [Source:HGNC Symbol;Acc:5238]","HSPA5","t_1h",-0.813846732840672,-0.490520813876923,3,4,-0.813846732840672,-0.490520813876923
"53","ENSG00000075618",6,17,0,6,"FSCN1","FSCN1","FSCN1: 
fascin homolog 1, actin-bundling protein (Strongylocentrotus purpuratus) [Source:HGNC Symbol;Acc:11148]","FSCN1","t_1h",0.920629128547279,0.802930656243282,3,3,0.920629128547279,0.802930656243282
"54","ENSG00000100664",7,17,0,7,"EIF5","EIF5","EIF5: 
eukaryotic translation initiation factor 5 [Source:HGNC Symbol;Acc:3299]","EIF5","t_1h",-0.609647081993921,0.864264978086172,3,3,-0.609647081993921,0.864264978086172
"55","ENSG00000109805",1,16,0,1,"NCAPG","NCAPG","NCAPG: 
non-SMC condensin I complex, subunit G [Source:HGNC Symbol;Acc:24304]","NCAPG","t_1h",0.904085478119707,0.900851710657584,3,3,0.904085478119706,0.900851710657584
"56","ENSG00000111726",8,17,0,8,"CMAS","CMAS","CMAS: 
cytidine monophosphate N-acetylneuraminic acid synthetase [Source:HGNC Symbol;Acc:18290]","CMAS","t_1h",-0.909655822460605,-0.881192804590455,3,3,-0.909655822460605,-0.881192804590455
"57","ENSG00000113811",21,1,1,21,"SELK","SELK","SELK: 
Selenoprotein K  [Source:UniProtKB/Swiss-Prot;Acc:Q9Y6D0]","SELK","t_1h",-0.868627846041105,-0.31808409180103,3,4,-0.868627846041105,-0.31808409180103
"58","ENSG00000116161",9,17,0,9,"CACYBP","CACYBP","CACYBP: 
calcyclin binding protein [Source:HGNC Symbol;Acc:30423]","CACYBP","t_1h",0.926511237015238,-0.0114707870441238,3,3,0.926511237015238,-0.0114707870441233
"59","ENSG00000120948",10,17,0,10,"TARDBP","TARDBP","TARDBP: 
TAR DNA binding protein [Source:HGNC Symbol;Acc:11571]","TARDBP","t_1h",0.500793007588804,0.345447415972042,3,3,0.500793007588804,0.345447415972042
"60","ENSG00000122694",11,17,0,11,"GLIPR2","GLIPR2","GLIPR2: 
GLI pathogenesis-related 2 [Source:HGNC Symbol;Acc:18007]","GLIPR2","t_1h",0.391951209238365,0.939023336753235,3,3,0.391951209238365,0.939023336753235
"61","ENSG00000132589",12,17,0,12,"FLOT2","FLOT2","FLOT2: 
flotillin 2 [Source:HGNC Symbol;Acc:3758]","FLOT2","t_1h",0.784858456436467,0.0396636977594909,3,3,0.784858456436467,0.0396636977594909
"62","ENSG00000136937",2,16,0,2,"NCBP1","NCBP1","NCBP1: 
nuclear cap binding protein subunit 1, 80kDa [Source:HGNC Symbol;Acc:7658]","NCBP1","t_1h",0.926960700547068,0.572229987384893,3,3,0.926960700547068,0.572229987384894
"63","ENSG00000138107",13,17,0,13,"ACTR1A","ACTR1A","ACTR1A: 
ARP1 actin-related protein 1 homolog A, centractin alpha (yeast) [Source:HGNC Symbol;Acc:167]","ACTR1A","t_1h",0.928967544031914,0.883497980034718,3,3,0.928967544031914,0.883497980034718
"64","ENSG00000138448",14,17,0,14,"ITGAV","ITGAV","ITGAV: 
integrin, alpha V [Source:HGNC Symbol;Acc:6150]","ITGAV","t_1h",0.769255195294335,0.942901769410993,3,3,0.769255195294335,0.942901769410993
"65","ENSG00000163382",15,17,0,15,"APOA1BP","APOA1BP","APOA1BP: 
apolipoprotein A-I binding protein [Source:HGNC Symbol;Acc:18453]","APOA1BP","t_1h",-0.252739625437982,-0.402877333865524,3,3,-0.252739625437982,-0.402877333865524
"66","ENSG00000165688",24,1,2,24,"PMPCA","PMPCA","PMPCA: 
peptidase (mitochondrial processing) alpha [Source:HGNC Symbol;Acc:18667]","PMPCA","t_1h",0.506269204117431,0.637340074742769,3,5,0.506269204117431,0.637340074742769
"67","ENSG00000170759",16,17,0,16,"KIF5B","KIF5B","KIF5B: 
kinesin family member 5B [Source:HGNC Symbol;Acc:6324]","KIF5B","t_1h",0.916731498298835,0.799724042014115,3,3,0.916731498298835,0.799724042014114
"68","ENSG00000173692",3,16,0,3,"PSMD1","PSMD1","PSMD1: 
proteasome (prosome, macropain) 26S subunit, non-ATPase, 1 [Source:HGNC Symbol;Acc:9554]","PSMD1","t_1h",0.922825374305518,0.529834205236471,3,3,0.922825374305518,0.529834205236471
"69","ENSG00000175073",22,2,1,22,"VCPIP1","VCPIP1","VCPIP1: 
valosin containing protein (p97)/p47 complex interacting protein 1 [Source:HGNC Symbol;Acc:30897]","VCPIP1","t_1h",-0.919642798325988,-0.524659854436879,3,4,-0.919642798325988,-0.524659854436877
"70","ENSG00000179218",17,17,0,17,"CALR","CALR","CALR: 
calreticulin [Source:HGNC Symbol;Acc:1455]","CALR","t_1h",-0.866066072290179,-0.552946962427975,3,3,-0.86606607229018,-0.552946962427975
"71","ENSG00000182481",18,17,0,18,"KPNA2","KPNA2","KPNA2: 
karyopherin alpha 2 (RAG cohort 1, importin alpha 1) [Source:HGNC Symbol;Acc:6395]","KPNA2","t_1h",0.770826441382318,0.784243152914868,3,3,0.770826441382318,0.784243152914868
"72","ENSG00000186395",19,17,0,19,"KRT10","KRT10","KRT10: 
keratin 10 [Source:HGNC Symbol;Acc:6413]","KRT10","t_1h",-0.951594069773646,-0.262506287281292,3,3,-0.951594069773646,-0.262506287281292
"73","ENSG00000186522",4,16,0,4,"SEPT10","SEPT10","SEPT10: 
septin 10 [Source:HGNC Symbol;Acc:14349]","SEPT10","t_1h",0.286082402453351,0.764318223810932,3,3,0.286082402453351,0.764318223810933
"74","ENSG00000198898",25,1,2,25,"CAPZA2","CAPZA2","CAPZA2: 
capping protein (actin filament) muscle Z-line, alpha 2 [Source:HGNC Symbol;Acc:1490]","CAPZA2","t_1h",0.801176688909659,0.670357115795693,3,5,0.801176688909659,0.670357115795693
"75","ENSG00000223496",23,2,1,23,"EXOSC6","EXOSC6","EXOSC6: 
exosome component 6 [Source:HGNC Symbol;Acc:19055]","EXOSC6","t_1h",0.90420406490933,-0.516386104100824,3,4,0.90420406490933,-0.516386104100824
"76","ENSG00000013583",5,17,0,5,"HEBP1","HEBP1","HEBP1: 
heme binding protein 1 [Source:HGNC Symbol;Acc:17176]","HEBP1","t_2h",0.928739140514739,0.511072815135984,4,4,0.928739140514739,0.511072815135983
"77","ENSG00000044574",20,1,1,20,"HSPA5","HSPA5","HSPA5: 
heat shock 70kDa protein 5 (glucose-regulated protein, 78kDa) [Source:HGNC Symbol;Acc:5238]","HSPA5","t_2h",-0.795191219601507,0.603335173463104,4,5,-0.795191219601507,0.603335173463104
"78","ENSG00000075618",6,17,0,6,"FSCN1","FSCN1","FSCN1: 
fascin homolog 1, actin-bundling protein (Strongylocentrotus purpuratus) [Source:HGNC Symbol;Acc:11148]","FSCN1","t_2h",0.83974444307098,0.359131169748406,4,4,0.83974444307098,0.359131169748406
"79","ENSG00000100664",7,17,0,7,"EIF5","EIF5","EIF5: 
eukaryotic translation initiation factor 5 [Source:HGNC Symbol;Acc:3299]","EIF5","t_2h",-0.378586158452128,1.17976855600958,4,4,-0.378586158452128,1.17976855600958
"80","ENSG00000109805",1,16,0,1,"NCAPG","NCAPG","NCAPG: 
non-SMC condensin I complex, subunit G [Source:HGNC Symbol;Acc:24304]","NCAPG","t_2h",0.800604134958971,1.31618334870423,4,4,0.80060413495897,1.31618334870423
"81","ENSG00000111726",8,17,0,8,"CMAS","CMAS","CMAS: 
cytidine monophosphate N-acetylneuraminic acid synthetase [Source:HGNC Symbol;Acc:18290]","CMAS","t_2h",-0.956776516045128,-1.75051597355095,4,4,-0.956776516045128,-1.75051597355095
"82","ENSG00000113811",21,1,1,21,"SELK","SELK","SELK: 
Selenoprotein K  [Source:UniProtKB/Swiss-Prot;Acc:Q9Y6D0]","SELK","t_2h",-0.646229673936043,0.736505532404356,4,5,-0.646229673936043,0.736505532404356
"83","ENSG00000116161",9,17,0,9,"CACYBP","CACYBP","CACYBP: 
calcyclin binding protein [Source:HGNC Symbol;Acc:30423]","CACYBP","t_2h",0.963296920121575,-0.51603877877255,4,4,0.963296920121576,-0.51603877877255
"84","ENSG00000120948",10,17,0,10,"TARDBP","TARDBP","TARDBP: 
TAR DNA binding protein [Source:HGNC Symbol;Acc:11571]","TARDBP","t_2h",0.080234651233795,-0.506840441012213,4,4,0.0802346512337952,-0.506840441012213
"85","ENSG00000122694",11,17,0,11,"GLIPR2","GLIPR2","GLIPR2: 
GLI pathogenesis-related 2 [Source:HGNC Symbol;Acc:18007]","GLIPR2","t_2h",1.98746076363436,1.03172657006497,4,4,1.98746076363436,1.03172657006497
"86","ENSG00000132589",12,17,0,12,"FLOT2","FLOT2","FLOT2: 
flotillin 2 [Source:HGNC Symbol;Acc:3758]","FLOT2","t_2h",0.314399680264872,-0.820948969090564,4,4,0.314399680264872,-0.820948969090564
"87","ENSG00000136937",2,16,0,2,"NCBP1","NCBP1","NCBP1: 
nuclear cap binding protein subunit 1, 80kDa [Source:HGNC Symbol;Acc:7658]","NCBP1","t_2h",1.38792621504781,0.970447674410936,4,4,1.38792621504781,0.970447674410937
"88","ENSG00000138107",13,17,0,13,"ACTR1A","ACTR1A","ACTR1A: 
ARP1 actin-related protein 1 homolog A, centractin alpha (yeast) [Source:HGNC Symbol;Acc:167]","ACTR1A","t_2h",1.03596970445376,0.626991515367584,4,4,1.03596970445376,0.626991515367584
"89","ENSG00000138448",14,17,0,14,"ITGAV","ITGAV","ITGAV: 
integrin, alpha V [Source:HGNC Symbol;Acc:6150]","ITGAV","t_2h",0.279420127271777,1.09101905089494,4,4,0.279420127271777,1.09101905089494
"90","ENSG00000163382",15,17,0,15,"APOA1BP","APOA1BP","APOA1BP: 
apolipoprotein A-I binding protein [Source:HGNC Symbol;Acc:18453]","APOA1BP","t_2h",0.0106046592018493,-0.413713504112231,4,4,0.0106046592018492,-0.413713504112231
"91","ENSG00000165688",24,1,2,24,"PMPCA","PMPCA","PMPCA: 
peptidase (mitochondrial processing) alpha [Source:HGNC Symbol;Acc:18667]","PMPCA","t_2h",1.35943429397152,-0.219224283277109,4,6,1.35943429397152,-0.21922428327711
"92","ENSG00000170759",16,17,0,16,"KIF5B","KIF5B","KIF5B: 
kinesin family member 5B [Source:HGNC Symbol;Acc:6324]","KIF5B","t_2h",0.816100279875011,1.90295128333436,4,4,0.816100279875011,1.90295128333435
"93","ENSG00000173692",3,16,0,3,"PSMD1","PSMD1","PSMD1: 
proteasome (prosome, macropain) 26S subunit, non-ATPase, 1 [Source:HGNC Symbol;Acc:9554]","PSMD1","t_2h",0.941904159837441,0.318491272124436,4,4,0.941904159837441,0.318491272124436
"94","ENSG00000175073",22,2,1,22,"VCPIP1","VCPIP1","VCPIP1: 
valosin containing protein (p97)/p47 complex interacting protein 1 [Source:HGNC Symbol;Acc:30897]","VCPIP1","t_2h",-0.912078863836611,0.813529356650897,4,5,-0.912078863836611,0.813529356650898
"95","ENSG00000179218",17,17,0,17,"CALR","CALR","CALR: 
calreticulin [Source:HGNC Symbol;Acc:1455]","CALR","t_2h",-0.860514832630617,0.0834895237885812,4,4,-0.860514832630617,0.0834895237885811
"96","ENSG00000182481",18,17,0,18,"KPNA2","KPNA2","KPNA2: 
karyopherin alpha 2 (RAG cohort 1, importin alpha 1) [Source:HGNC Symbol;Acc:6395]","KPNA2","t_2h",0.277919496535279,0.22951672175034,4,4,0.277919496535279,0.22951672175034
"97","ENSG00000186395",19,17,0,19,"KRT10","KRT10","KRT10: 
keratin 10 [Source:HGNC Symbol;Acc:6413]","KRT10","t_2h",-1.07028400663407,0.472705515521285,4,4,-1.07028400663407,0.472705515521284
"98","ENSG00000186522",4,16,0,4,"SEPT10","SEPT10","SEPT10: 
septin 10 [Source:HGNC Symbol;Acc:14349]","SEPT10","t_2h",2.11793231021486,1.70243573981598,4,4,2.11793231021486,1.70243573981598
"99","ENSG00000198898",25,1,2,25,"CAPZA2","CAPZA2","CAPZA2: 
capping protein (actin filament) muscle Z-line, alpha 2 [Source:HGNC Symbol;Acc:1490]","CAPZA2","t_2h",1.15009924344746,-0.124901376709745,4,6,1.15009924344746,-0.124901376709744
"100","ENSG00000223496",23,2,1,23,"EXOSC6","EXOSC6","EXOSC6: 
exosome component 6 [Source:HGNC Symbol;Acc:19055]","EXOSC6","t_2h",0.783305864361825,-2.04199684156183,4,5,0.783305864361825,-2.04199684156183
"101","ENSG00000013583",5,17,0,5,"HEBP1","HEBP1","HEBP1: 
heme binding protein 1 [Source:HGNC Symbol;Acc:17176]","HEBP1","t_8h",-0.181665583572549,-1.88129535294921,5,5,-0.181665583572549,-1.88129535294921
"102","ENSG00000044574",20,1,1,20,"HSPA5","HSPA5","HSPA5: 
heat shock 70kDa protein 5 (glucose-regulated protein, 78kDa) [Source:HGNC Symbol;Acc:5238]","HSPA5","t_8h",-0.0908847021476446,2.01052475507651,5,6,-0.0908847021476446,2.01052475507651
"103","ENSG00000075618",6,17,0,6,"FSCN1","FSCN1","FSCN1: 
fascin homolog 1, actin-bundling protein (Strongylocentrotus purpuratus) [Source:HGNC Symbol;Acc:11148]","FSCN1","t_8h",-0.766562497303087,-1.25770494107468,5,5,-0.766562497303087,-1.25770494107468
"104","ENSG00000100664",7,17,0,7,"EIF5","EIF5","EIF5: 
eukaryotic translation initiation factor 5 [Source:HGNC Symbol;Acc:3299]","EIF5","t_8h",-0.526966232529669,-1.49147089318028,5,5,-0.526966232529669,-1.49147089318028
"105","ENSG00000109805",1,16,0,1,"NCAPG","NCAPG","NCAPG: 
non-SMC condensin I complex, subunit G [Source:HGNC Symbol;Acc:24304]","NCAPG","t_8h",-1.11405290285963,-1.25570854617151,5,5,-1.11405290285963,-1.25570854617151
"106","ENSG00000111726",8,17,0,8,"CMAS","CMAS","CMAS: 
cytidine monophosphate N-acetylneuraminic acid synthetase [Source:HGNC Symbol;Acc:18290]","CMAS","t_8h",0.477172099577579,-0.0957440852406223,5,5,0.47717209957758,-0.0957440852406222
"107","ENSG00000113811",21,1,1,21,"SELK","SELK","SELK: 
Selenoprotein K  [Source:UniProtKB/Swiss-Prot;Acc:Q9Y6D0]","SELK","t_8h",0.279355694915391,1.86827510941358,5,6,0.279355694915391,1.86827510941358
"108","ENSG00000116161",9,17,0,9,"CACYBP","CACYBP","CACYBP: 
calcyclin binding protein [Source:HGNC Symbol;Acc:30423]","CACYBP","t_8h",-0.742289457856022,-1.54281966405459,5,5,-0.742289457856021,-1.54281966405459
"109","ENSG00000120948",10,17,0,10,"TARDBP","TARDBP","TARDBP: 
TAR DNA binding protein [Source:HGNC Symbol;Acc:11571]","TARDBP","t_8h",-1.9819938587478,-1.3357294196441,5,5,-1.9819938587478,-1.3357294196441
"110","ENSG00000122694",11,17,0,11,"GLIPR2","GLIPR2","GLIPR2: 
GLI pathogenesis-related 2 [Source:HGNC Symbol;Acc:18007]","GLIPR2","t_8h",0.786859650144352,-0.715107484213935,5,5,0.786859650144352,-0.715107484213935
"111","ENSG00000132589",12,17,0,12,"FLOT2","FLOT2","FLOT2: 
flotillin 2 [Source:HGNC Symbol;Acc:3758]","FLOT2","t_8h",-1.12170596797207,-1.6621877747785,5,5,-1.12170596797207,-1.6621877747785
"112","ENSG00000136937",2,16,0,2,"NCBP1","NCBP1","NCBP1: 
nuclear cap binding protein subunit 1, 80kDa [Source:HGNC Symbol;Acc:7658]","NCBP1","t_8h",-0.644077656986841,-2.08822405138628,5,5,-0.644077656986841,-2.08822405138628
"113","ENSG00000138107",13,17,0,13,"ACTR1A","ACTR1A","ACTR1A: 
ARP1 actin-related protein 1 homolog A, centractin alpha (yeast) [Source:HGNC Symbol;Acc:167]","ACTR1A","t_8h",-0.526693919094018,-0.680535609343539,5,5,-0.526693919094018,-0.680535609343539
"114","ENSG00000138448",14,17,0,14,"ITGAV","ITGAV","ITGAV: 
integrin, alpha V [Source:HGNC Symbol;Acc:6150]","ITGAV","t_8h",-0.525461373816718,-0.702995029277041,5,5,-0.525461373816718,-0.702995029277041
"115","ENSG00000163382",15,17,0,15,"APOA1BP","APOA1BP","APOA1BP: 
apolipoprotein A-I binding protein [Source:HGNC Symbol;Acc:18453]","APOA1BP","t_8h",-1.16897804652935,-0.839329547238414,5,5,-1.16897804652935,-0.839329547238414
"116","ENSG00000165688",24,1,2,24,"PMPCA","PMPCA","PMPCA: 
peptidase (mitochondrial processing) alpha [Source:HGNC Symbol;Acc:18667]","PMPCA","t_8h",1.13555213474631,-0.801460101033838,5,7,1.13555213474631,-0.801460101033839
"117","ENSG00000170759",16,17,0,16,"KIF5B","KIF5B","KIF5B: 
kinesin family member 5B [Source:HGNC Symbol;Acc:6324]","KIF5B","t_8h",-0.786746720253211,-0.336366834672984,5,5,-0.786746720253211,-0.336366834672984
"118","ENSG00000173692",3,16,0,3,"PSMD1","PSMD1","PSMD1: 
proteasome (prosome, macropain) 26S subunit, non-ATPase, 1 [Source:HGNC Symbol;Acc:9554]","PSMD1","t_8h",-1.29789273253983,-2.07701315049307,5,5,-1.29789273253983,-2.07701315049307
"119","ENSG00000175073",22,2,1,22,"VCPIP1","VCPIP1","VCPIP1: 
valosin containing protein (p97)/p47 complex interacting protein 1 [Source:HGNC Symbol;Acc:30897]","VCPIP1","t_8h",0.559383239716262,0.814756680833442,5,6,0.559383239716262,0.814756680833443
"120","ENSG00000179218",17,17,0,17,"CALR","CALR","CALR: 
calreticulin [Source:HGNC Symbol;Acc:1455]","CALR","t_8h",0.13885147863504,1.84871452213744,5,5,0.13885147863504,1.84871452213744
"121","ENSG00000182481",18,17,0,18,"KPNA2","KPNA2","KPNA2: 
karyopherin alpha 2 (RAG cohort 1, importin alpha 1) [Source:HGNC Symbol;Acc:6395]","KPNA2","t_8h",-0.516472409916928,-0.503256389417273,5,5,-0.516472409916928,-0.503256389417273
"122","ENSG00000186395",19,17,0,19,"KRT10","KRT10","KRT10: 
keratin 10 [Source:HGNC Symbol;Acc:6413]","KRT10","t_8h",0.639364929844999,1.90660848672192,5,5,0.639364929844999,1.90660848672192
"123","ENSG00000186522",4,16,0,4,"SEPT10","SEPT10","SEPT10: 
septin 10 [Source:HGNC Symbol;Acc:14349]","SEPT10","t_8h",0.56182045688007,-1.51504522036013,5,5,0.56182045688007,-1.51504522036013
"124","ENSG00000198898",25,1,2,25,"CAPZA2","CAPZA2","CAPZA2: 
capping protein (actin filament) muscle Z-line, alpha 2 [Source:HGNC Symbol;Acc:1490]","CAPZA2","t_8h",0.244552048151042,-1.28117611540604,5,7,0.244552048151042,-1.28117611540604
"125","ENSG00000223496",23,2,1,23,"EXOSC6","EXOSC6","EXOSC6: 
exosome component 6 [Source:HGNC Symbol;Acc:19055]","EXOSC6","t_8h",-0.777244532182363,-0.358408032993586,5,6,-0.777244532182363,-0.358408032993585
"126","ENSG00000013583",5,17,0,5,"HEBP1","HEBP1","HEBP1: 
heme binding protein 1 [Source:HGNC Symbol;Acc:17176]","HEBP1","t_16h",-0.696254610873866,-1.12292655571678,6,6,-0.696254610873866,-1.12292655571679
"127","ENSG00000044574",20,1,1,20,"HSPA5","HSPA5","HSPA5: 
heat shock 70kDa protein 5 (glucose-regulated protein, 78kDa) [Source:HGNC Symbol;Acc:5238]","HSPA5","t_16h",0.570026283405914,0.609059995591215,6,7,0.570026283405914,0.609059995591215
"128","ENSG00000075618",6,17,0,6,"FSCN1","FSCN1","FSCN1: 
fascin homolog 1, actin-bundling protein (Strongylocentrotus purpuratus) [Source:HGNC Symbol;Acc:11148]","FSCN1","t_16h",-0.977060556344774,-1.08952035312231,6,6,-0.977060556344774,-1.08952035312231
"129","ENSG00000100664",7,17,0,7,"EIF5","EIF5","EIF5: 
eukaryotic translation initiation factor 5 [Source:HGNC Symbol;Acc:3299]","EIF5","t_16h",0.0708560943970263,-1.19549233912952,6,6,0.0708560943970266,-1.19549233912952
"130","ENSG00000109805",1,16,0,1,"NCAPG","NCAPG","NCAPG: 
non-SMC condensin I complex, subunit G [Source:HGNC Symbol;Acc:24304]","NCAPG","t_16h",-0.583303461986513,-1.25772449557461,6,6,-0.583303461986513,-1.25772449557461
"131","ENSG00000111726",8,17,0,8,"CMAS","CMAS","CMAS: 
cytidine monophosphate N-acetylneuraminic acid synthetase [Source:HGNC Symbol;Acc:18290]","CMAS","t_16h",0.682851167055791,0.740583154056667,6,6,0.682851167055791,0.740583154056667
"132","ENSG00000113811",21,1,1,21,"SELK","SELK","SELK: 
Selenoprotein K  [Source:UniProtKB/Swiss-Prot;Acc:Q9Y6D0]","SELK","t_16h",0.788764295938052,0.689406642511731,6,7,0.788764295938052,0.689406642511731
"133","ENSG00000116161",9,17,0,9,"CACYBP","CACYBP","CACYBP: 
calcyclin binding protein [Source:HGNC Symbol;Acc:30423]","CACYBP","t_16h",-0.656004979055568,-0.861971413015169,6,6,-0.656004979055568,-0.861971413015169
"134","ENSG00000120948",10,17,0,10,"TARDBP","TARDBP","TARDBP: 
TAR DNA binding protein [Source:HGNC Symbol;Acc:11571]","TARDBP","t_16h",-0.955240647632093,-1.29746310968664,6,6,-0.955240647632092,-1.29746310968664
"135","ENSG00000122694",11,17,0,11,"GLIPR2","GLIPR2","GLIPR2: 
GLI pathogenesis-related 2 [Source:HGNC Symbol;Acc:18007]","GLIPR2","t_16h",-0.484786081725772,-0.861055109050953,6,6,-0.484786081725772,-0.861055109050953
"136","ENSG00000132589",12,17,0,12,"FLOT2","FLOT2","FLOT2: 
flotillin 2 [Source:HGNC Symbol;Acc:3758]","FLOT2","t_16h",-0.966417085201868,-0.717431437236547,6,6,-0.966417085201869,-0.717431437236547
"137","ENSG00000136937",2,16,0,2,"NCBP1","NCBP1","NCBP1: 
nuclear cap binding protein subunit 1, 80kDa [Source:HGNC Symbol;Acc:7658]","NCBP1","t_16h",-0.620351073643196,-0.813645184339012,6,6,-0.620351073643196,-0.813645184339012
"138","ENSG00000138107",13,17,0,13,"ACTR1A","ACTR1A","ACTR1A: 
ARP1 actin-related protein 1 homolog A, centractin alpha (yeast) [Source:HGNC Symbol;Acc:167]","ACTR1A","t_16h",-0.912668678924682,-0.88987476793127,6,6,-0.912668678924682,-0.88987476793127
"139","ENSG00000138448",14,17,0,14,"ITGAV","ITGAV","ITGAV: 
integrin, alpha V [Source:HGNC Symbol;Acc:6150]","ITGAV","t_16h",-0.781069001748009,-0.915337757105442,6,6,-0.781069001748009,-0.915337757105442
"140","ENSG00000163382",15,17,0,15,"APOA1BP","APOA1BP","APOA1BP: 
apolipoprotein A-I binding protein [Source:HGNC Symbol;Acc:18453]","APOA1BP","t_16h",-0.533767346317407,-0.518612568167254,6,6,-0.533767346317407,-0.518612568167254
"141","ENSG00000165688",24,1,2,24,"PMPCA","PMPCA","PMPCA: 
peptidase (mitochondrial processing) alpha [Source:HGNC Symbol;Acc:18667]","PMPCA","t_16h",-0.367658550679437,-0.797694011005107,6,8,-0.367658550679437,-0.797694011005107
"142","ENSG00000170759",16,17,0,16,"KIF5B","KIF5B","KIF5B: 
kinesin family member 5B [Source:HGNC Symbol;Acc:6324]","KIF5B","t_16h",-0.96489837924429,-0.381856599362453,6,6,-0.96489837924429,-0.381856599362453
"143","ENSG00000173692",3,16,0,3,"PSMD1","PSMD1","PSMD1: 
proteasome (prosome, macropain) 26S subunit, non-ATPase, 1 [Source:HGNC Symbol;Acc:9554]","PSMD1","t_16h",-0.961253954748246,-0.899594902854594,6,6,-0.961253954748246,-0.899594902854595
"144","ENSG00000175073",22,2,1,22,"VCPIP1","VCPIP1","VCPIP1: 
valosin containing protein (p97)/p47 complex interacting protein 1 [Source:HGNC Symbol;Acc:30897]","VCPIP1","t_16h",0.879988919814324,0.815754239430827,6,7,0.879988919814324,0.815754239430828
"145","ENSG00000179218",17,17,0,17,"CALR","CALR","CALR: 
calreticulin [Source:HGNC Symbol;Acc:1455]","CALR","t_16h",0.721298970958877,1.06680361229747,6,6,0.721298970958876,1.06680361229747
"146","ENSG00000182481",18,17,0,18,"KPNA2","KPNA2","KPNA2: 
karyopherin alpha 2 (RAG cohort 1, importin alpha 1) [Source:HGNC Symbol;Acc:6395]","KPNA2","t_16h",-0.566429636190347,-0.916489965235464,6,6,-0.566429636190347,-0.916489965235464
"147","ENSG00000186395",19,17,0,19,"KRT10","KRT10","KRT10: 
keratin 10 [Source:HGNC Symbol;Acc:6413]","KRT10","t_16h",0.692603127903705,0.795159512952441,6,6,0.692603127903706,0.79515951295244
"148","ENSG00000186522",4,16,0,4,"SEPT10","SEPT10","SEPT10: 
septin 10 [Source:HGNC Symbol;Acc:14349]","SEPT10","t_16h",-0.309538827835963,-0.977640816997827,6,6,-0.309538827835964,-0.977640816997826
"149","ENSG00000198898",25,1,2,25,"CAPZA2","CAPZA2","CAPZA2: 
capping protein (actin filament) muscle Z-line, alpha 2 [Source:HGNC Symbol;Acc:1490]","CAPZA2","t_16h",-0.484861275804372,-0.99859218556488,6,8,-0.484861275804372,-0.998592185564879
"150","ENSG00000223496",23,2,1,23,"EXOSC6","EXOSC6","EXOSC6: 
exosome component 6 [Source:HGNC Symbol;Acc:19055]","EXOSC6","t_16h",-1.09801206484741,0.822053326802776,6,7,-1.09801206484741,0.822053326802777
"151","ENSG00000013583",5,17,0,5,"HEBP1","HEBP1","HEBP1: 
heme binding protein 1 [Source:HGNC Symbol;Acc:17176]","HEBP1","t_24h",-1.16475582455495,-0.215292957397063,7,7,-1.16475582455495,-0.215292957397064
"152","ENSG00000044574",20,1,1,20,"HSPA5","HSPA5","HSPA5: 
heat shock 70kDa protein 5 (glucose-regulated protein, 78kDa) [Source:HGNC Symbol;Acc:5238]","HSPA5","t_24h",1.14644686643643,-0.403923660586252,7,8,1.14644686643643,-0.403923660586252
"153","ENSG00000075618",6,17,0,6,"FSCN1","FSCN1","FSCN1: 
fascin homolog 1, actin-bundling protein (Strongylocentrotus purpuratus) [Source:HGNC Symbol;Acc:11148]","FSCN1","t_24h",-0.992371116430905,-0.732663034379096,7,7,-0.992371116430905,-0.732663034379097
"154","ENSG00000100664",7,17,0,7,"EIF5","EIF5","EIF5: 
eukaryotic translation initiation factor 5 [Source:HGNC Symbol;Acc:3299]","EIF5","t_24h",1.06571730349303,-0.606580329653674,7,7,1.06571730349303,-0.606580329653674
"155","ENSG00000109805",1,16,0,1,"NCAPG","NCAPG","NCAPG: 
non-SMC condensin I complex, subunit G [Source:HGNC Symbol;Acc:24304]","NCAPG","t_24h",-0.862679916313452,-0.630752187067172,7,7,-0.862679916313452,-0.630752187067172
"156","ENSG00000111726",8,17,0,8,"CMAS","CMAS","CMAS: 
cytidine monophosphate N-acetylneuraminic acid synthetase [Source:HGNC Symbol;Acc:18290]","CMAS","t_24h",1.05439129447705,1.00336573484598,7,7,1.05439129447705,1.00336573484598
"157","ENSG00000113811",21,1,1,21,"SELK","SELK","SELK: 
Selenoprotein K  [Source:UniProtKB/Swiss-Prot;Acc:Q9Y6D0]","SELK","t_24h",1.11975042744507,-0.43639538529092,7,8,1.11975042744507,-0.43639538529092
"158","ENSG00000116161",9,17,0,9,"CACYBP","CACYBP","CACYBP: 
calcyclin binding protein [Source:HGNC Symbol;Acc:30423]","CACYBP","t_24h",-0.995879681790428,0.562127453175507,7,7,-0.995879681790428,0.562127453175508
"159","ENSG00000120948",10,17,0,10,"TARDBP","TARDBP","TARDBP: 
TAR DNA binding protein [Source:HGNC Symbol;Acc:11571]","TARDBP","t_24h",-0.0120463510906156,-0.179946707349167,7,7,-0.0120463510906154,-0.179946707349167
"160","ENSG00000122694",11,17,0,11,"GLIPR2","GLIPR2","GLIPR2: 
GLI pathogenesis-related 2 [Source:HGNC Symbol;Acc:18007]","GLIPR2","t_24h",-0.738411270548714,-1.01504066290995,7,7,-0.738411270548714,-1.01504066290995
"161","ENSG00000132589",12,17,0,12,"FLOT2","FLOT2","FLOT2: 
flotillin 2 [Source:HGNC Symbol;Acc:3758]","FLOT2","t_24h",-0.800735631876018,0.353486404223288,7,7,-0.800735631876018,0.353486404223288
"162","ENSG00000136937",2,16,0,2,"NCBP1","NCBP1","NCBP1: 
nuclear cap binding protein subunit 1, 80kDa [Source:HGNC Symbol;Acc:7658]","NCBP1","t_24h",-1.01211507707422,0.10703055608444,7,7,-1.01211507707422,0.10703055608444
"163","ENSG00000138107",13,17,0,13,"ACTR1A","ACTR1A","ACTR1A: 
ARP1 actin-related protein 1 homolog A, centractin alpha (yeast) [Source:HGNC Symbol;Acc:167]","ACTR1A","t_24h",-1.06792536572666,-1.01279078529702,7,7,-1.06792536572666,-1.01279078529702
"164","ENSG00000138448",14,17,0,14,"ITGAV","ITGAV","ITGAV: 
integrin, alpha V [Source:HGNC Symbol;Acc:6150]","ITGAV","t_24h",-1.02731644089934,-1.01039094837361,7,7,-1.02731644089934,-1.01039094837361
"165","ENSG00000163382",15,17,0,15,"APOA1BP","APOA1BP","APOA1BP: 
apolipoprotein A-I binding protein [Source:HGNC Symbol;Acc:18453]","APOA1BP","t_24h",0.70057033941699,0.846143389486408,7,7,0.70057033941699,0.846143389486408
"166","ENSG00000165688",24,1,2,24,"PMPCA","PMPCA","PMPCA: 
peptidase (mitochondrial processing) alpha [Source:HGNC Symbol;Acc:18667]","PMPCA","t_24h",-1.07390806668423,-0.797694011005107,7,9,-1.07390806668423,-0.797694011005107
"167","ENSG00000170759",16,17,0,16,"KIF5B","KIF5B","KIF5B: 
kinesin family member 5B [Source:HGNC Symbol;Acc:6324]","KIF5B","t_24h",-0.982813668268405,-0.855008467076881,7,7,-0.982813668268405,-0.855008467076882
"168","ENSG00000173692",3,16,0,3,"PSMD1","PSMD1","PSMD1: 
proteasome (prosome, macropain) 26S subunit, non-ATPase, 1 [Source:HGNC Symbol;Acc:9554]","PSMD1","t_24h",-0.769424098059629,0.0157229552528741,7,7,-0.769424098059629,0.0157229552528738
"169","ENSG00000175073",22,2,1,22,"VCPIP1","VCPIP1","VCPIP1: 
valosin containing protein (p97)/p47 complex interacting protein 1 [Source:HGNC Symbol;Acc:30897]","VCPIP1","t_24h",1.05987055548749,0.572437661719221,7,8,1.05987055548749,0.572437661719222
"170","ENSG00000179218",17,17,0,17,"CALR","CALR","CALR: 
calreticulin [Source:HGNC Symbol;Acc:1455]","CALR","t_24h",1.14322628325858,0.0208654540439844,7,7,1.14322628325858,0.0208654540439842
"171","ENSG00000182481",18,17,0,18,"KPNA2","KPNA2","KPNA2: 
karyopherin alpha 2 (RAG cohort 1, importin alpha 1) [Source:HGNC Symbol;Acc:6395]","KPNA2","t_24h",-1.02263456938864,-1.01318823850052,7,7,-1.02263456938864,-1.01318823850052
"172","ENSG00000186395",19,17,0,19,"KRT10","KRT10","KRT10: 
keratin 10 [Source:HGNC Symbol;Acc:6413]","KRT10","t_24h",1.00870389390896,-0.340272672255379,7,7,1.00870389390896,-0.340272672255379
"173","ENSG00000186522",4,16,0,4,"SEPT10","SEPT10","SEPT10: 
septin 10 [Source:HGNC Symbol;Acc:14349]","SEPT10","t_24h",-0.746086384750265,-0.367449218265745,7,7,-0.746086384750266,-0.367449218265745
"174","ENSG00000198898",25,1,2,25,"CAPZA2","CAPZA2","CAPZA2: 
capping protein (actin filament) muscle Z-line, alpha 2 [Source:HGNC Symbol;Acc:1490]","CAPZA2","t_24h",-1.19941174515851,-0.588570031471922,7,9,-1.19941174515851,-0.588570031471922
"175","ENSG00000223496",23,2,1,23,"EXOSC6","EXOSC6","EXOSC6: 
exosome component 6 [Source:HGNC Symbol;Acc:19055]","EXOSC6","t_24h",-0.983620161414851,0.334372527254539,7,8,-0.983620161414851,0.334372527254539
"176","ENSG00000013583",5,17,0,5,"HEBP1","HEBP1","HEBP1: 
heme binding protein 1 [Source:HGNC Symbol;Acc:17176]","HEBP1","t_30h",-1.44308703659282,0.490283067543349,8,8,-1.44308703659282,0.490283067543348
"177","ENSG00000044574",20,1,1,20,"HSPA5","HSPA5","HSPA5: 
heat shock 70kDa protein 5 (glucose-regulated protein, 78kDa) [Source:HGNC Symbol;Acc:5238]","HSPA5","t_30h",1.63920396459689,-0.737427292552057,8,9,1.63920396459689,-0.737427292552057
"178","ENSG00000075618",6,17,0,6,"FSCN1","FSCN1","FSCN1: 
fascin homolog 1, actin-bundling protein (Strongylocentrotus purpuratus) [Source:HGNC Symbol;Acc:11148]","FSCN1","t_30h",-0.991877910341111,-0.413850032390998,8,8,-0.991877910341111,-0.413850032390999
"179","ENSG00000100664",7,17,0,7,"EIF5","EIF5","EIF5: 
eukaryotic translation initiation factor 5 [Source:HGNC Symbol;Acc:3299]","EIF5","t_30h",1.95408689159844,-0.0371129371017423,8,8,1.95408689159844,-0.0371129371017422
"180","ENSG00000109805",1,16,0,1,"NCAPG","NCAPG","NCAPG: 
non-SMC condensin I complex, subunit G [Source:HGNC Symbol;Acc:24304]","NCAPG","t_30h",-1.12215387476621,-0.322003429117949,8,8,-1.12215387476621,-0.322003429117949
"181","ENSG00000111726",8,17,0,8,"CMAS","CMAS","CMAS: 
cytidine monophosphate N-acetylneuraminic acid synthetase [Source:HGNC Symbol;Acc:18290]","CMAS","t_30h",1.39190401765118,1.19209956680066,8,8,1.39190401765118,1.19209956680066
"182","ENSG00000113811",21,1,1,21,"SELK","SELK","SELK: 
Selenoprotein K  [Source:UniProtKB/Swiss-Prot;Acc:Q9Y6D0]","SELK","t_30h",1.35021262001145,-0.94781994121225,8,9,1.35021262001145,-0.94781994121225
"183","ENSG00000116161",9,17,0,9,"CACYBP","CACYBP","CACYBP: 
calcyclin binding protein [Source:HGNC Symbol;Acc:30423]","CACYBP","t_30h",-1.28226652764242,1.75630725262119,8,8,-1.28226652764242,1.75630725262119
"184","ENSG00000120948",10,17,0,10,"TARDBP","TARDBP","TARDBP: 
TAR DNA binding protein [Source:HGNC Symbol;Acc:11571]","TARDBP","t_30h",0.716129654915048,0.819716735122672,8,8,0.716129654915048,0.819716735122673
"185","ENSG00000122694",11,17,0,11,"GLIPR2","GLIPR2","GLIPR2: 
GLI pathogenesis-related 2 [Source:HGNC Symbol;Acc:18007]","GLIPR2","t_30h",-0.882485428328066,-1.12016453633024,8,8,-0.882485428328067,-1.12016453633024
"186","ENSG00000132589",12,17,0,12,"FLOT2","FLOT2","FLOT2: 
flotillin 2 [Source:HGNC Symbol;Acc:3758]","FLOT2","t_30h",-0.651136901399783,1.26768874084543,8,8,-0.651136901399783,1.26768874084543
"187","ENSG00000136937",2,16,0,2,"NCBP1","NCBP1","NCBP1: 
nuclear cap binding protein subunit 1, 80kDa [Source:HGNC Symbol;Acc:7658]","NCBP1","t_30h",-1.26979414224225,0.735581740099912,8,8,-1.26979414224225,0.735581740099912
"188","ENSG00000138107",13,17,0,13,"ACTR1A","ACTR1A","ACTR1A: 
ARP1 actin-related protein 1 homolog A, centractin alpha (yeast) [Source:HGNC Symbol;Acc:167]","ACTR1A","t_30h",-1.16423475139877,-1.09226067235573,8,8,-1.16423475139877,-1.09226067235573
"189","ENSG00000138448",14,17,0,14,"ITGAV","ITGAV","ITGAV: 
integrin, alpha V [Source:HGNC Symbol;Acc:6150]","ITGAV","t_30h",-1.16010591829165,-1.07903212711736,8,8,-1.16010591829165,-1.07903212711736
"190","ENSG00000163382",15,17,0,15,"APOA1BP","APOA1BP","APOA1BP: 
apolipoprotein A-I binding protein [Source:HGNC Symbol;Acc:18453]","APOA1BP","t_30h",2.10221837949557,2.15333231728591,8,8,2.10221837949557,2.15333231728591
"191","ENSG00000165688",24,1,2,24,"PMPCA","PMPCA","PMPCA: 
peptidase (mitochondrial processing) alpha [Source:HGNC Symbol;Acc:18667]","PMPCA","t_30h",-1.50375806473783,-0.797694011005107,8,10,-1.50375806473783,-0.797694011005107
"192","ENSG00000170759",16,17,0,16,"KIF5B","KIF5B","KIF5B: 
kinesin family member 5B [Source:HGNC Symbol;Acc:6324]","KIF5B","t_30h",-0.993225137453156,-1.2769134476549,8,8,-0.993225137453156,-1.2769134476549
"193","ENSG00000173692",3,16,0,3,"PSMD1","PSMD1","PSMD1: 
proteasome (prosome, macropain) 26S subunit, non-ATPase, 1 [Source:HGNC Symbol;Acc:9554]","PSMD1","t_30h",-0.647775826511093,0.723136517667621,8,8,-0.647775826511093,0.723136517667621
"194","ENSG00000175073",22,2,1,22,"VCPIP1","VCPIP1","VCPIP1: 
valosin containing protein (p97)/p47 complex interacting protein 1 [Source:HGNC Symbol;Acc:30897]","VCPIP1","t_30h",1.18301031658749,0.37089809425352,8,9,1.18301031658749,0.370898094253521
"195","ENSG00000179218",17,17,0,17,"CALR","CALR","CALR: 
calreticulin [Source:HGNC Symbol;Acc:1455]","CALR","t_30h",1.46495052072653,-0.598605344103584,8,8,1.46495052072653,-0.598605344103584
"196","ENSG00000182481",18,17,0,18,"KPNA2","KPNA2","KPNA2: 
karyopherin alpha 2 (RAG cohort 1, importin alpha 1) [Source:HGNC Symbol;Acc:6395]","KPNA2","t_30h",-1.33662878522721,-1.05296009030466,8,8,-1.33662878522721,-1.05296009030466
"197","ENSG00000186395",19,17,0,19,"KRT10","KRT10","KRT10: 
keratin 10 [Source:HGNC Symbol;Acc:6413]","KRT10","t_30h",1.30874648189169,-1.07651783158242,8,8,1.30874648189169,-1.07651783158242
"198","ENSG00000186522",4,16,0,4,"SEPT10","SEPT10","SEPT10: 
septin 10 [Source:HGNC Symbol;Acc:14349]","SEPT10","t_30h",-0.971538773092779,0.108640033869154,8,8,-0.971538773092779,0.108640033869155
"199","ENSG00000198898",25,1,2,25,"CAPZA2","CAPZA2","CAPZA2: 
capping protein (actin filament) muscle Z-line, alpha 2 [Source:HGNC Symbol;Acc:1490]","CAPZA2","t_30h",-1.63165959840166,-0.277702338740114,8,10,-1.63165959840166,-0.277702338740113
"200","ENSG00000223496",23,2,1,23,"EXOSC6","EXOSC6","EXOSC6: 
exosome component 6 [Source:HGNC Symbol;Acc:19055]","EXOSC6","t_30h",-0.856242854473351,0.211926467755725,8,9,-0.856242854473351,0.211926467755725
