"","id","edges","delay","accession","description","q_value","rho","analysis_res"
"1","ENSG00000124635",4,0,"HIST1H2BJ","HIST1H2BJ: 
histone cluster 1, H2bj [Source:HGNC Symbol;Acc:4761]","0.0117",0.56,"0.56[0.0117]"
"2","ENSG00000136448",4,0,"NMT1","NMT1: 
N-myristoyltransferase 1 [Source:HGNC Symbol;Acc:7857]","0.0117",0.56,"0.56[0.0117]"
"3","ENSG00000099812",6,0,"MISP","MISP: 
mitotic spindle positioning [Source:HGNC Symbol;Acc:27000]","0.0117",0.75,"0.75[0.0117]"
"4","ENSG00000111057",6,0,"KRT18","KRT18: 
keratin 18 [Source:HGNC Symbol;Acc:6430]","0.0117",0.75,"0.75[0.0117]"
"5","ENSG00000115641",1,1,"FHL2","FHL2: 
four and a half LIM domains 2 [Source:HGNC Symbol;Acc:3703]","0.0117",0.68,"0.68[0.0117]"
"6","ENSG00000130635",1,1,"COL5A1","COL5A1: 
collagen, type V, alpha 1 [Source:HGNC Symbol;Acc:2209]","0.0117",0.68,"0.68[0.0117]"
"7","ENSG00000077809",2,1,"GTF2I","GTF2I: 
general transcription factor IIi [Source:HGNC Symbol;Acc:4659]","0.7535",-0.2,"-0.2[0.7535]"
"8","ENSG00000101972",2,1,"STAG2","STAG2: 
stromal antigen 2 [Source:HGNC Symbol;Acc:11355]","0.7535",-0.2,"-0.2[0.7535]"
"9","ENSG00000070081",7,2,"NUCB2","NUCB2: 
nucleobindin 2 [Source:HGNC Symbol;Acc:8044]","0.0001",0.66,"0.66[0.0001]"
"10","ENSG00000100983",7,2,"GSS","GSS: 
glutathione synthetase [Source:HGNC Symbol;Acc:4624]","0.0001",0.66,"0.66[0.0001]"
"11","ENSG00000115091",7,2,"ACTR3","ACTR3: 
ARP3 actin-related protein 3 homolog (yeast) [Source:HGNC Symbol;Acc:170]","0.0001",0.66,"0.66[0.0001]"
"12","ENSG00000122545",7,2,"SEPT7","SEPT7: 
septin 7 [Source:HGNC Symbol;Acc:1717]","0.0001",0.66,"0.66[0.0001]"
"13","ENSG00000143870",7,2,"PDIA6","PDIA6: 
protein disulfide isomerase family A, member 6 [Source:HGNC Symbol;Acc:30168]","0.0001",0.66,"0.66[0.0001]"
"14","ENSG00000167996",7,2,"FTH1","FTH1: 
ferritin, heavy polypeptide 1 [Source:HGNC Symbol;Acc:3976]","0.0001",0.66,"0.66[0.0001]"
"15","ENSG00000196924",7,2,"FLNA","FLNA: 
filamin A, alpha [Source:HGNC Symbol;Acc:3754]","0.0001",0.66,"0.66[0.0001]"
"16","ENSG00000198898",7,2,"CAPZA2","CAPZA2: 
capping protein (actin filament) muscle Z-line, alpha 2 [Source:HGNC Symbol;Acc:1490]","0.0001",0.66,"0.66[0.0001]"
