"","id","X","edges","delay","X.1","accession","external_gene_name.1","description","external_gene_name.y","var","prt","trc","var.prt","var.trc","prt.norm","trc.norm"
"1","ENSG00000070081",9,7,2,9,"NUCB2","NUCB2","NUCB2: 
nucleobindin 2 [Source:HGNC Symbol;Acc:8044]","NUCB2","t_0h",-0.507711806332571,-0.895193953890308,1,3,-0.507711806332571,-0.895193953890308
"2","ENSG00000077809",7,2,1,7,"GTF2I","GTF2I","GTF2I: 
general transcription factor IIi [Source:HGNC Symbol;Acc:4659]","GTF2I","t_0h",0.924345274754635,-0.560774297434328,1,2,0.924345274754635,-0.560774297434328
"3","ENSG00000099812",3,6,0,3,"MISP","MISP","MISP: 
mitotic spindle positioning [Source:HGNC Symbol;Acc:27000]","MISP","t_0h",0.327689835132513,-0.528849080310629,1,1,0.327689835132513,-0.528849080310629
"4","ENSG00000100983",10,7,2,10,"GSS","GSS","GSS: 
glutathione synthetase [Source:HGNC Symbol;Acc:4624]","GSS","t_0h",0.965602037895771,-0.645764460324673,1,3,0.965602037895771,-0.645764460324674
"5","ENSG00000101972",8,2,1,8,"STAG2","STAG2","STAG2: 
stromal antigen 2 [Source:HGNC Symbol;Acc:11355]","STAG2","t_0h",1.08309479656769,0.224312506577919,1,2,1.08309479656769,0.224312506577919
"6","ENSG00000111057",4,6,0,4,"KRT18","KRT18","KRT18: 
keratin 18 [Source:HGNC Symbol;Acc:6430]","KRT18","t_0h",-0.124723384056287,0.231981028682235,1,1,-0.124723384056288,0.231981028682235
"7","ENSG00000115091",11,7,2,11,"ACTR3","ACTR3","ACTR3: 
ARP3 actin-related protein 3 homolog (yeast) [Source:HGNC Symbol;Acc:170]","ACTR3","t_0h",1.06407853233325,0.556332560691289,1,3,1.06407853233325,0.556332560691289
"8","ENSG00000115641",5,1,1,5,"FHL2","FHL2","FHL2: 
four and a half LIM domains 2 [Source:HGNC Symbol;Acc:3703]","FHL2","t_0h",1.1635176489049,0.745899221304382,1,2,1.1635176489049,0.745899221304383
"9","ENSG00000122545",12,7,2,12,"SEPT7","SEPT7","SEPT7: 
septin 7 [Source:HGNC Symbol;Acc:1717]","SEPT7","t_0h",-0.0974157152034977,1.20562173448454,1,3,-0.0974157152034973,1.20562173448454
"10","ENSG00000124635",1,4,0,1,"HIST1H2BJ","HIST1H2BJ","HIST1H2BJ: 
histone cluster 1, H2bj [Source:HGNC Symbol;Acc:4761]","HIST1H2BJ","t_0h",-0.900630090517149,0.793393285402326,1,1,-0.900630090517148,0.793393285402326
"11","ENSG00000130635",6,1,1,6,"COL5A1","COL5A1","COL5A1: 
collagen, type V, alpha 1 [Source:HGNC Symbol;Acc:2209]","COL5A1","t_0h",1.16348027971142,1.36313580505553,1,2,1.16348027971142,1.36313580505553
"12","ENSG00000136448",2,4,0,2,"NMT1","NMT1","NMT1: 
N-myristoyltransferase 1 [Source:HGNC Symbol;Acc:7857]","NMT1","t_0h",0.769472260703475,0.836009001636936,1,1,0.769472260703475,0.836009001636937
"13","ENSG00000143870",13,7,2,13,"PDIA6","PDIA6","PDIA6: 
protein disulfide isomerase family A, member 6 [Source:HGNC Symbol;Acc:30168]","PDIA6","t_0h",-0.892104693948593,-1.00680830003578,1,3,-0.892104693948593,-1.00680830003578
"14","ENSG00000167996",14,7,2,14,"FTH1","FTH1","FTH1: 
ferritin, heavy polypeptide 1 [Source:HGNC Symbol;Acc:3976]","FTH1","t_0h",-0.606908937819933,-0.493499554404324,1,3,-0.606908937819933,-0.493499554404324
"15","ENSG00000196924",15,7,2,15,"FLNA","FLNA","FLNA: 
filamin A, alpha [Source:HGNC Symbol;Acc:3754]","FLNA","t_0h",0.387636520814371,1.55784240225392,1,3,0.387636520814371,1.55784240225392
"16","ENSG00000198898",16,7,2,16,"CAPZA2","CAPZA2","CAPZA2: 
capping protein (actin filament) muscle Z-line, alpha 2 [Source:HGNC Symbol;Acc:1490]","CAPZA2","t_0h",0.540472321490769,1.41467354556816,1,3,0.540472321490769,1.41467354556816
"17","ENSG00000070081",9,7,2,9,"NUCB2","NUCB2","NUCB2: 
nucleobindin 2 [Source:HGNC Symbol;Acc:8044]","NUCB2","t_0.5h",-0.545150154970838,-0.880746342472206,2,4,-0.545150154970838,-0.880746342472206
"18","ENSG00000077809",7,2,1,7,"GTF2I","GTF2I","GTF2I: 
general transcription factor IIi [Source:HGNC Symbol;Acc:4659]","GTF2I","t_0.5h",0.838662982363378,-0.561256571745533,2,3,0.838662982363378,-0.561256571745533
"19","ENSG00000099812",3,6,0,3,"MISP","MISP","MISP: 
mitotic spindle positioning [Source:HGNC Symbol;Acc:27000]","MISP","t_0.5h",0.471110194923553,-0.287469167217931,2,2,0.471110194923553,-0.287469167217931
"20","ENSG00000100983",10,7,2,10,"GSS","GSS","GSS: 
glutathione synthetase [Source:HGNC Symbol;Acc:4624]","GSS","t_0.5h",0.863847181681955,-0.700532170824279,2,4,0.863847181681955,-0.700532170824279
"21","ENSG00000101972",8,2,1,8,"STAG2","STAG2","STAG2: 
stromal antigen 2 [Source:HGNC Symbol;Acc:11355]","STAG2","t_0.5h",0.937247425772829,0.0293271582285954,2,3,0.93724742577283,0.0293271582285954
"22","ENSG00000111057",4,6,0,4,"KRT18","KRT18","KRT18: 
keratin 18 [Source:HGNC Symbol;Acc:6430]","KRT18","t_0.5h",0.145281910162743,0.243924003789955,2,2,0.145281910162743,0.243924003789955
"23","ENSG00000115091",11,7,2,11,"ACTR3","ACTR3","ACTR3: 
ARP3 actin-related protein 3 homolog (yeast) [Source:HGNC Symbol;Acc:170]","ACTR3","t_0.5h",0.84217676391017,0.732173843833052,2,4,0.842176763910169,0.732173843833052
"24","ENSG00000115641",5,1,1,5,"FHL2","FHL2","FHL2: 
four and a half LIM domains 2 [Source:HGNC Symbol;Acc:3703]","FHL2","t_0.5h",0.962009869467341,0.837317203837913,2,3,0.962009869467341,0.837317203837913
"25","ENSG00000122545",12,7,2,12,"SEPT7","SEPT7","SEPT7: 
septin 7 [Source:HGNC Symbol;Acc:1717]","SEPT7","t_0.5h",0.154145763905258,0.839583482067117,2,4,0.154145763905259,0.839583482067118
"26","ENSG00000124635",1,4,0,1,"HIST1H2BJ","HIST1H2BJ","HIST1H2BJ: 
histone cluster 1, H2bj [Source:HGNC Symbol;Acc:4761]","HIST1H2BJ","t_0.5h",-0.919817896836252,0.31555630395575,2,2,-0.919817896836251,0.31555630395575
"27","ENSG00000130635",6,1,1,6,"COL5A1","COL5A1","COL5A1: 
collagen, type V, alpha 1 [Source:HGNC Symbol;Acc:2209]","COL5A1","t_0.5h",0.950689587478095,1.06878566328806,2,3,0.950689587478095,1.06878566328806
"28","ENSG00000136448",2,4,0,2,"NMT1","NMT1","NMT1: 
N-myristoyltransferase 1 [Source:HGNC Symbol;Acc:7857]","NMT1","t_0.5h",0.848795745308602,0.867582178347442,2,2,0.848795745308602,0.867582178347442
"29","ENSG00000143870",13,7,2,13,"PDIA6","PDIA6","PDIA6: 
protein disulfide isomerase family A, member 6 [Source:HGNC Symbol;Acc:30168]","PDIA6","t_0.5h",-0.833048699018923,-0.960037842808081,2,4,-0.833048699018923,-0.960037842808081
"30","ENSG00000167996",14,7,2,14,"FTH1","FTH1","FTH1: 
ferritin, heavy polypeptide 1 [Source:HGNC Symbol;Acc:3976]","FTH1","t_0.5h",-0.645063709427004,-0.730639878312757,2,4,-0.645063709427004,-0.730639878312757
"31","ENSG00000196924",15,7,2,15,"FLNA","FLNA","FLNA: 
filamin A, alpha [Source:HGNC Symbol;Acc:3754]","FLNA","t_0.5h",0.528441097947582,1.10987640857223,2,4,0.528441097947582,1.10987640857223
"32","ENSG00000198898",16,7,2,16,"CAPZA2","CAPZA2","CAPZA2: 
capping protein (actin filament) muscle Z-line, alpha 2 [Source:HGNC Symbol;Acc:1490]","CAPZA2","t_0.5h",0.636554639252181,1.0425422714856,2,4,0.636554639252181,1.0425422714856
"33","ENSG00000070081",9,7,2,9,"NUCB2","NUCB2","NUCB2: 
nucleobindin 2 [Source:HGNC Symbol;Acc:8044]","NUCB2","t_1h",-0.570246733649549,-0.865552574169415,3,5,-0.570246733649549,-0.865552574169415
"34","ENSG00000077809",7,2,1,7,"GTF2I","GTF2I","GTF2I: 
general transcription factor IIi [Source:HGNC Symbol;Acc:4659]","GTF2I","t_1h",0.754030653579298,-0.558989795000274,3,4,0.754030653579298,-0.558989795000274
"35","ENSG00000099812",3,6,0,3,"MISP","MISP","MISP: 
mitotic spindle positioning [Source:HGNC Symbol;Acc:27000]","MISP","t_1h",0.622983172937774,-0.0250786425524718,3,3,0.622983172937774,-0.0250786425524716
"36","ENSG00000100983",10,7,2,10,"GSS","GSS","GSS: 
glutathione synthetase [Source:HGNC Symbol;Acc:4624]","GSS","t_1h",0.766451227778041,-0.751459853898931,3,5,0.766451227778041,-0.751459853898932
"37","ENSG00000101972",8,2,1,8,"STAG2","STAG2","STAG2: 
stromal antigen 2 [Source:HGNC Symbol;Acc:11355]","STAG2","t_1h",0.805614953720903,-0.153821863353847,3,4,0.805614953720903,-0.153821863353847
"38","ENSG00000111057",4,6,0,4,"KRT18","KRT18","KRT18: 
keratin 18 [Source:HGNC Symbol;Acc:6430]","KRT18","t_1h",0.42754170903918,0.258318163786428,3,3,0.427541709039179,0.258318163786428
"39","ENSG00000115091",11,7,2,11,"ACTR3","ACTR3","ACTR3: 
ARP3 actin-related protein 3 homolog (yeast) [Source:HGNC Symbol;Acc:170]","ACTR3","t_1h",0.627461510739353,0.913931115272243,3,5,0.627461510739352,0.913931115272243
"40","ENSG00000115641",5,1,1,5,"FHL2","FHL2","FHL2: 
four and a half LIM domains 2 [Source:HGNC Symbol;Acc:3703]","FHL2","t_1h",0.768873638167802,0.934296706969347,3,4,0.768873638167802,0.934296706969347
"41","ENSG00000122545",12,7,2,12,"SEPT7","SEPT7","SEPT7: 
septin 7 [Source:HGNC Symbol;Acc:1717]","SEPT7","t_1h",0.417968148369243,0.499990353991796,3,5,0.417968148369244,0.499990353991796
"42","ENSG00000124635",1,4,0,1,"HIST1H2BJ","HIST1H2BJ","HIST1H2BJ: 
histone cluster 1, H2bj [Source:HGNC Symbol;Acc:4761]","HIST1H2BJ","t_1h",-0.936748037282331,-0.0977841079218884,3,3,-0.936748037282331,-0.0977841079218886
"43","ENSG00000130635",6,1,1,6,"COL5A1","COL5A1","COL5A1: 
collagen, type V, alpha 1 [Source:HGNC Symbol;Acc:2209]","COL5A1","t_1h",0.752659870889911,0.804766732175013,3,4,0.752659870889911,0.804766732175013
"44","ENSG00000136448",2,4,0,2,"NMT1","NMT1","NMT1: 
N-myristoyltransferase 1 [Source:HGNC Symbol;Acc:7857]","NMT1","t_1h",0.935805987474849,0.906057004368145,3,3,0.935805987474849,0.906057004368145
"45","ENSG00000143870",13,7,2,13,"PDIA6","PDIA6","PDIA6: 
protein disulfide isomerase family A, member 6 [Source:HGNC Symbol;Acc:30168]","PDIA6","t_1h",-0.772328789026934,-0.907828189228606,3,5,-0.772328789026934,-0.907828189228605
"46","ENSG00000167996",14,7,2,14,"FTH1","FTH1","FTH1: 
ferritin, heavy polypeptide 1 [Source:HGNC Symbol;Acc:3976]","FTH1","t_1h",-0.681085344030477,-0.960230909922667,3,5,-0.681085344030477,-0.960230909922667
"47","ENSG00000196924",15,7,2,15,"FLNA","FLNA","FLNA: 
filamin A, alpha [Source:HGNC Symbol;Acc:3754]","FLNA","t_1h",0.673657327866714,0.703117762781955,3,5,0.673657327866714,0.703117762781956
"48","ENSG00000198898",16,7,2,16,"CAPZA2","CAPZA2","CAPZA2: 
capping protein (actin filament) muscle Z-line, alpha 2 [Source:HGNC Symbol;Acc:1490]","CAPZA2","t_1h",0.738279269212033,0.688765301427263,3,5,0.738279269212033,0.688765301427262
"49","ENSG00000070081",9,7,2,9,"NUCB2","NUCB2","NUCB2: 
nucleobindin 2 [Source:HGNC Symbol;Acc:8044]","NUCB2","t_2h",-0.589788404696424,-0.83260964683212,4,6,-0.589788404696424,-0.83260964683212
"50","ENSG00000077809",7,2,1,7,"GTF2I","GTF2I","GTF2I: 
general transcription factor IIi [Source:HGNC Symbol;Acc:4659]","GTF2I","t_2h",0.582314694115649,-0.548206480698227,4,5,0.582314694115648,-0.548206480698227
"51","ENSG00000099812",3,6,0,3,"MISP","MISP","MISP: 
mitotic spindle positioning [Source:HGNC Symbol;Acc:27000]","MISP","t_2h",0.956071083412013,0.575438761208605,4,4,0.956071083412013,0.575438761208606
"52","ENSG00000100983",10,7,2,10,"GSS","GSS","GSS: 
glutathione synthetase [Source:HGNC Symbol;Acc:4624]","GSS","t_2h",0.579754716216167,-0.833611944821808,4,6,0.579754716216167,-0.833611944821808
"53","ENSG00000101972",8,2,1,8,"STAG2","STAG2","STAG2: 
stromal antigen 2 [Source:HGNC Symbol;Acc:11355]","STAG2","t_2h",0.573147515228751,-0.481364636437611,4,5,0.573147515228752,-0.481364636437611
"54","ENSG00000111057",4,6,0,4,"KRT18","KRT18","KRT18: 
keratin 18 [Source:HGNC Symbol;Acc:6430]","KRT18","t_2h",1.02989378535602,0.297372705894972,4,4,1.02989378535602,0.297372705894972
"55","ENSG00000115091",11,7,2,11,"ACTR3","ACTR3","ACTR3: 
ARP3 actin-related protein 3 homolog (yeast) [Source:HGNC Symbol;Acc:170]","ACTR3","t_2h",0.222636369845913,1.30462356368131,4,6,0.222636369845912,1.30462356368131
"56","ENSG00000115641",5,1,1,5,"FHL2","FHL2","FHL2: 
four and a half LIM domains 2 [Source:HGNC Symbol;Acc:3703]","FHL2","t_2h",0.405555897612927,1.14683809481494,4,5,0.405555897612926,1.14683809481494
"57","ENSG00000122545",12,7,2,12,"SEPT7","SEPT7","SEPT7: 
septin 7 [Source:HGNC Symbol;Acc:1717]","SEPT7","t_2h",0.979637673191973,-0.110873640444569,4,6,0.979637673191973,-0.110873640444568
"58","ENSG00000124635",1,4,0,1,"HIST1H2BJ","HIST1H2BJ","HIST1H2BJ: 
histone cluster 1, H2bj [Source:HGNC Symbol;Acc:4761]","HIST1H2BJ","t_2h",-0.968536278272599,-0.780648372769108,4,4,-0.968536278272599,-0.780648372769108
"59","ENSG00000130635",6,1,1,6,"COL5A1","COL5A1","COL5A1: 
collagen, type V, alpha 1 [Source:HGNC Symbol;Acc:2209]","COL5A1","t_2h",0.393592804370493,0.353309458965506,4,5,0.393592804370493,0.353309458965506
"60","ENSG00000136448",2,4,0,2,"NMT1","NMT1","NMT1: 
N-myristoyltransferase 1 [Source:HGNC Symbol;Acc:7857]","NMT1","t_2h",1.13677275076015,1.01201941402541,4,4,1.13677275076015,1.01201941402541
"61","ENSG00000143870",13,7,2,13,"PDIA6","PDIA6","PDIA6: 
protein disulfide isomerase family A, member 6 [Source:HGNC Symbol;Acc:30168]","PDIA6","t_2h",-0.645507865480979,-0.783841254251662,4,6,-0.645507865480978,-0.783841254251662
"62","ENSG00000167996",14,7,2,14,"FTH1","FTH1","FTH1: 
ferritin, heavy polypeptide 1 [Source:HGNC Symbol;Acc:3976]","FTH1","t_2h",-0.746824044499381,-1.400501794666,4,6,-0.74682404449938,-1.400501794666
"63","ENSG00000196924",15,7,2,15,"FLNA","FLNA","FLNA: 
filamin A, alpha [Source:HGNC Symbol;Acc:3754]","FLNA","t_2h",0.974270497258942,-0.00185881495582832,4,6,0.974270497258942,-0.00185881495582812
"64","ENSG00000198898",16,7,2,16,"CAPZA2","CAPZA2","CAPZA2: 
capping protein (actin filament) muscle Z-line, alpha 2 [Source:HGNC Symbol;Acc:1490]","CAPZA2","t_2h",0.969888168240765,0.0305594765359755,4,6,0.969888168240765,0.0305594765359753
"65","ENSG00000070081",9,7,2,9,"NUCB2","NUCB2","NUCB2: 
nucleobindin 2 [Source:HGNC Symbol;Acc:8044]","NUCB2","t_8h",-0.688193286951324,0.753282864458512,5,7,-0.688193286951324,0.753282864458512
"66","ENSG00000077809",7,2,1,7,"GTF2I","GTF2I","GTF2I: 
general transcription factor IIi [Source:HGNC Symbol;Acc:4659]","GTF2I","t_8h",0.330575530157241,-0.996712875805005,5,6,0.33057553015724,-0.996712875805005
"67","ENSG00000099812",3,6,0,3,"MISP","MISP","MISP: 
mitotic spindle positioning [Source:HGNC Symbol;Acc:27000]","MISP","t_8h",1.04439373692685,1.83103247291172,5,5,1.04439373692685,1.83103247291172
"68","ENSG00000100983",10,7,2,10,"GSS","GSS","GSS: 
glutathione synthetase [Source:HGNC Symbol;Acc:4624]","GSS","t_8h",0.304685086941855,-0.624544595527383,5,7,0.304685086941855,-0.624544595527384
"69","ENSG00000101972",8,2,1,8,"STAG2","STAG2","STAG2: 
stromal antigen 2 [Source:HGNC Symbol;Acc:11355]","STAG2","t_8h",-0.0384407319494932,-1.54211243490575,5,6,-0.0384407319494931,-1.54211243490575
"70","ENSG00000111057",4,6,0,4,"KRT18","KRT18","KRT18: 
keratin 18 [Source:HGNC Symbol;Acc:6430]","KRT18","t_8h",1.3359149761214,1.58917431849225,5,5,1.33591497612139,1.58917431849225
"71","ENSG00000115091",11,7,2,11,"ACTR3","ACTR3","ACTR3: 
ARP3 actin-related protein 3 homolog (yeast) [Source:HGNC Symbol;Acc:170]","ACTR3","t_8h",0.377184775077657,-0.463050009849762,5,7,0.377184775077657,-0.463050009849762
"72","ENSG00000115641",5,1,1,5,"FHL2","FHL2","FHL2: 
four and a half LIM domains 2 [Source:HGNC Symbol;Acc:3703]","FHL2","t_8h",0.0133932495904226,-1.24558116907773,5,6,0.0133932495904224,-1.24558116907773
"73","ENSG00000122545",12,7,2,12,"SEPT7","SEPT7","SEPT7: 
septin 7 [Source:HGNC Symbol;Acc:1717]","SEPT7","t_8h",1.32839704017353,-1.55173121682448,5,7,1.32839704017353,-1.55173121682448
"74","ENSG00000124635",1,4,0,1,"HIST1H2BJ","HIST1H2BJ","HIST1H2BJ: 
histone cluster 1, H2bj [Source:HGNC Symbol;Acc:4761]","HIST1H2BJ","t_8h",1.05944086262375,1.61940699952294,5,5,1.05944086262375,1.61940699952294
"75","ENSG00000130635",6,1,1,6,"COL5A1","COL5A1","COL5A1: 
collagen, type V, alpha 1 [Source:HGNC Symbol;Acc:2209]","COL5A1","t_8h",0.179712869233077,-0.955742398830611,5,6,0.179712869233077,-0.955742398830611
"76","ENSG00000136448",2,4,0,2,"NMT1","NMT1","NMT1: 
N-myristoyltransferase 1 [Source:HGNC Symbol;Acc:7857]","NMT1","t_8h",-0.712829244010857,-1.44369087107511,5,5,-0.712829244010857,-1.44369087107511
"77","ENSG00000143870",13,7,2,13,"PDIA6","PDIA6","PDIA6: 
protein disulfide isomerase family A, member 6 [Source:HGNC Symbol;Acc:30168]","PDIA6","t_8h",-0.0820175556923053,0.466229252503029,5,7,-0.0820175556923051,0.466229252503029
"78","ENSG00000167996",14,7,2,14,"FTH1","FTH1","FTH1: 
ferritin, heavy polypeptide 1 [Source:HGNC Symbol;Acc:3976]","FTH1","t_8h",-0.526419321929044,0.648604894696646,5,7,-0.526419321929044,0.648604894696646
"79","ENSG00000196924",15,7,2,15,"FLNA","FLNA","FLNA: 
filamin A, alpha [Source:HGNC Symbol;Acc:3754]","FLNA","t_8h",0.834996688376142,-0.914136013052532,5,7,0.834996688376142,-0.914136013052532
"80","ENSG00000198898",16,7,2,16,"CAPZA2","CAPZA2","CAPZA2: 
capping protein (actin filament) muscle Z-line, alpha 2 [Source:HGNC Symbol;Acc:1490]","CAPZA2","t_8h",0.322293819593767,-1.44800580491859,5,7,0.322293819593767,-1.44800580491859
"81","ENSG00000070081",9,7,2,9,"NUCB2","NUCB2","NUCB2: 
nucleobindin 2 [Source:HGNC Symbol;Acc:8044]","NUCB2","t_16h",-0.109686668216018,1.69116429311652,6,8,-0.109686668216018,1.69116429311652
"82","ENSG00000077809",7,2,1,7,"GTF2I","GTF2I","GTF2I: 
general transcription factor IIi [Source:HGNC Symbol;Acc:4659]","GTF2I","t_16h",-0.606852272727721,0.238661073631547,6,7,-0.606852272727721,0.238661073631546
"83","ENSG00000099812",3,6,0,3,"MISP","MISP","MISP: 
mitotic spindle positioning [Source:HGNC Symbol;Acc:27000]","MISP","t_16h",-0.664846726594523,0.617124582218433,6,6,-0.664846726594523,0.617124582218434
"84","ENSG00000100983",10,7,2,10,"GSS","GSS","GSS: 
glutathione synthetase [Source:HGNC Symbol;Acc:4624]","GSS","t_16h",-0.769348122080669,0.873990611946463,6,8,-0.76934812208067,0.873990611946463
"85","ENSG00000101972",8,2,1,8,"STAG2","STAG2","STAG2: 
stromal antigen 2 [Source:HGNC Symbol;Acc:11355]","STAG2","t_16h",-0.771548170747129,-0.599288082998294,6,7,-0.771548170747129,-0.599288082998294
"86","ENSG00000111057",4,6,0,4,"KRT18","KRT18","KRT18: 
keratin 18 [Source:HGNC Symbol;Acc:6430]","KRT18","t_16h",-0.0803911024935882,0.161479806549367,6,6,-0.0803911024935888,0.161479806549367
"87","ENSG00000115091",11,7,2,11,"ACTR3","ACTR3","ACTR3: 
ARP3 actin-related protein 3 homolog (yeast) [Source:HGNC Symbol;Acc:170]","ACTR3","t_16h",-0.193838780515011,-0.608441229619887,6,8,-0.193838780515012,-0.608441229619887
"88","ENSG00000115641",5,1,1,5,"FHL2","FHL2","FHL2: 
four and a half LIM domains 2 [Source:HGNC Symbol;Acc:3703]","FHL2","t_16h",-0.687796462494831,-0.976283799704342,6,7,-0.687796462494831,-0.976283799704342
"89","ENSG00000122545",12,7,2,12,"SEPT7","SEPT7","SEPT7: 
septin 7 [Source:HGNC Symbol;Acc:1717]","SEPT7","t_16h",-0.00822757376359426,-1.32732836866067,6,8,-0.00822757376359387,-1.32732836866067
"90","ENSG00000124635",1,4,0,1,"HIST1H2BJ","HIST1H2BJ","HIST1H2BJ: 
histone cluster 1, H2bj [Source:HGNC Symbol;Acc:4761]","HIST1H2BJ","t_16h",1.02943862387803,0.423573315679214,6,6,1.02943862387803,0.423573315679214
"91","ENSG00000130635",6,1,1,6,"COL5A1","COL5A1","COL5A1: 
collagen, type V, alpha 1 [Source:HGNC Symbol;Acc:2209]","COL5A1","t_16h",-0.985514124270518,-0.862122450746279,6,7,-0.985514124270518,-0.862122450746279
"92","ENSG00000136448",2,4,0,2,"NMT1","NMT1","NMT1: 
N-myristoyltransferase 1 [Source:HGNC Symbol;Acc:7857]","NMT1","t_16h",-0.81140643672772,-0.875278247846482,6,6,-0.81140643672772,-0.875278247846482
"93","ENSG00000143870",13,7,2,13,"PDIA6","PDIA6","PDIA6: 
protein disulfide isomerase family A, member 6 [Source:HGNC Symbol;Acc:30168]","PDIA6","t_16h",0.356352829491399,0.976982323210036,6,8,0.356352829491399,0.976982323210036
"94","ENSG00000167996",14,7,2,14,"FTH1","FTH1","FTH1: 
ferritin, heavy polypeptide 1 [Source:HGNC Symbol;Acc:3976]","FTH1","t_16h",0.207758421980471,0.827380397093295,6,8,0.207758421980471,0.827380397093295
"95","ENSG00000196924",15,7,2,15,"FLNA","FLNA","FLNA: 
filamin A, alpha [Source:HGNC Symbol;Acc:3754]","FLNA","t_16h",-0.540669500041249,-0.77934204458367,6,8,-0.540669500041249,-0.77934204458367
"96","ENSG00000198898",16,7,2,16,"CAPZA2","CAPZA2","CAPZA2: 
capping protein (actin filament) muscle Z-line, alpha 2 [Source:HGNC Symbol;Acc:1490]","CAPZA2","t_16h",-0.219403532690034,-1.00574315920585,6,8,-0.219403532690035,-1.00574315920585
"97","ENSG00000070081",9,7,2,9,"NUCB2","NUCB2","NUCB2: 
nucleobindin 2 [Source:HGNC Symbol;Acc:8044]","NUCB2","t_24h",0.891394256914399,0.621894860488332,7,9,0.891394256914399,0.621894860488332
"98","ENSG00000077809",7,2,1,7,"GTF2I","GTF2I","GTF2I: 
general transcription factor IIi [Source:HGNC Symbol;Acc:4659]","GTF2I","t_24h",-1.22160918322356,1.14348958204832,7,8,-1.22160918322356,1.14348958204832
"99","ENSG00000099812",3,6,0,3,"MISP","MISP","MISP: 
mitotic spindle positioning [Source:HGNC Symbol;Acc:27000]","MISP","t_24h",-1.24815524885704,-0.781743132803775,7,7,-1.24815524885704,-0.781743132803775
"100","ENSG00000100983",10,7,2,10,"GSS","GSS","GSS: 
glutathione synthetase [Source:HGNC Symbol;Acc:4624]","GSS","t_24h",-1.21702397279136,1.13801700824577,7,9,-1.21702397279136,1.13801700824577
"101","ENSG00000101972",8,2,1,8,"STAG2","STAG2","STAG2: 
stromal antigen 2 [Source:HGNC Symbol;Acc:11355]","STAG2","t_24h",-1.1886455634983,0.639556440276718,7,8,-1.1886455634983,0.639556440276718
"102","ENSG00000111057",4,6,0,4,"KRT18","KRT18","KRT18: 
keratin 18 [Source:HGNC Symbol;Acc:6430]","KRT18","t_24h",-1.0563781080803,-0.997730343221327,7,7,-1.0563781080803,-0.997730343221327
"103","ENSG00000115091",11,7,2,11,"ACTR3","ACTR3","ACTR3: 
ARP3 actin-related protein 3 homolog (yeast) [Source:HGNC Symbol;Acc:170]","ACTR3","t_24h",-1.14240276696131,-1.03545754624595,7,9,-1.14240276696131,-1.03545754624595
"104","ENSG00000115641",5,1,1,5,"FHL2","FHL2","FHL2: 
four and a half LIM domains 2 [Source:HGNC Symbol;Acc:3703]","FHL2","t_24h",-1.16259104483413,-0.789801464262067,7,8,-1.16259104483413,-0.789801464262067
"105","ENSG00000122545",12,7,2,12,"SEPT7","SEPT7","SEPT7: 
septin 7 [Source:HGNC Symbol;Acc:1717]","SEPT7","t_24h",-1.05655976155724,-0.171792518185701,7,9,-1.05655976155724,-0.171792518185701
"106","ENSG00000124635",1,4,0,1,"HIST1H2BJ","HIST1H2BJ","HIST1H2BJ: 
histone cluster 1, H2bj [Source:HGNC Symbol;Acc:4761]","HIST1H2BJ","t_24h",0.870573680492919,-0.772270284580038,7,7,0.87057368049292,-0.772270284580038
"107","ENSG00000130635",6,1,1,6,"COL5A1","COL5A1","COL5A1: 
collagen, type V, alpha 1 [Source:HGNC Symbol;Acc:2209]","COL5A1","t_24h",-1.17744515830203,-0.894867397434181,7,8,-1.17744515830203,-0.894867397434181
"108","ENSG00000136448",2,4,0,2,"NMT1","NMT1","NMT1: 
N-myristoyltransferase 1 [Source:HGNC Symbol;Acc:7857]","NMT1","t_24h",-1.02915111018808,-0.698256152327751,7,7,-1.02915111018808,-0.698256152327751
"109","ENSG00000143870",13,7,2,13,"PDIA6","PDIA6","PDIA6: 
protein disulfide isomerase family A, member 6 [Source:HGNC Symbol;Acc:30168]","PDIA6","t_24h",1.08169259449354,1.09256643502411,7,9,1.08169259449354,1.09256643502412
"110","ENSG00000167996",14,7,2,14,"FTH1","FTH1","FTH1: 
ferritin, heavy polypeptide 1 [Source:HGNC Symbol;Acc:3976]","FTH1","t_24h",1.06451853826892,0.982936827695868,7,9,1.06451853826892,0.982936827695868
"111","ENSG00000196924",15,7,2,15,"FLNA","FLNA","FLNA: 
filamin A, alpha [Source:HGNC Symbol;Acc:3754]","FLNA","t_24h",-1.2136494485287,-0.849042924360974,7,9,-1.2136494485287,-0.849042924360974
"112","ENSG00000198898",16,7,2,16,"CAPZA2","CAPZA2","CAPZA2: 
capping protein (actin filament) muscle Z-line, alpha 2 [Source:HGNC Symbol;Acc:1490]","CAPZA2","t_24h",-1.17733090942884,-0.544451633938143,7,9,-1.17733090942884,-0.544451633938143
"113","ENSG00000070081",9,7,2,9,"NUCB2","NUCB2","NUCB2: 
nucleobindin 2 [Source:HGNC Symbol;Acc:8044]","NUCB2","t_30h",2.11938279790232,0.407760499300689,8,10,2.11938279790232,0.407760499300689
"114","ENSG00000077809",7,2,1,7,"GTF2I","GTF2I","GTF2I: 
general transcription factor IIi [Source:HGNC Symbol;Acc:4659]","GTF2I","t_30h",-1.60146767901892,1.8437893650035,8,9,-1.60146767901892,1.8437893650035
"115","ENSG00000099812",3,6,0,3,"MISP","MISP","MISP: 
mitotic spindle positioning [Source:HGNC Symbol;Acc:27000]","MISP","t_30h",-1.50924604788113,-1.40045579345395,8,8,-1.50924604788113,-1.40045579345395
"116","ENSG00000100983",10,7,2,10,"GSS","GSS","GSS: 
glutathione synthetase [Source:HGNC Symbol;Acc:4624]","GSS","t_30h",-1.49396815564176,1.54390540520485,8,10,-1.49396815564176,1.54390540520485
"117","ENSG00000101972",8,2,1,8,"STAG2","STAG2","STAG2: 
stromal antigen 2 [Source:HGNC Symbol;Acc:11355]","STAG2","t_30h",-1.40047022509525,1.88339091261227,8,9,-1.40047022509525,1.88339091261227
"118","ENSG00000111057",4,6,0,4,"KRT18","KRT18","KRT18: 
keratin 18 [Source:HGNC Symbol;Acc:6430]","KRT18","t_30h",-1.67713978604916,-1.78451968397388,8,8,-1.67713978604916,-1.78451968397388
"119","ENSG00000115091",11,7,2,11,"ACTR3","ACTR3","ACTR3: 
ARP3 actin-related protein 3 homolog (yeast) [Source:HGNC Symbol;Acc:170]","ACTR3","t_30h",-1.79729640443001,-1.4001122977623,8,10,-1.79729640443001,-1.4001122977623
"120","ENSG00000115641",5,1,1,5,"FHL2","FHL2","FHL2: 
four and a half LIM domains 2 [Source:HGNC Symbol;Acc:3703]","FHL2","t_30h",-1.46296279641442,-0.652684793882444,8,9,-1.46296279641443,-0.652684793882444
"121","ENSG00000122545",12,7,2,12,"SEPT7","SEPT7","SEPT7: 
septin 7 [Source:HGNC Symbol;Acc:1717]","SEPT7","t_30h",-1.71794557511568,0.616530173571969,8,10,-1.71794557511567,0.616530173571969
"122","ENSG00000124635",1,4,0,1,"HIST1H2BJ","HIST1H2BJ","HIST1H2BJ: 
histone cluster 1, H2bj [Source:HGNC Symbol;Acc:4761]","HIST1H2BJ","t_30h",0.766279135913632,-1.5012271392892,8,8,0.766279135913632,-1.5012271392892
"123","ENSG00000130635",6,1,1,6,"COL5A1","COL5A1","COL5A1: 
collagen, type V, alpha 1 [Source:HGNC Symbol;Acc:2209]","COL5A1","t_30h",-1.27717612911045,-0.877265412473036,8,9,-1.27717612911045,-0.877265412473036
"124","ENSG00000136448",2,4,0,2,"NMT1","NMT1","NMT1: 
N-myristoyltransferase 1 [Source:HGNC Symbol;Acc:7857]","NMT1","t_30h",-1.13745995332042,-0.604442327128588,8,8,-1.13745995332042,-0.604442327128588
"125","ENSG00000143870",13,7,2,13,"PDIA6","PDIA6","PDIA6: 
protein disulfide isomerase family A, member 6 [Source:HGNC Symbol;Acc:30168]","PDIA6","t_30h",1.78696217918279,1.12273757558694,8,10,1.78696217918279,1.12273757558694
"126","ENSG00000167996",14,7,2,14,"FTH1","FTH1","FTH1: 
ferritin, heavy polypeptide 1 [Source:HGNC Symbol;Acc:3976]","FTH1","t_30h",1.93402439745645,1.12595001781994,8,10,1.93402439745645,1.12595001781994
"127","ENSG00000196924",15,7,2,15,"FLNA","FLNA","FLNA: 
filamin A, alpha [Source:HGNC Symbol;Acc:3754]","FLNA","t_30h",-1.64468318369381,-0.826456776655101,8,10,-1.64468318369381,-0.826456776655101
"128","ENSG00000198898",16,7,2,16,"CAPZA2","CAPZA2","CAPZA2: 
capping protein (actin filament) muscle Z-line, alpha 2 [Source:HGNC Symbol;Acc:1490]","CAPZA2","t_30h",-1.81075377567064,-0.17833999695441,8,10,-1.81075377567064,-0.17833999695441
