"","X","id","edges","delay","X.1","accession","external_gene_name.1","description","external_gene_name.y"
"1",1,"ENSG00000124635",4,0,1,"HIST1H2BJ","HIST1H2BJ","HIST1H2BJ: 
histone cluster 1, H2bj [Source:HGNC Symbol;Acc:4761]","HIST1H2BJ"
"2",2,"ENSG00000136448",4,0,2,"NMT1","NMT1","NMT1: 
N-myristoyltransferase 1 [Source:HGNC Symbol;Acc:7857]","NMT1"
"3",3,"ENSG00000099812",6,0,3,"MISP","MISP","MISP: 
mitotic spindle positioning [Source:HGNC Symbol;Acc:27000]","MISP"
"4",4,"ENSG00000111057",6,0,4,"KRT18","KRT18","KRT18: 
keratin 18 [Source:HGNC Symbol;Acc:6430]","KRT18"
"5",5,"ENSG00000115641",1,1,5,"FHL2","FHL2","FHL2: 
four and a half LIM domains 2 [Source:HGNC Symbol;Acc:3703]","FHL2"
"6",6,"ENSG00000130635",1,1,6,"COL5A1","COL5A1","COL5A1: 
collagen, type V, alpha 1 [Source:HGNC Symbol;Acc:2209]","COL5A1"
"7",7,"ENSG00000077809",2,1,7,"GTF2I","GTF2I","GTF2I: 
general transcription factor IIi [Source:HGNC Symbol;Acc:4659]","GTF2I"
"8",8,"ENSG00000101972",2,1,8,"STAG2","STAG2","STAG2: 
stromal antigen 2 [Source:HGNC Symbol;Acc:11355]","STAG2"
"9",9,"ENSG00000070081",7,2,9,"NUCB2","NUCB2","NUCB2: 
nucleobindin 2 [Source:HGNC Symbol;Acc:8044]","NUCB2"
"10",10,"ENSG00000100983",7,2,10,"GSS","GSS","GSS: 
glutathione synthetase [Source:HGNC Symbol;Acc:4624]","GSS"
"11",11,"ENSG00000115091",7,2,11,"ACTR3","ACTR3","ACTR3: 
ARP3 actin-related protein 3 homolog (yeast) [Source:HGNC Symbol;Acc:170]","ACTR3"
"12",12,"ENSG00000122545",7,2,12,"SEPT7","SEPT7","SEPT7: 
septin 7 [Source:HGNC Symbol;Acc:1717]","SEPT7"
"13",13,"ENSG00000143870",7,2,13,"PDIA6","PDIA6","PDIA6: 
protein disulfide isomerase family A, member 6 [Source:HGNC Symbol;Acc:30168]","PDIA6"
"14",14,"ENSG00000167996",7,2,14,"FTH1","FTH1","FTH1: 
ferritin, heavy polypeptide 1 [Source:HGNC Symbol;Acc:3976]","FTH1"
"15",15,"ENSG00000196924",7,2,15,"FLNA","FLNA","FLNA: 
filamin A, alpha [Source:HGNC Symbol;Acc:3754]","FLNA"
"16",16,"ENSG00000198898",7,2,16,"CAPZA2","CAPZA2","CAPZA2: 
capping protein (actin filament) muscle Z-line, alpha 2 [Source:HGNC Symbol;Acc:1490]","CAPZA2"
