"","id","edges","delay","accession","description","q_value","rho","analysis_res"
"1","ENSG00000116459",1,0,"ATP5F1","ATP5F1: 
ATP synthase, H+ transporting, mitochondrial Fo complex, subunit B1 [Source:HGNC Symbol;Acc:840]","0.9999",-0.4,"-0.4[0.9999]"
"2","ENSG00000167085",1,0,"PHB","PHB: 
prohibitin [Source:HGNC Symbol;Acc:8912]","0.9999",-0.4,"-0.4[0.9999]"
"3","ENSG00000110711",9,0,"AIP","AIP: 
aryl hydrocarbon receptor interacting protein [Source:HGNC Symbol;Acc:358]","0.0001",0.85,"0.85[0.0001]"
"4","ENSG00000132589",9,0,"FLOT2","FLOT2: 
flotillin 2 [Source:HGNC Symbol;Acc:3758]","0.0001",0.85,"0.85[0.0001]"
"5","ENSG00000134717",11,0,"BTF3L4","BTF3L4: 
basic transcription factor 3-like 4 [Source:HGNC Symbol;Acc:30547]","0.0001",0.99,"0.99[0.0001]"
"6","ENSG00000147475",11,0,"ERLIN2","ERLIN2: 
ER lipid raft associated 2 [Source:HGNC Symbol;Acc:1356]","0.0001",0.99,"0.99[0.0001]"
"7","ENSG00000134056",24,0,"MRPS36","MRPS36: 
mitochondrial ribosomal protein S36 [Source:HGNC Symbol;Acc:16631]","0.0015",0.9,"0.9[0.0015]"
"8","ENSG00000198034",24,0,"RPS4X","RPS4X: 
ribosomal protein S4, X-linked [Source:HGNC Symbol;Acc:10424]","0.0015",0.9,"0.9[0.0015]"
"9","ENSG00000122565",29,0,"CBX3","CBX3: 
chromobox homolog 3 [Source:HGNC Symbol;Acc:1553]","0.0001",0.67,"0.67[0.0001]"
"10","ENSG00000136448",29,0,"NMT1","NMT1: 
N-myristoyltransferase 1 [Source:HGNC Symbol;Acc:7857]","0.0001",0.67,"0.67[0.0001]"
"11","ENSG00000189091",29,0,"SF3B3","SF3B3: 
splicing factor 3b, subunit 3, 130kDa [Source:HGNC Symbol;Acc:10770]","0.0001",0.67,"0.67[0.0001]"
"12","ENSG00000049860",34,0,"HEXB","HEXB: 
hexosaminidase B (beta polypeptide) [Source:HGNC Symbol;Acc:4879]","0.0467",0.31,"0.31[0.0467]"
"13","ENSG00000136937",34,0,"NCBP1","NCBP1: 
nuclear cap binding protein subunit 1, 80kDa [Source:HGNC Symbol;Acc:7658]","0.0467",0.31,"0.31[0.0467]"
"14","ENSG00000138107",1,1,"ACTR1A","ACTR1A: 
ARP1 actin-related protein 1 homolog A, centractin alpha (yeast) [Source:HGNC Symbol;Acc:167]","0.0001",0.94,"0.94[0.0001]"
"15","ENSG00000166794",1,1,"PPIB","PPIB: 
peptidylprolyl isomerase B (cyclophilin B) [Source:HGNC Symbol;Acc:9255]","0.0001",0.94,"0.94[0.0001]"
"16","ENSG00000077809",2,1,"GTF2I","GTF2I: 
general transcription factor IIi [Source:HGNC Symbol;Acc:4659]","0.9999",-0.44,"-0.44[0.9999]"
"17","ENSG00000137801",2,1,"THBS1","THBS1: 
thrombospondin 1 [Source:HGNC Symbol;Acc:11785]","0.9999",-0.44,"-0.44[0.9999]"
"18","ENSG00000109814",3,1,"UGDH","UGDH: 
UDP-glucose 6-dehydrogenase [Source:HGNC Symbol;Acc:12525]","0.0356",0.55,"0.55[0.0356]"
"19","ENSG00000182919",3,1,"C11orf54","C11orf54: 
chromosome 11 open reading frame 54 [Source:HGNC Symbol;Acc:30204]","0.0356",0.55,"0.55[0.0356]"
"20","ENSG00000130635",4,1,"COL5A1","COL5A1: 
collagen, type V, alpha 1 [Source:HGNC Symbol;Acc:2209]","0.0168",0.65,"0.65[0.0168]"
"21","ENSG00000131238",4,1,"PPT1","PPT1: 
palmitoyl-protein thioesterase 1 [Source:HGNC Symbol;Acc:9325]","0.0168",0.65,"0.65[0.0168]"
"22","ENSG00000115641",5,1,"FHL2","FHL2: 
four and a half LIM domains 2 [Source:HGNC Symbol;Acc:3703]","0.0097",0.71,"0.71[0.0097]"
"23","ENSG00000176393",5,1,"RNPEP","RNPEP: 
arginyl aminopeptidase (aminopeptidase B) [Source:HGNC Symbol;Acc:10078]","0.0097",0.71,"0.71[0.0097]"
"24","ENSG00000075624",7,1,"ACTB","ACTB: 
actin, beta [Source:HGNC Symbol;Acc:132]","0.0109",0.65,"0.65[0.0109]"
"25","ENSG00000158710",7,1,"TAGLN2","TAGLN2: 
transgelin 2 [Source:HGNC Symbol;Acc:11554]","0.0109",0.65,"0.65[0.0109]"
"26","ENSG00000113387",8,1,"SUB1","SUB1: 
SUB1 homolog (S. cerevisiae) [Source:HGNC Symbol;Acc:19985]","0.1353",0.34,"0.34[0.1353]"
"27","ENSG00000124942",8,1,"AHNAK","AHNAK: 
AHNAK nucleoprotein [Source:HGNC Symbol;Acc:347]","0.1353",0.34,"0.34[0.1353]"
"28","ENSG00000086062",12,1,"B4GALT1","B4GALT1: 
UDP-Gal:betaGlcNAc beta 1,4- galactosyltransferase, polypeptide 1 [Source:HGNC Symbol;Acc:924]","0.0848",0.42,"0.42[0.0848]"
"29","ENSG00000152952",12,1,"PLOD2","PLOD2: 
procollagen-lysine, 2-oxoglutarate 5-dioxygenase 2 [Source:HGNC Symbol;Acc:9082]","0.0848",0.42,"0.42[0.0848]"
"30","ENSG00000140416",21,1,"TPM1","TPM1: 
tropomyosin 1 (alpha) [Source:HGNC Symbol;Acc:12010]","0.0195",0.61,"0.61[0.0195]"
"31","ENSG00000164294",21,1,"GPX8","GPX8: 
glutathione peroxidase 8 (putative) [Source:HGNC Symbol;Acc:33100]","0.0195",0.61,"0.61[0.0195]"
"32","ENSG00000108848",41,1,"LUC7L3","LUC7L3: 
LUC7-like 3 (S. cerevisiae) [Source:HGNC Symbol;Acc:24309]","0.0018",0.59,"0.59[0.0018]"
"33","ENSG00000135046",41,1,"ANXA1","ANXA1: 
annexin A1 [Source:HGNC Symbol;Acc:533]","0.0018",0.59,"0.59[0.0018]"
"34","ENSG00000184009",41,1,"ACTG1","ACTG1: 
actin, gamma 1 [Source:HGNC Symbol;Acc:144]","0.0018",0.59,"0.59[0.0018]"
"35","ENSG00000197747",41,1,"S100A10","S100A10: 
S100 calcium binding protein A10 [Source:HGNC Symbol;Acc:10487]","0.0018",0.59,"0.59[0.0018]"
"36","ENSG00000143870",1,2,"PDIA6","PDIA6: 
protein disulfide isomerase family A, member 6 [Source:HGNC Symbol;Acc:30168]","0.0001",0.99,"0.99[0.0001]"
"37","ENSG00000166598",1,2,"HSP90B1","HSP90B1: 
heat shock protein 90kDa beta (Grp94), member 1 [Source:HGNC Symbol;Acc:12028]","0.0001",0.99,"0.99[0.0001]"
"38","ENSG00000070081",4,2,"NUCB2","NUCB2: 
nucleobindin 2 [Source:HGNC Symbol;Acc:8044]","0.0417",0.55,"0.55[0.0417]"
"39","ENSG00000124783",4,2,"SSR1","SSR1: 
signal sequence receptor, alpha [Source:HGNC Symbol;Acc:11323]","0.0417",0.55,"0.55[0.0417]"
