"","id","X","edges","delay","X.1","accession","external_gene_name.1","description","external_gene_name.y","var","prt","trc","var.prt","var.trc","prt.norm","trc.norm"
"1","ENSG00000049860",12,34,0,12,"HEXB","HEXB","HEXB: 
hexosaminidase B (beta polypeptide) [Source:HGNC Symbol;Acc:4879]","HEXB","t_0h",0.169214079832091,0.896693968797759,1,1,0.169214079832091,0.896693968797759
"2","ENSG00000070081",38,4,2,38,"NUCB2","NUCB2","NUCB2: 
nucleobindin 2 [Source:HGNC Symbol;Acc:8044]","NUCB2","t_0h",-0.148891370508328,-0.783147726057109,1,3,-0.148891370508328,-0.783147726057109
"3","ENSG00000075624",24,7,1,24,"ACTB","ACTB","ACTB: 
actin, beta [Source:HGNC Symbol;Acc:132]","ACTB","t_0h",-0.266779627989149,0.929965835667378,1,2,-0.26677962798915,0.929965835667378
"4","ENSG00000077809",16,2,1,16,"GTF2I","GTF2I","GTF2I: 
general transcription factor IIi [Source:HGNC Symbol;Acc:4659]","GTF2I","t_0h",0.942967280768056,-0.851564560093058,1,2,0.942967280768056,-0.851564560093057
"5","ENSG00000086062",28,12,1,28,"B4GALT1","B4GALT1","B4GALT1: 
UDP-Gal:betaGlcNAc beta 1,4- galactosyltransferase, polypeptide 1 [Source:HGNC Symbol;Acc:924]","B4GALT1","t_0h",1.15736472056473,0.649634357224855,1,2,1.15736472056472,0.649634357224855
"6","ENSG00000108848",32,41,1,32,"LUC7L3","LUC7L3","LUC7L3: 
LUC7-like 3 (S. cerevisiae) [Source:HGNC Symbol;Acc:24309]","LUC7L3","t_0h",-0.220609440667049,0.655989679929825,1,2,-0.220609440667049,0.655989679929826
"7","ENSG00000109814",18,3,1,18,"UGDH","UGDH","UGDH: 
UDP-glucose 6-dehydrogenase [Source:HGNC Symbol;Acc:12525]","UGDH","t_0h",-0.509842685645337,-1.03845712420973,1,2,-0.509842685645336,-1.03845712420973
"8","ENSG00000110711",3,9,0,3,"AIP","AIP","AIP: 
aryl hydrocarbon receptor interacting protein [Source:HGNC Symbol;Acc:358]","AIP","t_0h",1.83811448937968,0.979697677046552,1,1,1.83811448937968,0.979697677046551
"9","ENSG00000113387",26,8,1,26,"SUB1","SUB1","SUB1: 
SUB1 homolog (S. cerevisiae) [Source:HGNC Symbol;Acc:19985]","SUB1","t_0h",0.0967359862678528,0.962888895989066,1,2,0.0967359862678527,0.962888895989066
"10","ENSG00000115641",22,5,1,22,"FHL2","FHL2","FHL2: 
four and a half LIM domains 2 [Source:HGNC Symbol;Acc:3703]","FHL2","t_0h",1.13661625186801,0.961649841161911,1,2,1.13661625186801,0.961649841161911
"11","ENSG00000116459",1,1,0,1,"ATP5F1","ATP5F1","ATP5F1: 
ATP synthase, H+ transporting, mitochondrial Fo complex, subunit B1 [Source:HGNC Symbol;Acc:840]","ATP5F1","t_0h",-0.805491979077944,1.00718779469998,1,1,-0.805491979077944,1.00718779469998
"12","ENSG00000122565",9,29,0,9,"CBX3","CBX3","CBX3: 
chromobox homolog 3 [Source:HGNC Symbol;Acc:1553]","CBX3","t_0h",0.153077409863081,0.383852036769236,1,1,0.153077409863082,0.383852036769235
"13","ENSG00000124783",39,4,2,39,"SSR1","SSR1","SSR1: 
signal sequence receptor, alpha [Source:HGNC Symbol;Acc:11323]","SSR1","t_0h",-0.680664131339244,-0.464373679773968,1,3,-0.680664131339244,-0.464373679773968
"14","ENSG00000124942",27,8,1,27,"AHNAK","AHNAK","AHNAK: 
AHNAK nucleoprotein [Source:HGNC Symbol;Acc:347]","AHNAK","t_0h",0.239154367323751,0.607133167178004,1,2,0.239154367323751,0.607133167178004
"15","ENSG00000130635",20,4,1,20,"COL5A1","COL5A1","COL5A1: 
collagen, type V, alpha 1 [Source:HGNC Symbol;Acc:2209]","COL5A1","t_0h",1.36620086090372,1.03346554887257,1,2,1.36620086090372,1.03346554887257
"16","ENSG00000131238",21,4,1,21,"PPT1","PPT1","PPT1: 
palmitoyl-protein thioesterase 1 [Source:HGNC Symbol;Acc:9325]","PPT1","t_0h",1.36410686739907,0.223125644416729,1,2,1.36410686739907,0.22312564441673
"17","ENSG00000132589",4,9,0,4,"FLOT2","FLOT2","FLOT2: 
flotillin 2 [Source:HGNC Symbol;Acc:3758]","FLOT2","t_0h",2.01707246344042,1.16215455731027,1,1,2.01707246344042,1.16215455731027
"18","ENSG00000134056",7,24,0,7,"MRPS36","MRPS36","MRPS36: 
mitochondrial ribosomal protein S36 [Source:HGNC Symbol;Acc:16631]","MRPS36","t_0h",1.22398760443718,1.20465350402176,1,1,1.22398760443718,1.20465350402176
"19","ENSG00000134717",5,11,0,5,"BTF3L4","BTF3L4","BTF3L4: 
basic transcription factor 3-like 4 [Source:HGNC Symbol;Acc:30547]","BTF3L4","t_0h",0.944195332883329,1.00603498960676,1,1,0.944195332883329,1.00603498960676
"20","ENSG00000135046",33,41,1,33,"ANXA1","ANXA1","ANXA1: 
annexin A1 [Source:HGNC Symbol;Acc:533]","ANXA1","t_0h",-0.386285579980101,-1.17308111522042,1,2,-0.386285579980101,-1.17308111522042
"21","ENSG00000136448",10,29,0,10,"NMT1","NMT1","NMT1: 
N-myristoyltransferase 1 [Source:HGNC Symbol;Acc:7857]","NMT1","t_0h",0.331704777025053,0.330153823980369,1,1,0.331704777025053,0.330153823980369
"22","ENSG00000136937",13,34,0,13,"NCBP1","NCBP1","NCBP1: 
nuclear cap binding protein subunit 1, 80kDa [Source:HGNC Symbol;Acc:7658]","NCBP1","t_0h",0.0238077807374179,0.484459001244098,1,1,0.0238077807374179,0.484459001244098
"23","ENSG00000137801",17,2,1,17,"THBS1","THBS1","THBS1: 
thrombospondin 1 [Source:HGNC Symbol;Acc:11785]","THBS1","t_0h",-1.06265331599716,0.635448042636695,1,2,-1.06265331599716,0.635448042636695
"24","ENSG00000138107",14,1,1,14,"ACTR1A","ACTR1A","ACTR1A: 
ARP1 actin-related protein 1 homolog A, centractin alpha (yeast) [Source:HGNC Symbol;Acc:167]","ACTR1A","t_0h",0.815615717460996,0.537295691487786,1,2,0.815615717460995,0.537295691487787
"25","ENSG00000140416",30,21,1,30,"TPM1","TPM1","TPM1: 
tropomyosin 1 (alpha) [Source:HGNC Symbol;Acc:12010]","TPM1","t_0h",0.61274457014548,0.0701364236412792,1,2,0.61274457014548,0.0701364236412791
"26","ENSG00000143870",36,1,2,36,"PDIA6","PDIA6","PDIA6: 
protein disulfide isomerase family A, member 6 [Source:HGNC Symbol;Acc:30168]","PDIA6","t_0h",-0.756428541281664,-1.11712304015191,1,3,-0.756428541281664,-1.11712304015191
"27","ENSG00000147475",6,11,0,6,"ERLIN2","ERLIN2","ERLIN2: 
ER lipid raft associated 2 [Source:HGNC Symbol;Acc:1356]","ERLIN2","t_0h",-0.820502734505086,-0.726721782884006,1,1,-0.820502734505086,-0.726721782884006
"28","ENSG00000152952",29,12,1,29,"PLOD2","PLOD2","PLOD2: 
procollagen-lysine, 2-oxoglutarate 5-dioxygenase 2 [Source:HGNC Symbol;Acc:9082]","PLOD2","t_0h",1.13118422357039,0.763703481316697,1,2,1.13118422357039,0.763703481316696
"29","ENSG00000158710",25,7,1,25,"TAGLN2","TAGLN2","TAGLN2: 
transgelin 2 [Source:HGNC Symbol;Acc:11554]","TAGLN2","t_0h",0.352983566370306,0.697809474640438,1,2,0.352983566370306,0.697809474640438
"30","ENSG00000164294",31,21,1,31,"GPX8","GPX8","GPX8: 
glutathione peroxidase 8 (putative) [Source:HGNC Symbol;Acc:33100]","GPX8","t_0h",-0.619382601100931,0.543781312466046,1,2,-0.61938260110093,0.543781312466046
"31","ENSG00000166598",37,1,2,37,"HSP90B1","HSP90B1","HSP90B1: 
heat shock protein 90kDa beta (Grp94), member 1 [Source:HGNC Symbol;Acc:12028]","HSP90B1","t_0h",-0.658502427087148,-1.08536375886638,1,3,-0.658502427087148,-1.08536375886638
"32","ENSG00000166794",15,1,1,15,"PPIB","PPIB","PPIB: 
peptidylprolyl isomerase B (cyclophilin B) [Source:HGNC Symbol;Acc:9255]","PPIB","t_0h",-0.861618780042587,-0.813269887689496,1,2,-0.861618780042587,-0.813269887689497
"33","ENSG00000167085",2,1,0,2,"PHB","PHB","PHB: 
prohibitin [Source:HGNC Symbol;Acc:8912]","PHB","t_0h",-0.863781448800698,0.969357675913398,1,1,-0.863781448800698,0.969357675913398
"34","ENSG00000176393",23,5,1,23,"RNPEP","RNPEP","RNPEP: 
arginyl aminopeptidase (aminopeptidase B) [Source:HGNC Symbol;Acc:10078]","RNPEP","t_0h",1.13052034670838,0.179285623746377,1,2,1.13052034670838,0.179285623746377
"35","ENSG00000182919",19,3,1,19,"C11orf54","C11orf54","C11orf54: 
chromosome 11 open reading frame 54 [Source:HGNC Symbol;Acc:30204]","C11orf54","t_0h",-0.252642145387139,-0.728060162267242,1,2,-0.252642145387139,-0.728060162267243
"36","ENSG00000184009",34,41,1,34,"ACTG1","ACTG1","ACTG1: 
actin, gamma 1 [Source:HGNC Symbol;Acc:144]","ACTG1","t_0h",-0.389322721609983,0.653847068882341,1,2,-0.389322721609983,0.653847068882341
"37","ENSG00000189091",11,29,0,11,"SF3B3","SF3B3","SF3B3: 
splicing factor 3b, subunit 3, 130kDa [Source:HGNC Symbol;Acc:10770]","SF3B3","t_0h",0.120561038069141,0.387269683472277,1,1,0.120561038069141,0.387269683472277
"38","ENSG00000197747",35,41,1,35,"S100A10","S100A10","S100A10: 
S100 calcium binding protein A10 [Source:HGNC Symbol;Acc:10487]","S100A10","t_0h",-0.200970235378153,0.993834427028405,1,2,-0.200970235378153,0.993834427028404
"39","ENSG00000198034",8,24,0,8,"RPS4X","RPS4X","RPS4X: 
ribosomal protein S4, X-linked [Source:HGNC Symbol;Acc:10424]","RPS4X","t_0h",-1.28912682912126,-0.84816688755641,1,1,-1.28912682912126,-0.848166887556409
"40","ENSG00000049860",12,34,0,12,"HEXB","HEXB","HEXB: 
hexosaminidase B (beta polypeptide) [Source:HGNC Symbol;Acc:4879]","HEXB","t_0.5h",0.478581956435274,0.655343040639027,2,2,0.478581956435274,0.655343040639027
"41","ENSG00000070081",38,4,2,38,"NUCB2","NUCB2","NUCB2: 
nucleobindin 2 [Source:HGNC Symbol;Acc:8044]","NUCB2","t_0.5h",-0.395853542781507,-0.77901019593133,2,4,-0.395853542781507,-0.77901019593133
"42","ENSG00000075624",24,7,1,24,"ACTB","ACTB","ACTB: 
actin, beta [Source:HGNC Symbol;Acc:132]","ACTB","t_0.5h",-0.236565087695379,0.927922237152271,2,3,-0.23656508769538,0.927922237152271
"43","ENSG00000077809",16,2,1,16,"GTF2I","GTF2I","GTF2I: 
general transcription factor IIi [Source:HGNC Symbol;Acc:4659]","GTF2I","t_0.5h",0.797625944185999,-0.705011357635959,2,3,0.797625944186,-0.705011357635959
"44","ENSG00000086062",28,12,1,28,"B4GALT1","B4GALT1","B4GALT1: 
UDP-Gal:betaGlcNAc beta 1,4- galactosyltransferase, polypeptide 1 [Source:HGNC Symbol;Acc:924]","B4GALT1","t_0.5h",0.98597492503203,0.78475831401105,2,3,0.98597492503203,0.78475831401105
"45","ENSG00000108848",32,41,1,32,"LUC7L3","LUC7L3","LUC7L3: 
LUC7-like 3 (S. cerevisiae) [Source:HGNC Symbol;Acc:24309]","LUC7L3","t_0.5h",0.0484887918810234,0.357308531116923,2,3,0.0484887918810228,0.357308531116923
"46","ENSG00000109814",18,3,1,18,"UGDH","UGDH","UGDH: 
UDP-glucose 6-dehydrogenase [Source:HGNC Symbol;Acc:12525]","UGDH","t_0.5h",-0.389293472596668,-0.925007105978119,2,3,-0.389293472596668,-0.925007105978119
"47","ENSG00000110711",3,9,0,3,"AIP","AIP","AIP: 
aryl hydrocarbon receptor interacting protein [Source:HGNC Symbol;Acc:358]","AIP","t_0.5h",0.972025301211296,0.63714924379236,2,2,0.972025301211296,0.637149243792359
"48","ENSG00000113387",26,8,1,26,"SUB1","SUB1","SUB1: 
SUB1 homolog (S. cerevisiae) [Source:HGNC Symbol;Acc:19985]","SUB1","t_0.5h",0.407447660605515,0.623265472336221,2,3,0.407447660605514,0.623265472336221
"49","ENSG00000115641",22,5,1,22,"FHL2","FHL2","FHL2: 
four and a half LIM domains 2 [Source:HGNC Symbol;Acc:3703]","FHL2","t_0.5h",0.960286003269785,0.930903196716464,2,3,0.960286003269785,0.930903196716464
"50","ENSG00000116459",1,1,0,1,"ATP5F1","ATP5F1","ATP5F1: 
ATP synthase, H+ transporting, mitochondrial Fo complex, subunit B1 [Source:HGNC Symbol;Acc:840]","ATP5F1","t_0.5h",-0.776852789024329,0.699263729485791,2,2,-0.776852789024329,0.699263729485791
"51","ENSG00000122565",9,29,0,9,"CBX3","CBX3","CBX3: 
chromobox homolog 3 [Source:HGNC Symbol;Acc:1553]","CBX3","t_0.5h",0.489926461872836,0.519617676340062,2,2,0.489926461872836,0.519617676340061
"52","ENSG00000124783",39,4,2,39,"SSR1","SSR1","SSR1: 
signal sequence receptor, alpha [Source:HGNC Symbol;Acc:11323]","SSR1","t_0.5h",-0.686689624741526,-0.621689087286065,2,4,-0.686689624741526,-0.621689087286065
"53","ENSG00000124942",27,8,1,27,"AHNAK","AHNAK","AHNAK: 
AHNAK nucleoprotein [Source:HGNC Symbol;Acc:347]","AHNAK","t_0.5h",0.533781921288555,0.233356880259603,2,3,0.533781921288555,0.233356880259603
"54","ENSG00000130635",20,4,1,20,"COL5A1","COL5A1","COL5A1: 
collagen, type V, alpha 1 [Source:HGNC Symbol;Acc:2209]","COL5A1","t_0.5h",1.05161121620456,0.971161545414911,2,3,1.05161121620456,0.971161545414911
"55","ENSG00000131238",21,4,1,21,"PPT1","PPT1","PPT1: 
palmitoyl-protein thioesterase 1 [Source:HGNC Symbol;Acc:9325]","PPT1","t_0.5h",1.04492010426197,0.442001766646611,2,3,1.04492010426197,0.442001766646612
"56","ENSG00000132589",4,9,0,4,"FLOT2","FLOT2","FLOT2: 
flotillin 2 [Source:HGNC Symbol;Acc:3758]","FLOT2","t_0.5h",0.865157180131233,0.722866401842949,2,2,0.865157180131233,0.722866401842949
"57","ENSG00000134056",7,24,0,7,"MRPS36","MRPS36","MRPS36: 
mitochondrial ribosomal protein S36 [Source:HGNC Symbol;Acc:16631]","MRPS36","t_0.5h",0.946986480886346,0.865304380814253,2,2,0.946986480886346,0.865304380814253
"58","ENSG00000134717",5,11,0,5,"BTF3L4","BTF3L4","BTF3L4: 
basic transcription factor 3-like 4 [Source:HGNC Symbol;Acc:30547]","BTF3L4","t_0.5h",0.765648353021026,0.775202326250541,2,2,0.765648353021026,0.775202326250541
"59","ENSG00000135046",33,41,1,33,"ANXA1","ANXA1","ANXA1: 
annexin A1 [Source:HGNC Symbol;Acc:533]","ANXA1","t_0.5h",-0.469940512139376,-0.988359500252524,2,3,-0.469940512139377,-0.988359500252523
"60","ENSG00000136448",10,29,0,10,"NMT1","NMT1","NMT1: 
N-myristoyltransferase 1 [Source:HGNC Symbol;Acc:7857]","NMT1","t_0.5h",0.596857258743752,0.56214397439146,2,2,0.596857258743752,0.56214397439146
"61","ENSG00000136937",13,34,0,13,"NCBP1","NCBP1","NCBP1: 
nuclear cap binding protein subunit 1, 80kDa [Source:HGNC Symbol;Acc:7658]","NCBP1","t_0.5h",0.409684274317922,0.529919275760813,2,2,0.409684274317922,0.529919275760813
"62","ENSG00000137801",17,2,1,17,"THBS1","THBS1","THBS1: 
thrombospondin 1 [Source:HGNC Symbol;Acc:11785]","THBS1","t_0.5h",-0.994436850287698,0.68495232321094,2,3,-0.994436850287698,0.68495232321094
"63","ENSG00000138107",14,1,1,14,"ACTR1A","ACTR1A","ACTR1A: 
ARP1 actin-related protein 1 homolog A, centractin alpha (yeast) [Source:HGNC Symbol;Acc:167]","ACTR1A","t_0.5h",0.753425306511199,0.667985523436887,2,3,0.753425306511199,0.667985523436887
"64","ENSG00000140416",30,21,1,30,"TPM1","TPM1","TPM1: 
tropomyosin 1 (alpha) [Source:HGNC Symbol;Acc:12010]","TPM1","t_0.5h",0.553289162402264,0.350139075072445,2,3,0.553289162402264,0.350139075072445
"65","ENSG00000143870",36,1,2,36,"PDIA6","PDIA6","PDIA6: 
protein disulfide isomerase family A, member 6 [Source:HGNC Symbol;Acc:30168]","PDIA6","t_0.5h",-0.703086028991628,-0.99062217562384,2,4,-0.703086028991628,-0.99062217562384
"66","ENSG00000147475",6,11,0,6,"ERLIN2","ERLIN2","ERLIN2: 
ER lipid raft associated 2 [Source:HGNC Symbol;Acc:1356]","ERLIN2","t_0.5h",-0.664586234823354,-0.643874953507783,2,2,-0.664586234823354,-0.643874953507783
"67","ENSG00000152952",29,12,1,29,"PLOD2","PLOD2","PLOD2: 
procollagen-lysine, 2-oxoglutarate 5-dioxygenase 2 [Source:HGNC Symbol;Acc:9082]","PLOD2","t_0.5h",0.87896521487189,0.794366764833401,2,3,0.878965214871891,0.794366764833401
"68","ENSG00000158710",25,7,1,25,"TAGLN2","TAGLN2","TAGLN2: 
transgelin 2 [Source:HGNC Symbol;Acc:11554]","TAGLN2","t_0.5h",0.492828094113333,0.81447530735847,2,3,0.492828094113333,0.81447530735847
"69","ENSG00000164294",31,21,1,31,"GPX8","GPX8","GPX8: 
glutathione peroxidase 8 (putative) [Source:HGNC Symbol;Acc:33100]","GPX8","t_0.5h",-0.660860832040288,0.278058558779128,2,3,-0.660860832040288,0.278058558779128
"70","ENSG00000166598",37,1,2,37,"HSP90B1","HSP90B1","HSP90B1: 
heat shock protein 90kDa beta (Grp94), member 1 [Source:HGNC Symbol;Acc:12028]","HSP90B1","t_0.5h",-0.634829079309772,-0.993176877696052,2,4,-0.634829079309772,-0.993176877696052
"71","ENSG00000166794",15,1,1,15,"PPIB","PPIB","PPIB: 
peptidylprolyl isomerase B (cyclophilin B) [Source:HGNC Symbol;Acc:9255]","PPIB","t_0.5h",-0.79776472910247,-0.811714959658299,2,3,-0.79776472910247,-0.811714959658299
"72","ENSG00000167085",2,1,0,2,"PHB","PHB","PHB: 
prohibitin [Source:HGNC Symbol;Acc:8912]","PHB","t_0.5h",-0.804396726266193,0.714740885844885,2,2,-0.804396726266193,0.714740885844885
"73","ENSG00000176393",23,5,1,23,"RNPEP","RNPEP","RNPEP: 
arginyl aminopeptidase (aminopeptidase B) [Source:HGNC Symbol;Acc:10078]","RNPEP","t_0.5h",0.930746269779545,0.261196933011518,2,3,0.930746269779545,0.261196933011518
"74","ENSG00000182919",19,3,1,19,"C11orf54","C11orf54","C11orf54: 
chromosome 11 open reading frame 54 [Source:HGNC Symbol;Acc:30204]","C11orf54","t_0.5h",-0.365491393305949,-0.754024022258634,2,3,-0.365491393305949,-0.754024022258634
"75","ENSG00000184009",34,41,1,34,"ACTG1","ACTG1","ACTG1: 
actin, gamma 1 [Source:HGNC Symbol;Acc:144]","ACTG1","t_0.5h",-0.151276612296223,0.792056732565957,2,3,-0.151276612296223,0.792056732565957
"76","ENSG00000189091",11,29,0,11,"SF3B3","SF3B3","SF3B3: 
splicing factor 3b, subunit 3, 130kDa [Source:HGNC Symbol;Acc:10770]","SF3B3","t_0.5h",0.448805912080368,0.660333474244669,2,2,0.448805912080368,0.660333474244669
"77","ENSG00000197747",35,41,1,35,"S100A10","S100A10","S100A10: 
S100 calcium binding protein A10 [Source:HGNC Symbol;Acc:10487]","S100A10","t_0.5h",0.0635279534285165,0.753443478969391,2,3,0.0635279534285162,0.753443478969391
"78","ENSG00000198034",8,24,0,8,"RPS4X","RPS4X","RPS4X: 
ribosomal protein S4, X-linked [Source:HGNC Symbol;Acc:10424]","RPS4X","t_0.5h",-0.984205190051102,-0.543571679000688,2,2,-0.984205190051103,-0.543571679000688
"79","ENSG00000049860",12,34,0,12,"HEXB","HEXB","HEXB: 
hexosaminidase B (beta polypeptide) [Source:HGNC Symbol;Acc:4879]","HEXB","t_1h",0.842637842773881,0.422924125770701,3,3,0.842637842773881,0.422924125770701
"80","ENSG00000070081",38,4,2,38,"NUCB2","NUCB2","NUCB2: 
nucleobindin 2 [Source:HGNC Symbol;Acc:8044]","NUCB2","t_1h",-0.607265493975918,-0.774605449354729,3,5,-0.607265493975918,-0.774605449354729
"81","ENSG00000075624",24,7,1,24,"ACTB","ACTB","ACTB: 
actin, beta [Source:HGNC Symbol;Acc:132]","ACTB","t_1h",-0.203069850079786,0.926085980191,3,4,-0.203069850079787,0.926085980191
"82","ENSG00000077809",16,2,1,16,"GTF2I","GTF2I","GTF2I: 
general transcription factor IIi [Source:HGNC Symbol;Acc:4659]","GTF2I","t_1h",0.652675390831843,-0.554157971912402,3,4,0.652675390831843,-0.554157971912401
"83","ENSG00000086062",28,12,1,28,"B4GALT1","B4GALT1","B4GALT1: 
UDP-Gal:betaGlcNAc beta 1,4- galactosyltransferase, polypeptide 1 [Source:HGNC Symbol;Acc:924]","B4GALT1","t_1h",0.807301677187019,0.922656101623602,3,4,0.807301677187019,0.922656101623602
"84","ENSG00000108848",32,41,1,32,"LUC7L3","LUC7L3","LUC7L3: 
LUC7-like 3 (S. cerevisiae) [Source:HGNC Symbol;Acc:24309]","LUC7L3","t_1h",0.329790685215875,0.0723894055832148,3,4,0.329790685215874,0.0723894055832152
"85","ENSG00000109814",18,3,1,18,"UGDH","UGDH","UGDH: 
UDP-glucose 6-dehydrogenase [Source:HGNC Symbol;Acc:12525]","UGDH","t_1h",-0.263165464407409,-0.802306403647544,3,4,-0.263165464407408,-0.802306403647544
"86","ENSG00000110711",3,9,0,3,"AIP","AIP","AIP: 
aryl hydrocarbon receptor interacting protein [Source:HGNC Symbol;Acc:358]","AIP","t_1h",0.237226911639733,0.299189954042479,3,3,0.237226911639733,0.299189954042479
"87","ENSG00000113387",26,8,1,26,"SUB1","SUB1","SUB1: 
SUB1 homolog (S. cerevisiae) [Source:HGNC Symbol;Acc:19985]","SUB1","t_1h",0.742633088609723,0.3005345930855,3,4,0.742633088609723,0.3005345930855
"88","ENSG00000115641",22,5,1,22,"FHL2","FHL2","FHL2: 
four and a half LIM domains 2 [Source:HGNC Symbol;Acc:3703]","FHL2","t_1h",0.790307714818406,0.900987371735699,3,4,0.790307714818406,0.900987371735699
"89","ENSG00000116459",1,1,0,1,"ATP5F1","ATP5F1","ATP5F1: 
ATP synthase, H+ transporting, mitochondrial Fo complex, subunit B1 [Source:HGNC Symbol;Acc:840]","ATP5F1","t_1h",-0.746535148874663,0.406612116637191,3,3,-0.746535148874663,0.406612116637191
"90","ENSG00000122565",9,29,0,9,"CBX3","CBX3","CBX3: 
chromobox homolog 3 [Source:HGNC Symbol;Acc:1553]","CBX3","t_1h",0.848140464101673,0.663191047805858,3,3,0.848140464101673,0.663191047805858
"91","ENSG00000124783",39,4,2,39,"SSR1","SSR1","SSR1: 
signal sequence receptor, alpha [Source:HGNC Symbol;Acc:11323]","SSR1","t_1h",-0.692686988263689,-0.766815279218093,3,5,-0.692686988263689,-0.766815279218093
"92","ENSG00000124942",27,8,1,27,"AHNAK","AHNAK","AHNAK: 
AHNAK nucleoprotein [Source:HGNC Symbol;Acc:347]","AHNAK","t_1h",0.846032484200959,-0.119201710422781,3,4,0.846032484200959,-0.119201710422781
"93","ENSG00000130635",20,4,1,20,"COL5A1","COL5A1","COL5A1: 
collagen, type V, alpha 1 [Source:HGNC Symbol;Acc:2209]","COL5A1","t_1h",0.762782202392007,0.909615194734527,3,4,0.762782202392006,0.909615194734527
"94","ENSG00000131238",21,4,1,21,"PPT1","PPT1","PPT1: 
palmitoyl-protein thioesterase 1 [Source:HGNC Symbol;Acc:9325]","PPT1","t_1h",0.756949523949061,0.671537345407437,3,4,0.756949523949062,0.671537345407437
"95","ENSG00000132589",4,9,0,4,"FLOT2","FLOT2","FLOT2: 
flotillin 2 [Source:HGNC Symbol;Acc:3758]","FLOT2","t_1h",0.117581676969373,0.310138813517297,3,3,0.117581676969373,0.310138813517297
"96","ENSG00000134056",7,24,0,7,"MRPS36","MRPS36","MRPS36: 
mitochondrial ribosomal protein S36 [Source:HGNC Symbol;Acc:16631]","MRPS36","t_1h",0.693489069707637,0.535365042369923,3,3,0.693489069707637,0.535365042369923
"97","ENSG00000134717",5,11,0,5,"BTF3L4","BTF3L4","BTF3L4: 
basic transcription factor 3-like 4 [Source:HGNC Symbol;Acc:30547]","BTF3L4","t_1h",0.594451438643704,0.552536679771124,3,3,0.594451438643704,0.552536679771124
"98","ENSG00000135046",33,41,1,33,"ANXA1","ANXA1","ANXA1: 
annexin A1 [Source:HGNC Symbol;Acc:533]","ANXA1","t_1h",-0.54905060717606,-0.795596038295672,3,4,-0.549050607176061,-0.795596038295672
"99","ENSG00000136448",10,29,0,10,"NMT1","NMT1","NMT1: 
N-myristoyltransferase 1 [Source:HGNC Symbol;Acc:7857]","NMT1","t_1h",0.878189912432937,0.806099312800269,3,3,0.878189912432937,0.806099312800269
"100","ENSG00000136937",13,34,0,13,"NCBP1","NCBP1","NCBP1: 
nuclear cap binding protein subunit 1, 80kDa [Source:HGNC Symbol;Acc:7658]","NCBP1","t_1h",0.830976339501706,0.574536752380587,3,3,0.830976339501706,0.574536752380588
"101","ENSG00000137801",17,2,1,17,"THBS1","THBS1","THBS1: 
thrombospondin 1 [Source:HGNC Symbol;Acc:11785]","THBS1","t_1h",-0.918229112828957,0.729887981544071,3,4,-0.918229112828957,0.729887981544071
"102","ENSG00000138107",14,1,1,14,"ACTR1A","ACTR1A","ACTR1A: 
ARP1 actin-related protein 1 homolog A, centractin alpha (yeast) [Source:HGNC Symbol;Acc:167]","ACTR1A","t_1h",0.695836370359181,0.798832452491722,3,4,0.695836370359181,0.798832452491722
"103","ENSG00000140416",30,21,1,30,"TPM1","TPM1","TPM1: 
tropomyosin 1 (alpha) [Source:HGNC Symbol;Acc:12010]","TPM1","t_1h",0.494198934936351,0.661282157903371,3,4,0.494198934936352,0.661282157903371
"104","ENSG00000143870",36,1,2,36,"PDIA6","PDIA6","PDIA6: 
protein disulfide isomerase family A, member 6 [Source:HGNC Symbol;Acc:30168]","PDIA6","t_1h",-0.6484352984054,-0.851170414059019,3,5,-0.6484352984054,-0.851170414059019
"105","ENSG00000147475",6,11,0,6,"ERLIN2","ERLIN2","ERLIN2: 
ER lipid raft associated 2 [Source:HGNC Symbol;Acc:1356]","ERLIN2","t_1h",-0.468535179839549,-0.558946416126069,3,3,-0.468535179839548,-0.558946416126068
"106","ENSG00000152952",29,12,1,29,"PLOD2","PLOD2","PLOD2: 
procollagen-lysine, 2-oxoglutarate 5-dioxygenase 2 [Source:HGNC Symbol;Acc:9082]","PLOD2","t_1h",0.642615259861854,0.825155250248199,3,4,0.642615259861855,0.825155250248198
"107","ENSG00000158710",25,7,1,25,"TAGLN2","TAGLN2","TAGLN2: 
transgelin 2 [Source:HGNC Symbol;Acc:11554]","TAGLN2","t_1h",0.6370466722261,0.933633730409375,3,4,0.6370466722261,0.933633730409375
"108","ENSG00000164294",31,21,1,31,"GPX8","GPX8","GPX8: 
glutathione peroxidase 8 (putative) [Source:HGNC Symbol;Acc:33100]","GPX8","t_1h",-0.700383138804708,0.0256719511015814,3,4,-0.700383138804708,0.0256719511015814
"109","ENSG00000166598",37,1,2,37,"HSP90B1","HSP90B1","HSP90B1: 
heat shock protein 90kDa beta (Grp94), member 1 [Source:HGNC Symbol;Acc:12028]","HSP90B1","t_1h",-0.610532864392545,-0.871514498114964,3,5,-0.610532864392545,-0.871514498114964
"110","ENSG00000166794",15,1,1,15,"PPIB","PPIB","PPIB: 
peptidylprolyl isomerase B (cyclophilin B) [Source:HGNC Symbol;Acc:9255]","PPIB","t_1h",-0.731210061868996,-0.809288799178867,3,4,-0.731210061868996,-0.809288799178868
"111","ENSG00000167085",2,1,0,2,"PHB","PHB","PHB: 
prohibitin [Source:HGNC Symbol;Acc:8912]","PHB","t_1h",-0.745078193429766,0.474658173174155,3,3,-0.745078193429766,0.474658173174155
"112","ENSG00000176393",23,5,1,23,"RNPEP","RNPEP","RNPEP: 
arginyl aminopeptidase (aminopeptidase B) [Source:HGNC Symbol;Acc:10078]","RNPEP","t_1h",0.73929949945083,0.34349926244817,3,4,0.73929949945083,0.34349926244817
"113","ENSG00000182919",19,3,1,19,"C11orf54","C11orf54","C11orf54: 
chromosome 11 open reading frame 54 [Source:HGNC Symbol;Acc:30204]","C11orf54","t_1h",-0.466054951577298,-0.77975014071436,3,4,-0.466054951577298,-0.77975014071436
"114","ENSG00000184009",34,41,1,34,"ACTG1","ACTG1","ACTG1: 
actin, gamma 1 [Source:HGNC Symbol;Acc:144]","ACTG1","t_1h",0.0939117613482404,0.935675184177517,3,4,0.0939117613482404,0.935675184177517
"115","ENSG00000189091",11,29,0,11,"SF3B3","SF3B3","SF3B3: 
splicing factor 3b, subunit 3, 130kDa [Source:HGNC Symbol;Acc:10770]","SF3B3","t_1h",0.799505883543364,0.938788429676753,3,3,0.799505883543365,0.938788429676753
"116","ENSG00000197747",35,41,1,35,"S100A10","S100A10","S100A10: 
S100 calcium binding protein A10 [Source:HGNC Symbol;Acc:10487]","S100A10","t_1h",0.339435658134064,0.52477309413601,3,4,0.339435658134063,0.52477309413601
"117","ENSG00000198034",8,24,0,8,"RPS4X","RPS4X","RPS4X: 
ribosomal protein S4, X-linked [Source:HGNC Symbol;Acc:10424]","RPS4X","t_1h",-0.666623551261928,-0.231941457806254,3,3,-0.666623551261929,-0.231941457806254
"118","ENSG00000049860",12,34,0,12,"HEXB","HEXB","HEXB: 
hexosaminidase B (beta polypeptide) [Source:HGNC Symbol;Acc:4879]","HEXB","t_2h",1.77886693720506,-0.0164428600712406,4,4,1.77886693720506,-0.0164428600712406
"119","ENSG00000070081",38,4,2,38,"NUCB2","NUCB2","NUCB2: 
nucleobindin 2 [Source:HGNC Symbol;Acc:8044]","NUCB2","t_2h",-0.943809420840777,-0.76504375187714,4,6,-0.943809420840777,-0.76504375187714
"120","ENSG00000075624",24,7,1,24,"ACTB","ACTB","ACTB: 
actin, beta [Source:HGNC Symbol;Acc:132]","ACTB","t_2h",-0.12773657274559,0.922923523106057,4,5,-0.12773657274559,0.922923523106057
"121","ENSG00000077809",16,2,1,16,"GTF2I","GTF2I","GTF2I: 
general transcription factor IIi [Source:HGNC Symbol;Acc:4659]","GTF2I","t_2h",0.357169989236663,-0.239063639967619,4,5,0.357169989236663,-0.239063639967618
"122","ENSG00000086062",28,12,1,28,"B4GALT1","B4GALT1","B4GALT1: 
UDP-Gal:betaGlcNAc beta 1,4- galactosyltransferase, polypeptide 1 [Source:HGNC Symbol;Acc:924]","B4GALT1","t_2h",0.386243050888295,1.20902857516545,4,5,0.386243050888294,1.20902857516545
"123","ENSG00000108848",32,41,1,32,"LUC7L3","LUC7L3","LUC7L3: 
LUC7-like 3 (S. cerevisiae) [Source:HGNC Symbol;Acc:24309]","LUC7L3","t_2h",0.91041944410251,-0.458092314915252,4,5,0.910419444102509,-0.458092314915252
"124","ENSG00000109814",18,3,1,18,"UGDH","UGDH","UGDH: 
UDP-glucose 6-dehydrogenase [Source:HGNC Symbol;Acc:12525]","UGDH","t_2h",0.00764694257157597,-0.521805438288955,4,5,0.00764694257157633,-0.521805438288955
"125","ENSG00000110711",3,9,0,3,"AIP","AIP","AIP: 
aryl hydrocarbon receptor interacting protein [Source:HGNC Symbol;Acc:358]","AIP","t_2h",-0.921998143077091,-0.356095027440155,4,4,-0.921998143077091,-0.356095027440155
"126","ENSG00000113387",26,8,1,26,"SUB1","SUB1","SUB1: 
SUB1 homolog (S. cerevisiae) [Source:HGNC Symbol;Acc:19985]","SUB1","t_2h",1.48716853605029,-0.293934688556016,4,5,1.48716853605029,-0.293934688556016
"127","ENSG00000115641",22,5,1,22,"FHL2","FHL2","FHL2: 
four and a half LIM domains 2 [Source:HGNC Symbol;Acc:3703]","FHL2","t_2h",0.459770286421917,0.845201728619953,4,5,0.459770286421917,0.845201728619953
"128","ENSG00000116459",1,1,0,1,"ATP5F1","ATP5F1","ATP5F1: 
ATP synthase, H+ transporting, mitochondrial Fo complex, subunit B1 [Source:HGNC Symbol;Acc:840]","ATP5F1","t_2h",-0.68315881997875,-0.140532194751005,4,4,-0.683158819978751,-0.140532194751005
"129","ENSG00000122565",9,29,0,9,"CBX3","CBX3","CBX3: 
chromobox homolog 3 [Source:HGNC Symbol;Acc:1553]","CBX3","t_2h",1.62742075494328,0.983665550667089,4,4,1.62742075494328,0.983665550667089
"130","ENSG00000124783",39,4,2,39,"SSR1","SSR1","SSR1: 
signal sequence receptor, alpha [Source:HGNC Symbol;Acc:11323]","SSR1","t_2h",-0.704587818368876,-1.02365023830017,4,6,-0.704587818368876,-1.02365023830017
"131","ENSG00000124942",27,8,1,27,"AHNAK","AHNAK","AHNAK: 
AHNAK nucleoprotein [Source:HGNC Symbol;Acc:347]","AHNAK","t_2h",1.52777676030994,-0.761604870855322,4,5,1.52777676030994,-0.761604870855322
"132","ENSG00000130635",20,4,1,20,"COL5A1","COL5A1","COL5A1: 
collagen, type V, alpha 1 [Source:HGNC Symbol;Acc:2209]","COL5A1","t_2h",0.251865953049095,0.788140446878582,4,5,0.251865953049094,0.788140446878582
"133","ENSG00000131238",21,4,1,21,"PPT1","PPT1","PPT1: 
palmitoyl-protein thioesterase 1 [Source:HGNC Symbol;Acc:9325]","PPT1","t_2h",0.266748947349839,1.16648102455701,4,5,0.266748947349839,1.16648102455701
"134","ENSG00000132589",4,9,0,4,"FLOT2","FLOT2","FLOT2: 
flotillin 2 [Source:HGNC Symbol;Acc:3758]","FLOT2","t_2h",-0.685611547990288,-0.438189356925185,4,4,-0.685611547990288,-0.438189356925185
"135","ENSG00000134056",7,24,0,7,"MRPS36","MRPS36","MRPS36: 
mitochondrial ribosomal protein S36 [Source:HGNC Symbol;Acc:16631]","MRPS36","t_2h",0.263357541014737,-0.0889262322587415,4,4,0.263357541014737,-0.0889262322587417
"136","ENSG00000134717",5,11,0,5,"BTF3L4","BTF3L4","BTF3L4: 
basic transcription factor 3-like 4 [Source:HGNC Symbol;Acc:30547]","BTF3L4","t_2h",0.269110194134062,0.122676802480642,4,4,0.269110194134062,0.122676802480642
"137","ENSG00000135046",33,41,1,33,"ANXA1","ANXA1","ANXA1: 
annexin A1 [Source:HGNC Symbol;Acc:533]","ANXA1","t_2h",-0.675241999339967,-0.380359636352725,4,5,-0.675241999339967,-0.380359636352724
"138","ENSG00000136448",10,29,0,10,"NMT1","NMT1","NMT1: 
N-myristoyltransferase 1 [Source:HGNC Symbol;Acc:7857]","NMT1","t_2h",1.49717290786167,1.34780358601525,4,4,1.49717290786167,1.34780358601525
"139","ENSG00000136937",13,34,0,13,"NCBP1","NCBP1","NCBP1: 
nuclear cap binding protein subunit 1, 80kDa [Source:HGNC Symbol;Acc:7658]","NCBP1","t_2h",1.76346246699323,0.649782430355187,4,4,1.76346246699323,0.649782430355187
"140","ENSG00000137801",17,2,1,17,"THBS1","THBS1","THBS1: 
thrombospondin 1 [Source:HGNC Symbol;Acc:11785]","THBS1","t_2h",-0.749807566160945,0.794134167401538,4,5,-0.749807566160945,0.794134167401538
"141","ENSG00000138107",14,1,1,14,"ACTR1A","ACTR1A","ACTR1A: 
ARP1 actin-related protein 1 homolog A, centractin alpha (yeast) [Source:HGNC Symbol;Acc:167]","ACTR1A","t_2h",0.602857676750363,1.06991734771577,4,5,0.602857676750363,1.06991734771577
"142","ENSG00000140416",30,21,1,30,"TPM1","TPM1","TPM1: 
tropomyosin 1 (alpha) [Source:HGNC Symbol;Acc:12010]","TPM1","t_2h",0.374494605807187,1.39559711506969,4,5,0.374494605807188,1.39559711506969
"143","ENSG00000143870",36,1,2,36,"PDIA6","PDIA6","PDIA6: 
protein disulfide isomerase family A, member 6 [Source:HGNC Symbol;Acc:30168]","PDIA6","t_2h",-0.534494186985344,-0.525199773598126,4,6,-0.534494186985344,-0.525199773598126
"144","ENSG00000147475",6,11,0,6,"ERLIN2","ERLIN2","ERLIN2: 
ER lipid raft associated 2 [Source:HGNC Symbol;Acc:1356]","ERLIN2","t_2h",0.0817487707796999,-0.382592842659577,4,4,0.0817487707796999,-0.382592842659577
"145","ENSG00000152952",29,12,1,29,"PLOD2","PLOD2","PLOD2: 
procollagen-lysine, 2-oxoglutarate 5-dioxygenase 2 [Source:HGNC Symbol;Acc:9082]","PLOD2","t_2h",0.208170720221973,0.887318309787327,4,5,0.208170720221973,0.887318309787327
"146","ENSG00000158710",25,7,1,25,"TAGLN2","TAGLN2","TAGLN2: 
transgelin 2 [Source:HGNC Symbol;Acc:11554]","TAGLN2","t_2h",0.935156472802767,1.18810900716621,4,5,0.935156472802767,1.18810900716621
"147","ENSG00000164294",31,21,1,31,"GPX8","GPX8","GPX8: 
glutathione peroxidase 8 (putative) [Source:HGNC Symbol;Acc:33100]","GPX8","t_2h",-0.76919970391707,-0.435612658848782,4,5,-0.76919970391707,-0.435612658848782
"148","ENSG00000166598",37,1,2,37,"HSP90B1","HSP90B1","HSP90B1: 
heat shock protein 90kDa beta (Grp94), member 1 [Source:HGNC Symbol;Acc:12028]","HSP90B1","t_2h",-0.561153523274233,-0.495762752173497,4,6,-0.561153523274233,-0.495762752173497
"149","ENSG00000166794",15,1,1,15,"PPIB","PPIB","PPIB: 
peptidylprolyl isomerase B (cyclophilin B) [Source:HGNC Symbol;Acc:9255]","PPIB","t_2h",-0.59094883734244,-0.803112983638961,4,5,-0.59094883734244,-0.803112983638961
"150","ENSG00000167085",2,1,0,2,"PHB","PHB","PHB: 
prohibitin [Source:HGNC Symbol;Acc:8912]","PHB","t_2h",-0.625079672987223,0.0360521786591487,4,4,-0.625079672987223,0.0360521786591486
"151","ENSG00000176393",23,5,1,23,"RNPEP","RNPEP","RNPEP: 
arginyl aminopeptidase (aminopeptidase B) [Source:HGNC Symbol;Acc:10078]","RNPEP","t_2h",0.380477435789039,0.519431007285725,4,5,0.380477435789039,0.519431007285725
"152","ENSG00000182919",19,3,1,19,"C11orf54","C11orf54","C11orf54: 
chromosome 11 open reading frame 54 [Source:HGNC Symbol;Acc:30204]","C11orf54","t_2h",-0.642575729456625,-0.830001401782151,4,5,-0.642575729456625,-0.830001401782151
"153","ENSG00000184009",34,41,1,34,"ACTG1","ACTG1","ACTG1: 
actin, gamma 1 [Source:HGNC Symbol;Acc:144]","ACTG1","t_2h",0.609701811744754,1.24607506536021,4,5,0.609701811744754,1.24607506536021
"154","ENSG00000189091",11,29,0,11,"SF3B3","SF3B3","SF3B3: 
splicing factor 3b, subunit 3, 130kDa [Source:HGNC Symbol;Acc:10770]","SF3B3","t_2h",1.57656891206785,1.51227605420841,4,4,1.57656891206785,1.51227605420841
"155","ENSG00000197747",35,41,1,35,"S100A10","S100A10","S100A10: 
S100 calcium binding protein A10 [Source:HGNC Symbol;Acc:10487]","S100A10","t_2h",0.902229197468264,0.0991827989603905,4,5,0.902229197468263,0.0991827989603904
"156","ENSG00000198034",8,24,0,8,"RPS4X","RPS4X","RPS4X: 
ribosomal protein S4, X-linked [Source:HGNC Symbol;Acc:10424]","RPS4X","t_2h",0.00770430084672786,0.409314536562328,4,4,0.00770430084672745,0.409314536562328
"157","ENSG00000049860",12,34,0,12,"HEXB","HEXB","HEXB: 
hexosaminidase B (beta polypeptide) [Source:HGNC Symbol;Acc:4879]","HEXB","t_8h",-0.5953099125186,-1.88936990747962,5,5,-0.5953099125186,-1.88936990747962
"158","ENSG00000070081",38,4,2,38,"NUCB2","NUCB2","NUCB2: 
nucleobindin 2 [Source:HGNC Symbol;Acc:8044]","NUCB2","t_8h",-0.584283731547795,-0.324706665887098,5,7,-0.584283731547795,-0.324706665887098
"159","ENSG00000075624",24,7,1,24,"ACTB","ACTB","ACTB: 
actin, beta [Source:HGNC Symbol;Acc:132]","ACTB","t_8h",2.04085569278849,-0.718231032672228,5,6,2.04085569278849,-0.718231032672229
"160","ENSG00000077809",16,2,1,16,"GTF2I","GTF2I","GTF2I: 
general transcription factor IIi [Source:HGNC Symbol;Acc:4659]","GTF2I","t_8h",0.63077286968201,-0.811917332365066,5,6,0.63077286968201,-0.811917332365066
"161","ENSG00000086062",28,12,1,28,"B4GALT1","B4GALT1","B4GALT1: 
UDP-Gal:betaGlcNAc beta 1,4- galactosyltransferase, polypeptide 1 [Source:HGNC Symbol;Acc:924]","B4GALT1","t_8h",-0.467690281617175,-1.30487449530214,5,6,-0.467690281617176,-1.30487449530214
"162","ENSG00000108848",32,41,1,32,"LUC7L3","LUC7L3","LUC7L3: 
LUC7-like 3 (S. cerevisiae) [Source:HGNC Symbol;Acc:24309]","LUC7L3","t_8h",1.80132790041705,-1.75335202167975,5,6,1.80132790041705,-1.75335202167975
"163","ENSG00000109814",18,3,1,18,"UGDH","UGDH","UGDH: 
UDP-glucose 6-dehydrogenase [Source:HGNC Symbol;Acc:12525]","UGDH","t_8h",-1.21034867420008,-0.0040009131229403,5,6,-1.21034867420008,-0.00400091312294034
"164","ENSG00000110711",3,9,0,3,"AIP","AIP","AIP: 
aryl hydrocarbon receptor interacting protein [Source:HGNC Symbol;Acc:358]","AIP","t_8h",-0.830974488254557,-1.41677144398271,5,5,-0.830974488254557,-1.41677144398271
"165","ENSG00000113387",26,8,1,26,"SUB1","SUB1","SUB1: 
SUB1 homolog (S. cerevisiae) [Source:HGNC Symbol;Acc:19985]","SUB1","t_8h",0.495968989173088,-1.99985245190344,5,6,0.495968989173087,-1.99985245190344
"166","ENSG00000115641",22,5,1,22,"FHL2","FHL2","FHL2: 
four and a half LIM domains 2 [Source:HGNC Symbol;Acc:3703]","FHL2","t_8h",0.0614246369267268,-1.3318308854711,5,6,0.0614246369267266,-1.3318308854711
"167","ENSG00000116459",1,1,0,1,"ATP5F1","ATP5F1","ATP5F1: 
ATP synthase, H+ transporting, mitochondrial Fo complex, subunit B1 [Source:HGNC Symbol;Acc:840]","ATP5F1","t_8h",0.0974201035966822,-1.77698270397673,5,5,0.0974201035966823,-1.77698270397673
"168","ENSG00000122565",9,29,0,9,"CBX3","CBX3","CBX3: 
chromobox homolog 3 [Source:HGNC Symbol;Acc:1553]","CBX3","t_8h",-0.160673967242675,-1.64328494352325,5,5,-0.160673967242675,-1.64328494352326
"169","ENSG00000124783",39,4,2,39,"SSR1","SSR1","SSR1: 
signal sequence receptor, alpha [Source:HGNC Symbol;Acc:11323]","SSR1","t_8h",-0.381313210394716,-0.503785205229373,5,7,-0.381313210394716,-0.503785205229374
"170","ENSG00000124942",27,8,1,27,"AHNAK","AHNAK","AHNAK: 
AHNAK nucleoprotein [Source:HGNC Symbol;Acc:347]","AHNAK","t_8h",0.052666162848818,-1.65820416124693,5,6,0.0526661628488182,-1.65820416124693
"171","ENSG00000130635",20,4,1,20,"COL5A1","COL5A1","COL5A1: 
collagen, type V, alpha 1 [Source:HGNC Symbol;Acc:2209]","COL5A1","t_8h",-0.293865661688572,-1.16928226093995,5,6,-0.293865661688572,-1.16928226093995
"172","ENSG00000131238",21,4,1,21,"PPT1","PPT1","PPT1: 
palmitoyl-protein thioesterase 1 [Source:HGNC Symbol;Acc:9325]","PPT1","t_8h",-0.287501689445934,-1.71595249633469,5,6,-0.287501689445934,-1.71595249633469
"173","ENSG00000132589",4,9,0,4,"FLOT2","FLOT2","FLOT2: 
flotillin 2 [Source:HGNC Symbol;Acc:3758]","FLOT2","t_8h",-0.959316082294132,-1.53127990020445,5,5,-0.959316082294132,-1.53127990020445
"174","ENSG00000134056",7,24,0,7,"MRPS36","MRPS36","MRPS36: 
mitochondrial ribosomal protein S36 [Source:HGNC Symbol;Acc:16631]","MRPS36","t_8h",0.253322983133051,0.80805067824201,5,5,0.253322983133051,0.80805067824201
"175","ENSG00000134717",5,11,0,5,"BTF3L4","BTF3L4","BTF3L4: 
basic transcription factor 3-like 4 [Source:HGNC Symbol;Acc:30547]","BTF3L4","t_8h",0.623521322130088,0.724626727378778,5,5,0.623521322130088,0.724626727378779
"176","ENSG00000135046",33,41,1,33,"ANXA1","ANXA1","ANXA1: 
annexin A1 [Source:HGNC Symbol;Acc:533]","ANXA1","t_8h",-1.36412356107529,1.64167566031763,5,6,-1.36412356107529,1.64167566031763
"177","ENSG00000136448",10,29,0,10,"NMT1","NMT1","NMT1: 
N-myristoyltransferase 1 [Source:HGNC Symbol;Acc:7857]","NMT1","t_8h",-0.209330810721403,-1.83796726222661,5,5,-0.209330810721403,-1.83796726222661
"178","ENSG00000136937",13,34,0,13,"NCBP1","NCBP1","NCBP1: 
nuclear cap binding protein subunit 1, 80kDa [Source:HGNC Symbol;Acc:7658]","NCBP1","t_8h",-0.0237484032444928,-2.23071966232479,5,5,-0.0237484032444929,-2.23071966232479
"179","ENSG00000137801",17,2,1,17,"THBS1","THBS1","THBS1: 
thrombospondin 1 [Source:HGNC Symbol;Acc:11785]","THBS1","t_8h",0.885972254176595,0.569189289472763,5,6,0.885972254176595,0.569189289472763
"180","ENSG00000138107",14,1,1,14,"ACTR1A","ACTR1A","ACTR1A: 
ARP1 actin-related protein 1 homolog A, centractin alpha (yeast) [Source:HGNC Symbol;Acc:167]","ACTR1A","t_8h",0.478751622263295,0.447296713965611,5,6,0.478751622263295,0.447296713965611
"181","ENSG00000140416",30,21,1,30,"TPM1","TPM1","TPM1: 
tropomyosin 1 (alpha) [Source:HGNC Symbol;Acc:12010]","TPM1","t_8h",1.14646015672637,0.806243271308443,5,6,1.14646015672637,0.806243271308443
"182","ENSG00000143870",36,1,2,36,"PDIA6","PDIA6","PDIA6: 
protein disulfide isomerase family A, member 6 [Source:HGNC Symbol;Acc:30168]","PDIA6","t_8h",-0.471457265327511,0.131604960489766,5,7,-0.471457265327511,0.131604960489766
"183","ENSG00000147475",6,11,0,6,"ERLIN2","ERLIN2","ERLIN2: 
ER lipid raft associated 2 [Source:HGNC Symbol;Acc:1356]","ERLIN2","t_8h",-0.869957149093105,-0.773706229594967,5,5,-0.869957149093105,-0.773706229594967
"184","ENSG00000152952",29,12,1,29,"PLOD2","PLOD2","PLOD2: 
procollagen-lysine, 2-oxoglutarate 5-dioxygenase 2 [Source:HGNC Symbol;Acc:9082]","PLOD2","t_8h",-0.872894384936691,-1.67866262066193,5,6,-0.872894384936691,-1.67866262066193
"185","ENSG00000158710",25,7,1,25,"TAGLN2","TAGLN2","TAGLN2: 
transgelin 2 [Source:HGNC Symbol;Acc:11554]","TAGLN2","t_8h",0.758884827976279,-0.463075292573544,5,6,0.758884827976279,-0.463075292573544
"186","ENSG00000164294",31,21,1,31,"GPX8","GPX8","GPX8: 
glutathione peroxidase 8 (putative) [Source:HGNC Symbol;Acc:33100]","GPX8","t_8h",-0.514987696901702,-2.27520755960035,5,6,-0.514987696901702,-2.27520755960035
"187","ENSG00000166598",37,1,2,37,"HSP90B1","HSP90B1","HSP90B1: 
heat shock protein 90kDa beta (Grp94), member 1 [Source:HGNC Symbol;Acc:12028]","HSP90B1","t_8h",-0.504677448121681,0.0729626563197502,5,7,-0.504677448121681,0.0729626563197503
"188","ENSG00000166794",15,1,1,15,"PPIB","PPIB","PPIB: 
peptidylprolyl isomerase B (cyclophilin B) [Source:HGNC Symbol;Acc:9255]","PPIB","t_8h",-0.306291794166959,-0.332225555952118,5,6,-0.306291794166959,-0.332225555952119
"189","ENSG00000167085",2,1,0,2,"PHB","PHB","PHB: 
prohibitin [Source:HGNC Symbol;Acc:8912]","PHB","t_8h",0.142181374741982,-1.79684330801294,5,5,0.142181374741982,-1.79684330801294
"190","ENSG00000176393",23,5,1,23,"RNPEP","RNPEP","RNPEP: 
arginyl aminopeptidase (aminopeptidase B) [Source:HGNC Symbol;Acc:10078]","RNPEP","t_8h",0.284089472168372,-1.49029152089183,5,6,0.284089472168372,-1.49029152089183
"191","ENSG00000182919",19,3,1,19,"C11orf54","C11orf54","C11orf54: 
chromosome 11 open reading frame 54 [Source:HGNC Symbol;Acc:30204]","C11orf54","t_8h",-0.82535044608458,-0.331989013191346,5,6,-0.82535044608458,-0.331989013191346
"192","ENSG00000184009",34,41,1,34,"ACTG1","ACTG1","ACTG1: 
actin, gamma 1 [Source:HGNC Symbol;Acc:144]","ACTG1","t_8h",1.96460374027746,-1.20029570034237,5,6,1.96460374027746,-1.20029570034237
"193","ENSG00000189091",11,29,0,11,"SF3B3","SF3B3","SF3B3: 
splicing factor 3b, subunit 3, 130kDa [Source:HGNC Symbol;Acc:10770]","SF3B3","t_8h",-0.0612081727922807,-1.08324346510788,5,5,-0.0612081727922805,-1.08324346510788
"194","ENSG00000197747",35,41,1,35,"S100A10","S100A10","S100A10: 
S100 calcium binding protein A10 [Source:HGNC Symbol;Acc:10487]","S100A10","t_8h",1.74518450636921,-1.76733716493367,5,6,1.7451845063692,-1.76733716493367
"195","ENSG00000198034",8,24,0,8,"RPS4X","RPS4X","RPS4X: 
ribosomal protein S4, X-linked [Source:HGNC Symbol;Acc:10424]","RPS4X","t_8h",-0.120544364516581,-1.47021401617369,5,5,-0.120544364516581,-1.47021401617369
"196","ENSG00000049860",12,34,0,12,"HEXB","HEXB","HEXB: 
hexosaminidase B (beta polypeptide) [Source:HGNC Symbol;Acc:4879]","HEXB","t_16h",-1.14629336008428,-1.04402927631319,6,6,-1.14629336008428,-1.04402927631319
"197","ENSG00000070081",38,4,2,38,"NUCB2","NUCB2","NUCB2: 
nucleobindin 2 [Source:HGNC Symbol;Acc:8044]","NUCB2","t_16h",-0.245612550037613,1.75976295970266,6,8,-0.245612550037613,1.75976295970266
"198","ENSG00000075624",24,7,1,24,"ACTB","ACTB","ACTB: 
actin, beta [Source:HGNC Symbol;Acc:132]","ACTB","t_16h",0.703418926473736,-0.799741011000808,6,7,0.703418926473735,-0.799741011000808
"199","ENSG00000077809",16,2,1,16,"GTF2I","GTF2I","GTF2I: 
general transcription factor IIi [Source:HGNC Symbol;Acc:4659]","GTF2I","t_16h",-0.487641371077936,0.184761242366568,6,7,-0.487641371077936,0.184761242366568
"200","ENSG00000086062",28,12,1,28,"B4GALT1","B4GALT1","B4GALT1: 
UDP-Gal:betaGlcNAc beta 1,4- galactosyltransferase, polypeptide 1 [Source:HGNC Symbol;Acc:924]","B4GALT1","t_16h",-1.61797373883319,-1.10863956636687,6,7,-1.61797373883319,-1.10863956636687
"201","ENSG00000108848",32,41,1,32,"LUC7L3","LUC7L3","LUC7L3: 
LUC7-like 3 (S. cerevisiae) [Source:HGNC Symbol;Acc:24309]","LUC7L3","t_16h",-0.837104824254829,-0.812603399736378,6,7,-0.83710482425483,-0.812603399736378
"202","ENSG00000109814",18,3,1,18,"UGDH","UGDH","UGDH: 
UDP-glucose 6-dehydrogenase [Source:HGNC Symbol;Acc:12525]","UGDH","t_16h",-0.493201288862576,0.562615111352912,6,7,-0.493201288862576,0.562615111352912
"203","ENSG00000110711",3,9,0,3,"AIP","AIP","AIP: 
aryl hydrocarbon receptor interacting protein [Source:HGNC Symbol;Acc:358]","AIP","t_16h",-0.941306857929623,-1.36838352454395,6,6,-0.941306857929623,-1.36838352454395
"204","ENSG00000113387",26,8,1,26,"SUB1","SUB1","SUB1: 
SUB1 homolog (S. cerevisiae) [Source:HGNC Symbol;Acc:19985]","SUB1","t_16h",-0.638367604548517,-0.748479135724846,6,7,-0.638367604548517,-0.748479135724846
"205","ENSG00000115641",22,5,1,22,"FHL2","FHL2","FHL2: 
four and a half LIM domains 2 [Source:HGNC Symbol;Acc:3703]","FHL2","t_16h",-0.926000170278901,-1.0374640617959,6,7,-0.926000170278901,-1.0374640617959
"206","ENSG00000116459",1,1,0,1,"ATP5F1","ATP5F1","ATP5F1: 
ATP synthase, H+ transporting, mitochondrial Fo complex, subunit B1 [Source:HGNC Symbol;Acc:840]","ATP5F1","t_16h",-0.00467250750084421,-1.11772961977504,6,6,-0.00467250750084419,-1.11772961977504
"207","ENSG00000122565",9,29,0,9,"CBX3","CBX3","CBX3: 
chromobox homolog 3 [Source:HGNC Symbol;Acc:1553]","CBX3","t_16h",-0.492477645928242,-1.36589027417638,6,6,-0.492477645928242,-1.36589027417638
"208","ENSG00000124783",39,4,2,39,"SSR1","SSR1","SSR1: 
signal sequence receptor, alpha [Source:HGNC Symbol;Acc:11323]","SSR1","t_16h",0.148623432700382,1.80105715637308,6,8,0.148623432700382,1.80105715637308
"209","ENSG00000124942",27,8,1,27,"AHNAK","AHNAK","AHNAK: 
AHNAK nucleoprotein [Source:HGNC Symbol;Acc:347]","AHNAK","t_16h",-0.737414420742673,-0.519382283415054,6,7,-0.737414420742673,-0.519382283415054
"210","ENSG00000130635",20,4,1,20,"COL5A1","COL5A1","COL5A1: 
collagen, type V, alpha 1 [Source:HGNC Symbol;Acc:2209]","COL5A1","t_16h",-0.960259345254518,-0.980873304935976,6,7,-0.960259345254518,-0.980873304935976
"211","ENSG00000131238",21,4,1,21,"PPT1","PPT1","PPT1: 
palmitoyl-protein thioesterase 1 [Source:HGNC Symbol;Acc:9325]","PPT1","t_16h",-0.932340442687222,-1.21874746031751,6,7,-0.932340442687222,-1.21874746031751
"212","ENSG00000132589",4,9,0,4,"FLOT2","FLOT2","FLOT2: 
flotillin 2 [Source:HGNC Symbol;Acc:3758]","FLOT2","t_16h",-0.739292913392857,-1.19494726923035,6,6,-0.739292913392858,-1.19494726923035
"213","ENSG00000134056",7,24,0,7,"MRPS36","MRPS36","MRPS36: 
mitochondrial ribosomal protein S36 [Source:HGNC Symbol;Acc:16631]","MRPS36","t_16h",-0.800349062069364,-0.787143039356138,6,6,-0.800349062069364,-0.787143039356138
"214","ENSG00000134717",5,11,0,5,"BTF3L4","BTF3L4","BTF3L4: 
basic transcription factor 3-like 4 [Source:HGNC Symbol;Acc:30547]","BTF3L4","t_16h",-0.18582097429115,-0.256601033103244,6,6,-0.18582097429115,-0.256601033103243
"215","ENSG00000135046",33,41,1,33,"ANXA1","ANXA1","ANXA1: 
annexin A1 [Source:HGNC Symbol;Acc:533]","ANXA1","t_16h",0.954828921666974,0.916614332905603,6,7,0.954828921666973,0.916614332905604
"216","ENSG00000136448",10,29,0,10,"NMT1","NMT1","NMT1: 
N-myristoyltransferase 1 [Source:HGNC Symbol;Acc:7857]","NMT1","t_16h",-0.625462018219926,-0.776565018432992,6,6,-0.625462018219926,-0.776565018432992
"217","ENSG00000136937",13,34,0,13,"NCBP1","NCBP1","NCBP1: 
nuclear cap binding protein subunit 1, 80kDa [Source:HGNC Symbol;Acc:7658]","NCBP1","t_16h",-0.889839561743102,-0.655730670931435,6,6,-0.889839561743102,-0.655730670931434
"218","ENSG00000137801",17,2,1,17,"THBS1","THBS1","THBS1: 
thrombospondin 1 [Source:HGNC Symbol;Acc:11785]","THBS1","t_16h",0.992798407887184,-0.477531796498993,6,7,0.992798407887184,-0.477531796498993
"219","ENSG00000138107",14,1,1,14,"ACTR1A","ACTR1A","ACTR1A: 
ARP1 actin-related protein 1 homolog A, centractin alpha (yeast) [Source:HGNC Symbol;Acc:167]","ACTR1A","t_16h",-0.371685687162662,-0.880224335304484,6,7,-0.371685687162662,-0.880224335304483
"220","ENSG00000140416",30,21,1,30,"TPM1","TPM1","TPM1: 
tropomyosin 1 (alpha) [Source:HGNC Symbol;Acc:12010]","TPM1","t_16h",-0.194336218310007,-0.716066626759383,6,7,-0.194336218310007,-0.716066626759383
"221","ENSG00000143870",36,1,2,36,"PDIA6","PDIA6","PDIA6: 
protein disulfide isomerase family A, member 6 [Source:HGNC Symbol;Acc:30168]","PDIA6","t_16h",0.0987199132242314,1.12762483603736,6,8,0.0987199132242315,1.12762483603736
"222","ENSG00000147475",6,11,0,6,"ERLIN2","ERLIN2","ERLIN2: 
ER lipid raft associated 2 [Source:HGNC Symbol;Acc:1356]","ERLIN2","t_16h",-0.153417410425937,0.0577856598738504,6,6,-0.153417410425937,0.0577856598738506
"223","ENSG00000152952",29,12,1,29,"PLOD2","PLOD2","PLOD2: 
procollagen-lysine, 2-oxoglutarate 5-dioxygenase 2 [Source:HGNC Symbol;Acc:9082]","PLOD2","t_16h",-1.77090636887457,-1.11736768703988,6,7,-1.77090636887457,-1.11736768703988
"224","ENSG00000158710",25,7,1,25,"TAGLN2","TAGLN2","TAGLN2: 
transgelin 2 [Source:HGNC Symbol;Acc:11554]","TAGLN2","t_16h",-0.166625414712097,-1.06685330944384,6,7,-0.166625414712097,-1.06685330944384
"225","ENSG00000164294",31,21,1,31,"GPX8","GPX8","GPX8: 
glutathione peroxidase 8 (putative) [Source:HGNC Symbol;Acc:33100]","GPX8","t_16h",0.273939987588854,0.360306095059475,6,7,0.273939987588854,0.360306095059475
"226","ENSG00000166598",37,1,2,37,"HSP90B1","HSP90B1","HSP90B1: 
heat shock protein 90kDa beta (Grp94), member 1 [Source:HGNC Symbol;Acc:12028]","HSP90B1","t_16h",-0.0326050153265875,1.22025262439862,6,8,-0.0326050153265875,1.22025262439862
"227","ENSG00000166794",15,1,1,15,"PPIB","PPIB","PPIB: 
peptidylprolyl isomerase B (cyclophilin B) [Source:HGNC Symbol;Acc:9255]","PPIB","t_16h",0.362883842539429,1.23317125739213,6,7,0.362883842539429,1.23317125739213
"228","ENSG00000167085",2,1,0,2,"PHB","PHB","PHB: 
prohibitin [Source:HGNC Symbol;Acc:8912]","PHB","t_16h",0.00968280574296934,-1.13477312098783,6,6,0.00968280574296898,-1.13477312098783
"229","ENSG00000176393",23,5,1,23,"RNPEP","RNPEP","RNPEP: 
arginyl aminopeptidase (aminopeptidase B) [Source:HGNC Symbol;Acc:10078]","RNPEP","t_16h",-0.964355634067276,-1.41337116102368,6,7,-0.964355634067276,-1.41337116102368
"230","ENSG00000182919",19,3,1,19,"C11orf54","C11orf54","C11orf54: 
chromosome 11 open reading frame 54 [Source:HGNC Symbol;Acc:30204]","C11orf54","t_16h",-0.347648887519433,0.579906487044962,6,7,-0.347648887519433,0.579906487044962
"231","ENSG00000184009",34,41,1,34,"ACTG1","ACTG1","ACTG1: 
actin, gamma 1 [Source:HGNC Symbol;Acc:144]","ACTG1","t_16h",0.0408435234293274,-1.05199795979604,6,7,0.0408435234293274,-1.05199795979604
"232","ENSG00000189091",11,29,0,11,"SF3B3","SF3B3","SF3B3: 
splicing factor 3b, subunit 3, 130kDa [Source:HGNC Symbol;Acc:10770]","SF3B3","t_16h",-0.264526193030676,-1.08593951097295,6,6,-0.264526193030676,-1.08593951097295
"233","ENSG00000197747",35,41,1,35,"S100A10","S100A10","S100A10: 
S100 calcium binding protein A10 [Source:HGNC Symbol;Acc:10487]","S100A10","t_16h",-0.542936342823475,-1.18286562632737,6,7,-0.542936342823475,-1.18286562632737
"234","ENSG00000198034",8,24,0,8,"RPS4X","RPS4X","RPS4X: 
ribosomal protein S4, X-linked [Source:HGNC Symbol;Acc:10424]","RPS4X","t_16h",0.364913715386476,0.0781726822379557,6,6,0.364913715386476,0.078172682237956
"235","ENSG00000049860",12,34,0,12,"HEXB","HEXB","HEXB: 
hexosaminidase B (beta polypeptide) [Source:HGNC Symbol;Acc:4879]","HEXB","t_24h",-0.891534988896894,0.0118260771899538,7,7,-0.891534988896895,0.0118260771899539
"236","ENSG00000070081",38,4,2,38,"NUCB2","NUCB2","NUCB2: 
nucleobindin 2 [Source:HGNC Symbol;Acc:8044]","NUCB2","t_24h",0.79954691048346,0.873921391547372,7,9,0.79954691048346,0.873921391547372
"237","ENSG00000075624",24,7,1,24,"ACTB","ACTB","ACTB: 
actin, beta [Source:HGNC Symbol;Acc:132]","ACTB","t_24h",-0.548161511464885,-1.01211654645713,7,8,-0.548161511464885,-1.01211654645713
"238","ENSG00000077809",16,2,1,16,"GTF2I","GTF2I","GTF2I: 
general transcription factor IIi [Source:HGNC Symbol;Acc:4659]","GTF2I","t_24h",-1.22429066835736,1.10829171942913,7,8,-1.22429066835736,1.10829171942913
"239","ENSG00000086062",28,12,1,28,"B4GALT1","B4GALT1","B4GALT1: 
UDP-Gal:betaGlcNAc beta 1,4- galactosyltransferase, polypeptide 1 [Source:HGNC Symbol;Acc:924]","B4GALT1","t_24h",-0.991732596861657,-0.739231040141806,7,8,-0.991732596861657,-0.739231040141806
"240","ENSG00000108848",32,41,1,32,"LUC7L3","LUC7L3","LUC7L3: 
LUC7-like 3 (S. cerevisiae) [Source:HGNC Symbol;Acc:24309]","LUC7L3","t_24h",-1.0346088640004,0.415225285353953,7,8,-1.03460886400041,0.415225285353954
"241","ENSG00000109814",18,3,1,18,"UGDH","UGDH","UGDH: 
UDP-glucose 6-dehydrogenase [Source:HGNC Symbol;Acc:12525]","UGDH","t_24h",0.826467201787297,1.13014789521676,7,8,0.826467201787298,1.13014789521676
"242","ENSG00000110711",3,9,0,3,"AIP","AIP","AIP: 
aryl hydrocarbon receptor interacting protein [Source:HGNC Symbol;Acc:358]","AIP","t_24h",-0.432700065897026,-0.0149389018696731,7,7,-0.432700065897026,-0.0149389018696735
"243","ENSG00000113387",26,8,1,26,"SUB1","SUB1","SUB1: 
SUB1 homolog (S. cerevisiae) [Source:HGNC Symbol;Acc:19985]","SUB1","t_24h",-1.13800350114842,0.203385017588954,7,8,-1.13800350114842,0.203385017588954
"244","ENSG00000115641",22,5,1,22,"FHL2","FHL2","FHL2: 
four and a half LIM domains 2 [Source:HGNC Symbol;Acc:3703]","FHL2","t_24h",-1.17970690758829,-0.750160467641346,7,8,-1.17970690758829,-0.750160467641346
"245","ENSG00000116459",1,1,0,1,"ATP5F1","ATP5F1","ATP5F1: 
ATP synthase, H+ transporting, mitochondrial Fo complex, subunit B1 [Source:HGNC Symbol;Acc:840]","ATP5F1","t_24h",0.983715521712879,-0.0284626496710648,7,7,0.983715521712879,-0.028462649671065
"246","ENSG00000122565",9,29,0,9,"CBX3","CBX3","CBX3: 
chromobox homolog 3 [Source:HGNC Symbol;Acc:1553]","CBX3","t_24h",-1.05775439557875,-0.272532714845902,7,7,-1.05775439557875,-0.272532714845902
"247","ENSG00000124783",39,4,2,39,"SSR1","SSR1","SSR1: 
signal sequence receptor, alpha [Source:HGNC Symbol;Acc:11323]","SSR1","t_24h",1.03527642557708,0.88280161945723,7,9,1.03527642557708,0.88280161945723
"248","ENSG00000124942",27,8,1,27,"AHNAK","AHNAK","AHNAK: 
AHNAK nucleoprotein [Source:HGNC Symbol;Acc:347]","AHNAK","t_24h",-1.10702240767064,0.607086443176856,7,8,-1.10702240767064,0.607086443176856
"249","ENSG00000130635",20,4,1,20,"COL5A1","COL5A1","COL5A1: 
collagen, type V, alpha 1 [Source:HGNC Symbol;Acc:2209]","COL5A1","t_24h",-1.06358738410531,-0.831750828548898,7,8,-1.06358738410531,-0.831750828548898
"250","ENSG00000131238",21,4,1,21,"PPT1","PPT1","PPT1: 
palmitoyl-protein thioesterase 1 [Source:HGNC Symbol;Acc:9325]","PPT1","t_24h",-1.06846369382665,-0.242617476509491,7,8,-1.06846369382665,-0.24261747650949
"251","ENSG00000132589",4,9,0,4,"FLOT2","FLOT2","FLOT2: 
flotillin 2 [Source:HGNC Symbol;Acc:3758]","FLOT2","t_24h",-0.453938683831084,-0.0613654498326552,7,7,-0.453938683831084,-0.0613654498326552
"252","ENSG00000134056",7,24,0,7,"MRPS36","MRPS36","MRPS36: 
mitochondrial ribosomal protein S36 [Source:HGNC Symbol;Acc:16631]","MRPS36","t_24h",-1.19088579615632,-1.18487282531597,7,7,-1.19088579615632,-1.18487282531597
"253","ENSG00000134717",5,11,0,5,"BTF3L4","BTF3L4","BTF3L4: 
basic transcription factor 3-like 4 [Source:HGNC Symbol;Acc:30547]","BTF3L4","t_24h",-1.24116862205446,-1.14648580263335,7,7,-1.24116862205446,-1.14648580263335
"254","ENSG00000135046",33,41,1,33,"ANXA1","ANXA1","ANXA1: 
annexin A1 [Source:HGNC Symbol;Acc:533]","ANXA1","t_24h",1.23051135461594,0.513237355919555,7,8,1.23051135461594,0.513237355919555
"255","ENSG00000136448",10,29,0,10,"NMT1","NMT1","NMT1: 
N-myristoyltransferase 1 [Source:HGNC Symbol;Acc:7857]","NMT1","t_24h",-1.09734264270771,-0.346746965872692,7,7,-1.09734264270771,-0.346746965872692
"256","ENSG00000136937",13,34,0,13,"NCBP1","NCBP1","NCBP1: 
nuclear cap binding protein subunit 1, 80kDa [Source:HGNC Symbol;Acc:7658]","NCBP1","t_24h",-1.01434002742531,0.0827431402183306,7,7,-1.01434002742531,0.0827431402183311
"257","ENSG00000137801",17,2,1,17,"THBS1","THBS1","THBS1: 
thrombospondin 1 [Source:HGNC Symbol;Acc:11785]","THBS1","t_24h",0.949598721390382,-1.24291271913389,7,8,0.949598721390382,-1.24291271913389
"258","ENSG00000138107",14,1,1,14,"ACTR1A","ACTR1A","ACTR1A: 
ARP1 actin-related protein 1 homolog A, centractin alpha (yeast) [Source:HGNC Symbol;Acc:167]","ACTR1A","t_24h",-1.23499032386453,-1.22138148173499,7,8,-1.23499032386453,-1.22138148173499
"259","ENSG00000140416",30,21,1,30,"TPM1","TPM1","TPM1: 
tropomyosin 1 (alpha) [Source:HGNC Symbol;Acc:12010]","TPM1","t_24h",-1.24729671654306,-1.16299428782801,7,8,-1.24729671654306,-1.16299428782801
"260","ENSG00000143870",36,1,2,36,"PDIA6","PDIA6","PDIA6: 
protein disulfide isomerase family A, member 6 [Source:HGNC Symbol;Acc:30168]","PDIA6","t_24h",1.03343013484501,1.16928611433947,7,9,1.03343013484501,1.16928611433947
"261","ENSG00000147475",6,11,0,6,"ERLIN2","ERLIN2","ERLIN2: 
ER lipid raft associated 2 [Source:HGNC Symbol;Acc:1356]","ERLIN2","t_24h",0.861410896141725,1.06016799400193,7,7,0.861410896141725,1.06016799400193
"262","ENSG00000152952",29,12,1,29,"PLOD2","PLOD2","PLOD2: 
procollagen-lysine, 2-oxoglutarate 5-dioxygenase 2 [Source:HGNC Symbol;Acc:9082]","PLOD2","t_24h",-0.642386251346191,-0.500432729801274,7,8,-0.642386251346191,-0.500432729801274
"263","ENSG00000158710",25,7,1,25,"TAGLN2","TAGLN2","TAGLN2: 
transgelin 2 [Source:HGNC Symbol;Acc:11554]","TAGLN2","t_24h",-1.17526491199252,-1.06169615359899,7,8,-1.17526491199252,-1.06169615359899
"264","ENSG00000164294",31,21,1,31,"GPX8","GPX8","GPX8: 
glutathione peroxidase 8 (putative) [Source:HGNC Symbol;Acc:33100]","GPX8","t_24h",1.11827364194307,0.769804218706743,7,8,1.11827364194307,0.769804218706743
"265","ENSG00000166598",37,1,2,37,"HSP90B1","HSP90B1","HSP90B1: 
heat shock protein 90kDa beta (Grp94), member 1 [Source:HGNC Symbol;Acc:12028]","HSP90B1","t_24h",0.904050184462191,1.17396902329393,7,9,0.904050184462191,1.17396902329393
"266","ENSG00000166794",15,1,1,15,"PPIB","PPIB","PPIB: 
peptidylprolyl isomerase B (cyclophilin B) [Source:HGNC Symbol;Acc:9255]","PPIB","t_24h",1.1203281491649,1.26622253648556,7,8,1.1203281491649,1.26622253648556
"267","ENSG00000167085",2,1,0,2,"PHB","PHB","PHB: 
prohibitin [Source:HGNC Symbol;Acc:8912]","PHB","t_24h",0.956002823376329,-0.148844951454395,7,7,0.956002823376329,-0.148844951454396
"268","ENSG00000176393",23,5,1,23,"RNPEP","RNPEP","RNPEP: 
arginyl aminopeptidase (aminopeptidase B) [Source:HGNC Symbol;Acc:10078]","RNPEP","t_24h",-1.13489864330156,0.0884909428841268,7,8,-1.13489864330156,0.0884909428841267
"269","ENSG00000182919",19,3,1,19,"C11orf54","C11orf54","C11orf54: 
chromosome 11 open reading frame 54 [Source:HGNC Symbol;Acc:30204]","C11orf54","t_24h",0.686304746707817,1.18319165484456,7,8,0.686304746707817,1.18319165484456
"270","ENSG00000184009",34,41,1,34,"ACTG1","ACTG1","ACTG1: 
actin, gamma 1 [Source:HGNC Symbol;Acc:144]","ACTG1","t_24h",-0.743247766268657,-0.796587142128731,7,8,-0.743247766268657,-0.796587142128731
"271","ENSG00000189091",11,29,0,11,"SF3B3","SF3B3","SF3B3: 
splicing factor 3b, subunit 3, 130kDa [Source:HGNC Symbol;Acc:10770]","SF3B3","t_24h",-1.03227021459969,-0.73268919107268,7,7,-1.03227021459969,-0.732689191072681
"272","ENSG00000197747",35,41,1,35,"S100A10","S100A10","S100A10: 
S100 calcium binding protein A10 [Source:HGNC Symbol;Acc:10487]","S100A10","t_24h",-1.03924280646874,-0.19483860695057,7,8,-1.03924280646874,-0.19483860695057
"273","ENSG00000198034",8,24,0,8,"RPS4X","RPS4X","RPS4X: 
ribosomal protein S4, X-linked [Source:HGNC Symbol;Acc:10424]","RPS4X","t_24h",1.05671432498356,0.987379845288707,7,7,1.05671432498356,0.987379845288708
"274","ENSG00000049860",12,34,0,12,"HEXB","HEXB","HEXB: 
hexosaminidase B (beta polypeptide) [Source:HGNC Symbol;Acc:4879]","HEXB","t_30h",-0.636162554746533,0.963054831466613,8,8,-0.636162554746533,0.963054831466613
"275","ENSG00000070081",38,4,2,38,"NUCB2","NUCB2","NUCB2: 
nucleobindin 2 [Source:HGNC Symbol;Acc:8044]","NUCB2","t_30h",2.12616919920848,0.792829437857371,8,10,2.12616919920848,0.792829437857371
"276","ENSG00000075624",24,7,1,24,"ACTB","ACTB","ACTB: 
actin, beta [Source:HGNC Symbol;Acc:132]","ACTB","t_30h",-1.36196196928743,-1.17680898598653,8,9,-1.36196196928743,-1.17680898598653
"277","ENSG00000077809",16,2,1,16,"GTF2I","GTF2I","GTF2I: 
general transcription factor IIi [Source:HGNC Symbol;Acc:4659]","GTF2I","t_30h",-1.66927943526928,1.86866190017841,8,9,-1.66927943526928,1.86866190017841
"278","ENSG00000086062",28,12,1,28,"B4GALT1","B4GALT1","B4GALT1: 
UDP-Gal:betaGlcNAc beta 1,4- galactosyltransferase, polypeptide 1 [Source:HGNC Symbol;Acc:924]","B4GALT1","t_30h",-0.259487756360041,-0.413332246214139,8,9,-0.259487756360042,-0.413332246214139
"279","ENSG00000108848",32,41,1,32,"LUC7L3","LUC7L3","LUC7L3: 
LUC7-like 3 (S. cerevisiae) [Source:HGNC Symbol;Acc:24309]","LUC7L3","t_30h",-0.997703692694173,1.52313483434746,8,9,-0.997703692694174,1.52313483434746
"280","ENSG00000109814",18,3,1,18,"UGDH","UGDH","UGDH: 
UDP-glucose 6-dehydrogenase [Source:HGNC Symbol;Acc:12525]","UGDH","t_30h",2.03173744135319,1.59881397867761,8,9,2.03173744135319,1.59881397867761
"281","ENSG00000110711",3,9,0,3,"AIP","AIP","AIP: 
aryl hydrocarbon receptor interacting protein [Source:HGNC Symbol;Acc:358]","AIP","t_30h",0.0796128529275834,1.2401520229551,8,8,0.0796128529275835,1.2401520229551
"282","ENSG00000113387",26,8,1,26,"SUB1","SUB1","SUB1: 
SUB1 homolog (S. cerevisiae) [Source:HGNC Symbol;Acc:19985]","SUB1","t_30h",-1.45358315500953,0.95219229718456,8,9,-1.45358315500953,0.95219229718456
"283","ENSG00000115641",22,5,1,22,"FHL2","FHL2","FHL2: 
four and a half LIM domains 2 [Source:HGNC Symbol;Acc:3703]","FHL2","t_30h",-1.30269781543765,-0.519286723325685,8,9,-1.30269781543765,-0.519286723325685
"284","ENSG00000116459",1,1,0,1,"ATP5F1","ATP5F1","ATP5F1: 
ATP synthase, H+ transporting, mitochondrial Fo complex, subunit B1 [Source:HGNC Symbol;Acc:840]","ATP5F1","t_30h",1.93557561914697,0.950643527350871,8,8,1.93557561914697,0.950643527350871
"285","ENSG00000122565",9,29,0,9,"CBX3","CBX3","CBX3: 
chromobox homolog 3 [Source:HGNC Symbol;Acc:1553]","CBX3","t_30h",-1.40765908203121,0.731381620963299,8,8,-1.40765908203121,0.731381620963299
"286","ENSG00000124783",39,4,2,39,"SSR1","SSR1","SSR1: 
signal sequence receptor, alpha [Source:HGNC Symbol;Acc:11323]","SSR1","t_30h",1.96204191483058,0.696454713977357,8,10,1.96204191483058,0.696454713977357
"287","ENSG00000124942",27,8,1,27,"AHNAK","AHNAK","AHNAK: 
AHNAK nucleoprotein [Source:HGNC Symbol;Acc:347]","AHNAK","t_30h",-1.3549748675587,1.61081653532562,8,9,-1.3549748675587,1.61081653532562
"288","ENSG00000130635",20,4,1,20,"COL5A1","COL5A1","COL5A1: 
collagen, type V, alpha 1 [Source:HGNC Symbol;Acc:2209]","COL5A1","t_30h",-1.11474784150098,-0.720476341475761,8,9,-1.11474784150098,-0.720476341475761
"289","ENSG00000131238",21,4,1,21,"PPT1","PPT1","PPT1: 
palmitoyl-protein thioesterase 1 [Source:HGNC Symbol;Acc:9325]","PPT1","t_30h",-1.14441961700013,0.674171652133913,8,9,-1.14441961700013,0.674171652133913
"290","ENSG00000132589",4,9,0,4,"FLOT2","FLOT2","FLOT2: 
flotillin 2 [Source:HGNC Symbol;Acc:3758]","FLOT2","t_30h",-0.161652093032665,1.03062220352212,8,8,-0.161652093032665,1.03062220352212
"291","ENSG00000134056",7,24,0,7,"MRPS36","MRPS36","MRPS36: 
mitochondrial ribosomal protein S36 [Source:HGNC Symbol;Acc:16631]","MRPS36","t_30h",-1.38990882095327,-1.3524315085171,8,8,-1.38990882095327,-1.3524315085171
"292","ENSG00000134717",5,11,0,5,"BTF3L4","BTF3L4","BTF3L4: 
basic transcription factor 3-like 4 [Source:HGNC Symbol;Acc:30547]","BTF3L4","t_30h",-1.7699370444666,-1.77799068975125,8,8,-1.7699370444666,-1.77799068975125
"293","ENSG00000135046",33,41,1,33,"ANXA1","ANXA1","ANXA1: 
annexin A1 [Source:HGNC Symbol;Acc:533]","ANXA1","t_30h",1.25930198342788,0.265868940978543,8,9,1.25930198342788,0.265868940978544
"294","ENSG00000136448",10,29,0,10,"NMT1","NMT1","NMT1: 
N-myristoyltransferase 1 [Source:HGNC Symbol;Acc:7857]","NMT1","t_30h",-1.37178938441437,-0.0849214506550533,8,8,-1.37178938441437,-0.0849214506550536
"295","ENSG00000136937",13,34,0,13,"NCBP1","NCBP1","NCBP1: 
nuclear cap binding protein subunit 1, 80kDa [Source:HGNC Symbol;Acc:7658]","NCBP1","t_30h",-1.10000286913738,0.565009733297205,8,8,-1.10000286913738,0.565009733297206
"296","ENSG00000137801",17,2,1,17,"THBS1","THBS1","THBS1: 
thrombospondin 1 [Source:HGNC Symbol;Acc:11785]","THBS1","t_30h",0.896757461820603,-1.69316728863313,8,9,0.896757461820603,-1.69316728863313
"297","ENSG00000138107",14,1,1,14,"ACTR1A","ACTR1A","ACTR1A: 
ARP1 actin-related protein 1 homolog A, centractin alpha (yeast) [Source:HGNC Symbol;Acc:167]","ACTR1A","t_30h",-1.73981068231784,-1.4197219120583,8,9,-1.73981068231784,-1.4197219120583
"298","ENSG00000140416",30,21,1,30,"TPM1","TPM1","TPM1: 
tropomyosin 1 (alpha) [Source:HGNC Symbol;Acc:12010]","TPM1","t_30h",-1.73955449516459,-1.40433712840784,8,9,-1.73955449516459,-1.40433712840784
"299","ENSG00000143870",36,1,2,36,"PDIA6","PDIA6","PDIA6: 
protein disulfide isomerase family A, member 6 [Source:HGNC Symbol;Acc:30168]","PDIA6","t_30h",1.98175127292231,1.0555994925663,8,10,1.98175127292231,1.0555994925663
"300","ENSG00000147475",6,11,0,6,"ERLIN2","ERLIN2","ERLIN2: 
ER lipid raft associated 2 [Source:HGNC Symbol;Acc:1356]","ERLIN2","t_30h",2.0338390417656,1.96788857089662,8,8,2.0338390417656,1.96788857089662
"301","ENSG00000152952",29,12,1,29,"PLOD2","PLOD2","PLOD2: 
procollagen-lysine, 2-oxoglutarate 5-dioxygenase 2 [Source:HGNC Symbol;Acc:9082]","PLOD2","t_30h",0.425251586631344,0.0259192313174631,8,9,0.425251586631344,0.0259192313174629
"302","ENSG00000158710",25,7,1,25,"TAGLN2","TAGLN2","TAGLN2: 
transgelin 2 [Source:HGNC Symbol;Acc:11554]","TAGLN2","t_30h",-1.83500930678417,-1.04240276395811,8,9,-1.83500930678417,-1.04240276395811
"303","ENSG00000164294",31,21,1,31,"GPX8","GPX8","GPX8: 
glutathione peroxidase 8 (putative) [Source:HGNC Symbol;Acc:33100]","GPX8","t_30h",1.87260034323277,0.733198082336159,8,9,1.87260034323277,0.733198082336159
"304","ENSG00000166598",37,1,2,37,"HSP90B1","HSP90B1","HSP90B1: 
heat shock protein 90kDa beta (Grp94), member 1 [Source:HGNC Symbol;Acc:12028]","HSP90B1","t_30h",2.09825017304978,0.9786335828386,8,10,2.09825017304978,0.9786335828386
"305","ENSG00000166794",15,1,1,15,"PPIB","PPIB","PPIB: 
peptidylprolyl isomerase B (cyclophilin B) [Source:HGNC Symbol;Acc:9255]","PPIB","t_30h",1.80462221081912,1.07021839224004,8,9,1.80462221081912,1.07021839224004
"306","ENSG00000167085",2,1,0,2,"PHB","PHB","PHB: 
prohibitin [Source:HGNC Symbol;Acc:8912]","PHB","t_30h",1.9304690376226,0.885652466863579,8,8,1.9304690376226,0.885652466863579
"307","ENSG00000176393",23,5,1,23,"RNPEP","RNPEP","RNPEP: 
arginyl aminopeptidase (aminopeptidase B) [Source:HGNC Symbol;Acc:10078]","RNPEP","t_30h",-1.36587874652733,1.5117589125396,8,9,-1.36587874652733,1.5117589125396
"308","ENSG00000182919",19,3,1,19,"C11orf54","C11orf54","C11orf54: 
chromosome 11 open reading frame 54 [Source:HGNC Symbol;Acc:30204]","C11orf54","t_30h",2.21345880662321,1.66072659832421,8,9,2.21345880662321,1.66072659832421
"309","ENSG00000184009",34,41,1,34,"ACTG1","ACTG1","ACTG1: 
actin, gamma 1 [Source:HGNC Symbol;Acc:144]","ACTG1","t_30h",-1.42521373662492,-0.578773248718885,8,9,-1.42521373662492,-0.578773248718885
"310","ENSG00000189091",11,29,0,11,"SF3B3","SF3B3","SF3B3: 
splicing factor 3b, subunit 3, 130kDa [Source:HGNC Symbol;Acc:10770]","SF3B3","t_30h",-1.58743716533807,-0.596795474448589,8,8,-1.58743716533807,-0.596795474448589
"311","ENSG00000197747",35,41,1,35,"S100A10","S100A10","S100A10: 
S100 calcium binding protein A10 [Source:HGNC Symbol;Acc:10487]","S100A10","t_30h",-1.26722793072968,0.773807599117416,8,9,-1.26722793072968,0.773807599117416
"312","ENSG00000198034",8,24,0,8,"RPS4X","RPS4X","RPS4X: 
ribosomal protein S4, X-linked [Source:HGNC Symbol;Acc:10424]","RPS4X","t_30h",1.6311675937341,1.61902697644805,8,8,1.6311675937341,1.61902697644805
