"","X","id","edges","delay","X.1","accession","external_gene_name.1","description","external_gene_name.y"
"1",1,"ENSG00000116459",1,0,1,"ATP5F1","ATP5F1","ATP5F1: 
ATP synthase, H+ transporting, mitochondrial Fo complex, subunit B1 [Source:HGNC Symbol;Acc:840]","ATP5F1"
"2",2,"ENSG00000167085",1,0,2,"PHB","PHB","PHB: 
prohibitin [Source:HGNC Symbol;Acc:8912]","PHB"
"3",3,"ENSG00000110711",9,0,3,"AIP","AIP","AIP: 
aryl hydrocarbon receptor interacting protein [Source:HGNC Symbol;Acc:358]","AIP"
"4",4,"ENSG00000132589",9,0,4,"FLOT2","FLOT2","FLOT2: 
flotillin 2 [Source:HGNC Symbol;Acc:3758]","FLOT2"
"5",5,"ENSG00000134717",11,0,5,"BTF3L4","BTF3L4","BTF3L4: 
basic transcription factor 3-like 4 [Source:HGNC Symbol;Acc:30547]","BTF3L4"
"6",6,"ENSG00000147475",11,0,6,"ERLIN2","ERLIN2","ERLIN2: 
ER lipid raft associated 2 [Source:HGNC Symbol;Acc:1356]","ERLIN2"
"7",7,"ENSG00000134056",24,0,7,"MRPS36","MRPS36","MRPS36: 
mitochondrial ribosomal protein S36 [Source:HGNC Symbol;Acc:16631]","MRPS36"
"8",8,"ENSG00000198034",24,0,8,"RPS4X","RPS4X","RPS4X: 
ribosomal protein S4, X-linked [Source:HGNC Symbol;Acc:10424]","RPS4X"
"9",9,"ENSG00000122565",29,0,9,"CBX3","CBX3","CBX3: 
chromobox homolog 3 [Source:HGNC Symbol;Acc:1553]","CBX3"
"10",10,"ENSG00000136448",29,0,10,"NMT1","NMT1","NMT1: 
N-myristoyltransferase 1 [Source:HGNC Symbol;Acc:7857]","NMT1"
"11",11,"ENSG00000189091",29,0,11,"SF3B3","SF3B3","SF3B3: 
splicing factor 3b, subunit 3, 130kDa [Source:HGNC Symbol;Acc:10770]","SF3B3"
"12",12,"ENSG00000049860",34,0,12,"HEXB","HEXB","HEXB: 
hexosaminidase B (beta polypeptide) [Source:HGNC Symbol;Acc:4879]","HEXB"
"13",13,"ENSG00000136937",34,0,13,"NCBP1","NCBP1","NCBP1: 
nuclear cap binding protein subunit 1, 80kDa [Source:HGNC Symbol;Acc:7658]","NCBP1"
"14",14,"ENSG00000138107",1,1,14,"ACTR1A","ACTR1A","ACTR1A: 
ARP1 actin-related protein 1 homolog A, centractin alpha (yeast) [Source:HGNC Symbol;Acc:167]","ACTR1A"
"15",15,"ENSG00000166794",1,1,15,"PPIB","PPIB","PPIB: 
peptidylprolyl isomerase B (cyclophilin B) [Source:HGNC Symbol;Acc:9255]","PPIB"
"16",16,"ENSG00000077809",2,1,16,"GTF2I","GTF2I","GTF2I: 
general transcription factor IIi [Source:HGNC Symbol;Acc:4659]","GTF2I"
"17",17,"ENSG00000137801",2,1,17,"THBS1","THBS1","THBS1: 
thrombospondin 1 [Source:HGNC Symbol;Acc:11785]","THBS1"
"18",18,"ENSG00000109814",3,1,18,"UGDH","UGDH","UGDH: 
UDP-glucose 6-dehydrogenase [Source:HGNC Symbol;Acc:12525]","UGDH"
"19",19,"ENSG00000182919",3,1,19,"C11orf54","C11orf54","C11orf54: 
chromosome 11 open reading frame 54 [Source:HGNC Symbol;Acc:30204]","C11orf54"
"20",20,"ENSG00000130635",4,1,20,"COL5A1","COL5A1","COL5A1: 
collagen, type V, alpha 1 [Source:HGNC Symbol;Acc:2209]","COL5A1"
"21",21,"ENSG00000131238",4,1,21,"PPT1","PPT1","PPT1: 
palmitoyl-protein thioesterase 1 [Source:HGNC Symbol;Acc:9325]","PPT1"
"22",22,"ENSG00000115641",5,1,22,"FHL2","FHL2","FHL2: 
four and a half LIM domains 2 [Source:HGNC Symbol;Acc:3703]","FHL2"
"23",23,"ENSG00000176393",5,1,23,"RNPEP","RNPEP","RNPEP: 
arginyl aminopeptidase (aminopeptidase B) [Source:HGNC Symbol;Acc:10078]","RNPEP"
"24",24,"ENSG00000075624",7,1,24,"ACTB","ACTB","ACTB: 
actin, beta [Source:HGNC Symbol;Acc:132]","ACTB"
"25",25,"ENSG00000158710",7,1,25,"TAGLN2","TAGLN2","TAGLN2: 
transgelin 2 [Source:HGNC Symbol;Acc:11554]","TAGLN2"
"26",26,"ENSG00000113387",8,1,26,"SUB1","SUB1","SUB1: 
SUB1 homolog (S. cerevisiae) [Source:HGNC Symbol;Acc:19985]","SUB1"
"27",27,"ENSG00000124942",8,1,27,"AHNAK","AHNAK","AHNAK: 
AHNAK nucleoprotein [Source:HGNC Symbol;Acc:347]","AHNAK"
"28",28,"ENSG00000086062",12,1,28,"B4GALT1","B4GALT1","B4GALT1: 
UDP-Gal:betaGlcNAc beta 1,4- galactosyltransferase, polypeptide 1 [Source:HGNC Symbol;Acc:924]","B4GALT1"
"29",29,"ENSG00000152952",12,1,29,"PLOD2","PLOD2","PLOD2: 
procollagen-lysine, 2-oxoglutarate 5-dioxygenase 2 [Source:HGNC Symbol;Acc:9082]","PLOD2"
"30",30,"ENSG00000140416",21,1,30,"TPM1","TPM1","TPM1: 
tropomyosin 1 (alpha) [Source:HGNC Symbol;Acc:12010]","TPM1"
"31",31,"ENSG00000164294",21,1,31,"GPX8","GPX8","GPX8: 
glutathione peroxidase 8 (putative) [Source:HGNC Symbol;Acc:33100]","GPX8"
"32",32,"ENSG00000108848",41,1,32,"LUC7L3","LUC7L3","LUC7L3: 
LUC7-like 3 (S. cerevisiae) [Source:HGNC Symbol;Acc:24309]","LUC7L3"
"33",33,"ENSG00000135046",41,1,33,"ANXA1","ANXA1","ANXA1: 
annexin A1 [Source:HGNC Symbol;Acc:533]","ANXA1"
"34",34,"ENSG00000184009",41,1,34,"ACTG1","ACTG1","ACTG1: 
actin, gamma 1 [Source:HGNC Symbol;Acc:144]","ACTG1"
"35",35,"ENSG00000197747",41,1,35,"S100A10","S100A10","S100A10: 
S100 calcium binding protein A10 [Source:HGNC Symbol;Acc:10487]","S100A10"
"36",36,"ENSG00000143870",1,2,36,"PDIA6","PDIA6","PDIA6: 
protein disulfide isomerase family A, member 6 [Source:HGNC Symbol;Acc:30168]","PDIA6"
"37",37,"ENSG00000166598",1,2,37,"HSP90B1","HSP90B1","HSP90B1: 
heat shock protein 90kDa beta (Grp94), member 1 [Source:HGNC Symbol;Acc:12028]","HSP90B1"
"38",38,"ENSG00000070081",4,2,38,"NUCB2","NUCB2","NUCB2: 
nucleobindin 2 [Source:HGNC Symbol;Acc:8044]","NUCB2"
"39",39,"ENSG00000124783",4,2,39,"SSR1","SSR1","SSR1: 
signal sequence receptor, alpha [Source:HGNC Symbol;Acc:11323]","SSR1"
