"","id","edges","delay","X","accession","var","prt","trc","var.prt","var.trc","prt.norm","trc.norm"
"1","YBR006W",19,0,6675,"P38067","0min",1,1,1,1,-1.7126577189935,-1.27051769599443
"2","YBR006W",19,0,6675,"P38067","30min",1.4569768989709,3.01049349482213,2,2,-0.00666168255528145,1.36960257949075
"3","YBR006W",19,0,6675,"P38067","60min",1.58977733271035,2.37841423000544,3,3,0.489111767058866,0.539574883776199
"4","YBR006W",19,0,6675,"P38067","90min",1.57311934691827,1.79005014185594,4,4,0.426923814450483,-0.233047341807406
"5","YBR006W",19,0,6675,"P38067","120min",1.67393307952798,1.65863909162888,5,5,0.803283820039427,-0.405612425465117
"6","YBR017C",15,2,4948,"P38217","0min",1,1,1,3,1.46988174038466,-1.28827862699024
"7","YBR017C",15,2,4948,"P38217","30min",0.862914329349319,1.03526492384138,2,4,0.330118045551133,1.01908104325874
"8","YBR017C",15,2,4948,"P38217","60min",0.68864154076214,1.02811382665607,3,5,-1.11882841607585,0.55118968135943
"9","YBR017C",15,2,4948,"P38217","90min",0.82448693288784,1.02811382665607,4,6,0.0106233006527082,0.55118968135943
"10","YBR017C",15,2,4948,"P38217","120min",0.740003246408988,1.00695555005672,5,7,-0.691794670512653,-0.833181778987396
"11","YBR046C",8,1,4535,"P38230","0min",1,1,1,2,-1.26032427003886,-1.06647174934085
"12","YBR046C",8,1,4535,"P38230","30min",1.14590166879199,2.65737162819302,2,3,0.302994363901436,1.65454648779617
"13","YBR046C",8,1,4535,"P38230","60min",1.21889859716451,1.53687518128801,3,4,1.08514757222332,-0.185047731636598
"14","YBR046C",8,1,4535,"P38230","90min",1.04138175062811,1.48452357062905,4,5,-0.816923845645952,-0.270996884453847
"15","YBR046C",8,1,4535,"P38230","120min",1.18193677834794,1.5691681957935,5,6,0.689106179560052,-0.132030122364882
"16","YBR214W",12,0,6785,"P38314","0min",1,1,1,1,-1.72673490788797,-0.742784304130129
"17","YBR214W",12,0,6785,"P38314","30min",1.51218945682487,11.55143356418,2,2,0.469390019804884,1.75383326821402
"18","YBR214W",12,0,6785,"P38314","60min",1.43148180507264,3.31727818325777,3,3,0.12333821513209,-0.194483696715871
"19","YBR214W",12,0,6785,"P38314","90min",1.47328041185465,2.31337636781057,4,4,0.302558933312911,-0.432020984716455
"20","YBR214W",12,0,6785,"P38314","120min",1.5966300751714,2.51402674904366,5,5,0.831447739638085,-0.384544282651564
"21","YBR230W-A",5,1,3616,"Q3E762","0min",1,1,1,2,1.22480570037496,-0.953569100396332
"22","YBR230W-A",5,1,3616,"Q3E762","30min",0.789085834430418,0.933032991536807,2,3,-0.344000265315207,-1.21396663403411
"23","YBR230W-A",5,1,3616,"Q3E762","60min",0.663535114669235,1.46408569594563,3,4,-1.27786223530725,0.851002634165092
"24","YBR230W-A",5,1,3616,"Q3E762","90min",0.939824767400746,1.38510946811092,4,5,0.777214787580823,0.543907910716683
"25","YBR230W-A",5,1,3616,"Q3E762","120min",0.78422470059033,1.4439291955225,5,6,-0.380157987333325,0.772625189548665
"26","YDL110C",9,0,2484,"Q12513","0min",1,1,1,1,-1.69876653476137,-0.839513662956335
"27","YDL110C",9,0,2484,"Q12513","30min",1.44939594380631,7.56846117380477,2,2,0.481104188985183,1.73636781699728
"28","YDL110C",9,0,2484,"Q12513","60min",1.39405617371162,2.36198532285906,3,3,0.212669312456183,-0.30539879551789
"29","YDL110C",9,0,2484,"Q12513","90min",1.36974843281628,2.18858740252148,4,4,0.0947605207359823,-0.373398358861785
"30","YDL110C",9,0,2484,"Q12513","120min",1.53786381756456,2.58470566127498,5,5,0.91023251258402,-0.218056999661272
"31","YDL165W",21,0,61,"P06100","0min",1,1,1,1,1.58422503510264,-0.156279582569092
"32","YDL165W",21,0,61,"P06100","30min",0.880166428313674,0.907519155317161,2,2,-0.0536363146119643,-0.880295802628166
"33","YDL165W",21,0,61,"P06100","60min",0.896143497811933,1.23114441334492,3,3,0.164735083692007,1.65330925727865
"34","YDL165W",21,0,61,"P06100","90min",0.81419936250403,0.933032991536807,4,4,-0.955261008954826,-0.680552479323696
"35","YDL165W",21,0,61,"P06100","120min",0.829944267025962,1.02811382665607,5,5,-0.740062795227859,0.0638186072422987
"36","YDR027C",6,0,5438,"Q12071","0min",1,1,1,1,-1.61764245272513,-0.617980240467999
"37","YDR027C",6,0,5438,"Q12071","30min",1.1892127614407,1.45397251732031,2,2,-0.238451065463185,1.75864727536079
"38","YDR027C",6,0,5438,"Q12071","60min",1.329510358882,1.07922823650443,3,3,0.784192632410343,-0.203206218422616
"39","YDR027C",6,0,5438,"Q12071","90min",1.33135093137928,1.05701804056138,4,4,0.79760875570214,-0.319480576002175
"40","YDR027C",6,0,5438,"Q12071","120min",1.25955655624243,1,5,5,0.274292130075826,-0.617980240467999
"41","YDR062W",93,2,2130,"P40970","0min",1,1,1,3,-0.683794812520788,1.11789654077333
"42","YDR062W",93,2,2130,"P40970","30min",1.1329239057523,0.959264119325264,2,4,1.08250109974594,0.0531075943751821
"43","YDR062W",93,2,2130,"P40970","60min",1.06688163168205,0.895025070927972,3,5,0.204929845223376,-1.62602705369429
"44","YDR062W",93,2,2130,"P40970","90min",1.10652615378935,0.965936328924846,4,6,0.731727165431446,0.22751145927289
"45","YDR062W",93,2,2130,"P40970","120min",0.950965731541605,0.965936328924846,5,7,-1.33536329787998,0.22751145927289
"46","YDR084C",5,1,3353,"P38962","0min",1,1,1,2,0.125448047585853,-0.911782220342509
"47","YDR084C",5,1,3353,"P38962","30min",0.899434277892141,0.972654947412286,2,3,-0.565498936466335,-1.18759645828983
"48","YDR084C",5,1,3353,"P38962","60min",0.827885005962358,1.18920711500272,3,4,-1.05708545933734,0.996644032314743
"49","YDR084C",5,1,3353,"P38962","90min",1.21360760728075,1.11728713807222,4,5,1.59306075823633,0.271227485147908
"50","YDR084C",5,1,3353,"P38962","120min",0.96777975507873,1.17283494923188,5,6,-0.0959244100185095,0.831507161169689
"51","YDR122W",9,0,2711,"P13185","0min",1,1,1,1,-1.72140410372397,-0.868301584952684
"52","YDR122W",9,0,2711,"P13185","30min",1.38385997483654,2.21913894413569,2,2,0.538537062870995,1.71564816505713
"53","YDR122W",9,0,2711,"P13185","60min",1.33968302597048,1.35660432744767,3,3,0.278449239441427,-0.112483171314778
"54","YDR122W",9,0,2711,"P13185","90min",1.30792846576414,1.18920711500272,4,4,0.0914971148600765,-0.467279470235508
"55","YDR122W",9,0,2711,"P13185","120min",1.43046512210249,1.2834258975629,5,5,0.812920686551473,-0.26758393855416
"56","YDR177W",164,2,6222,"P21734","0min",1,1,1,3,1.40703329151106,-0.00912446843698091
"57","YDR177W",164,2,6222,"P21734","30min",0.875705997876605,0.939522749214012,2,4,0.221234361039978,-0.459919121655778
"58","YDR177W",164,2,6222,"P21734","60min",0.855898763190336,1.22264027769207,3,5,0.0322679000256332,1.65042594879174
"59","YDR177W",164,2,6222,"P21734","90min",0.708481360617225,0.979420297586927,4,6,-1.37413462397128,-0.162524626216586
"60","YDR177W",164,2,6222,"P21734","120min",0.822496284030746,0.864537231307865,5,7,-0.286400928605394,-1.0188577324824
"61","YDR204W",37,1,1964,"O13525","0min",1,1,1,2,0.502927578734732,-1.09912148088189
"62","YDR204W",37,1,1964,"O13525","30min",0.785977152700426,2.09943336724613,2,3,-1.76127422849388,1.57384694001394
"63","YDR204W",37,1,1964,"O13525","60min",1.00138345963776,1.4742692172911,3,4,0.517563547985524,0.0539330639309998
"64","YDR204W",37,1,1964,"O13525","90min",0.96604967061815,1.22264027769207,4,5,0.143758461454489,-0.557833168902592
"65","YDR204W",37,1,1964,"O13525","120min",1.00889449031377,1.46408569594563,5,6,0.597024640319133,0.0291746458395455
"66","YDR392W",2,2,3556,"P06844","0min",1,1,1,3,1.30157437479028,-0.17508516265674
"67","YDR392W",2,2,3556,"P06844","30min",0.894100883269997,1.23970769993899,2,4,-0.0368685341839519,1.62683710447225
"68","YDR392W",2,2,3556,"P06844","60min",0.779677429296621,1.04246576084112,3,5,-1.48304925145537,0.144136956906661
"69","YDR392W",2,2,3556,"P06844","90min",0.921605368596604,0.933032991536807,4,6,0.310756493173358,-0.678487196648793
"70","YDR392W",2,2,3556,"P06844","120min",0.889706135800537,0.90125046261083,5,7,-0.0924130823243128,-0.917401702073386
"71","YEL037C",21,0,1204,"P32628","0min",1,1,1,1,1.55835698699556,0.471468163583909
"72","YEL037C",21,0,1204,"P32628","30min",0.835541140625789,0.882702996290655,2,2,0.0691502919009267,-0.260157153771279
"73","YEL037C",21,0,1204,"P32628","60min",0.840651351583538,1.16473358646846,3,3,0.115424237862753,1.4989732035054
"74","YEL037C",21,0,1204,"P32628","90min",0.717158056629898,0.784584097896751,4,4,-1.00283136930884,-0.872161449753669
"75","YEL037C",21,0,1204,"P32628","120min",0.746172482371576,0.790041311863377,5,5,-0.740100147450394,-0.838122763564364
"76","YEL056W",2,2,6245,"P39984","0min",1,1,1,3,1.51916694694886,-0.945836911087299
"77","YEL056W",2,2,6245,"P39984","30min",0.936162128135303,1.34723357686569,2,4,0.336624432590549,1.55006626585556
"78","YEL056W",2,2,6245,"P39984","60min",0.869820404818704,1.18920711500272,3,5,-0.892299809494958,0.414177416150841
"79","YEL056W",2,2,6245,"P39984","90min",0.913524946780165,1.07177346253629,4,6,-0.0827101814208183,-0.42993169598244
"80","YEL056W",2,2,6245,"P39984","120min",0.870442210349363,1.04971668362307,5,7,-0.880781388623633,-0.588475074936661
"81","YER034W",50,2,5239,"P40022","0min",1,1,1,3,1.44947079266168,-0.983208797392655
"82","YER034W",50,2,5239,"P40022","30min",0.718895097793332,1.43395524801583,2,4,-0.248538847889677,1.19907630840814
"83","YER034W",50,2,5239,"P40022","60min",0.552203450540195,1.38510946811092,3,5,-1.25543706209129,0.953439417380599
"84","YER034W",50,2,5239,"P40022","90min",0.824202456712507,1.07177346253629,4,6,0.387568559921724,-0.622272597171864
"85","YER034W",50,2,5239,"P40022","120min",0.704902080696519,1.08673486252606,5,7,-0.333063442602437,-0.547034331224217
"86","YER122C",164,2,6591,"P38682","0min",1,1,1,3,1.30556982943462,0.779495402450314
"87","YER122C",164,2,6591,"P38682","30min",0.949062139245394,0.959264119325264,2,4,0.396021219972393,-0.13882867667543
"88","YER122C",164,2,6591,"P38682","60min",0.9217877152594,1.01395947979003,3,5,-0.0909920554742186,1.09418913708715
"89","YER122C",164,2,6591,"P38682","90min",0.845633372383834,0.952637998043937,4,6,-1.45080724285855,-0.288203788322985
"90","YER122C",164,2,6591,"P38682","120min",0.91793469489526,0.90125046261083,5,7,-0.159791751074245,-1.44665207453905
"91","YER182W",37,1,2191,"P40098","0min",1,1,1,2,0.0424753597014309,-0.926875315982877
"92","YER182W",37,1,2191,"P40098","30min",0.833045158615,1.38510946811092,2,3,-1.7055993086648,1.6469525393144
"93","YER182W",37,1,2191,"P40098","60min",1.03011021248496,1.15668818390529,3,4,0.357739650736322,0.120329299135051
"94","YER182W",37,1,2191,"P40098","90min",1.03597014538518,1.04971668362307,4,5,0.419095165654187,-0.594600480441324
"95","YER182W",37,1,2191,"P40098","120min",1.08059083353682,1.10190511587661,5,6,0.886289132572855,-0.245806042025246
"96","YFL016C",10,0,841,"P35191","0min",1,1,1,1,-1.71134795039035,-0.566712767548814
"97","YFL016C",10,0,841,"P35191","30min",1.52259174024016,2.18858740252148,2,2,-0.0174845643209925,1.71135314232901
"98","YFL016C",10,0,841,"P35191","60min",1.64169468031019,1.32868581409651,3,3,0.368560782023611,0.0632517992682842
"99","YFL016C",10,0,841,"P35191","90min",1.71603268038396,1.02811382665607,4,4,0.609510660911305,-0.512829351011221
"100","YFL016C",10,0,841,"P35191","120min",1.75961134123153,0.933032991536807,5,5,0.75076107177642,-0.695062823037259
"101","YFR004W",6,1,5423,"P43588","0min",1,1,1,2,1.33776803773144,0.159268253510906
"102","YFR004W",6,1,5423,"P43588","30min",0.912938619216299,1.38510946811092,2,3,0.206002757224845,1.58683922833237
"103","YFR004W",6,1,5423,"P43588","60min",0.931072463290897,0.946057646725596,3,4,0.441735925490796,-0.0406918726990381
"104","YFR004W",6,1,5423,"P43588","90min",0.822960375219124,0.732042847972813,4,5,-0.963680650507388,-0.834028158042534
"105","YFR004W",6,1,5423,"P43588","120min",0.818487521537168,0.721964597761248,5,6,-1.02182606993969,-0.871387451101707
"106","YGL036W",8,1,4126,"P53185","0min",1,1,1,2,-1.40237941247761,-0.68206341795604
"107","YGL036W",8,1,4126,"P53185","30min",7.93886949826723,2.62078680771673,2,3,0.0232892208173093,1.75591724616399
"108","YGL036W",8,1,4126,"P53185","60min",12.2233785327445,1.33792755478611,3,4,0.903589699309985,-0.173754218671211
"109","YGL036W",8,1,4126,"P53185","90min",5.36778290777032,1.09429370126074,4,5,-0.504969381894842,-0.54022723115622
"110","YGL036W",8,1,4126,"P53185","120min",12.5975619077733,1.21419488439505,5,6,0.980469874245156,-0.359872378380515
"111","YGL097W",11,0,151,"P21827","0min",1,1,1,1,1.53171737367238,1.20567233868274
"112","YGL097W",11,0,151,"P21827","30min",0.841166836967409,0.535886731268147,2,2,0.0465731329920964,-1.51324385910404
"113","YGL097W",11,0,151,"P21827","60min",0.858443418540303,0.768437590644006,3,3,0.208115062471662,-0.150890440306244
"114","YGL097W",11,0,151,"P21827","90min",0.732124443078148,0.876605721316035,4,4,-0.973010436223846,0.482791254190656
"115","YGL097W",11,0,151,"P21827","120min",0.749194975891693,0.790041311863377,5,5,-0.813395132912288,-0.0243292934631132
"116","YGL106W",203,0,6378,"P53141","0min",1,1,1,1,1.67760185709927,0.740479062222658
"117","YGL106W",203,0,6378,"P53141","30min",0.833522059881278,0.773782496771195,2,2,0.0497938027348953,-1.07907806769513
"118","YGL106W",203,0,6378,"P53141","60min",0.803392660152126,1.07177346253629,3,3,-0.244809070878878,1.31778149741358
"119","YGL106W",203,0,6378,"P53141","90min",0.74136453651754,0.870550563296124,4,4,-0.851315129143912,-0.300734116052694
"120","YGL106W",203,0,6378,"P53141","120min",0.76386867434167,0.823591017267573,5,5,-0.631271459811376,-0.678448375888413
"121","YGL122C",11,2,2803,"P32505","0min",1,1,1,3,0.652252293380027,0.511020534331329
"122","YGL122C",11,2,2803,"P32505","30min",1.03598357140993,1.26575659397028,2,4,1.06652367997926,1.50937716191094
"123","YGL122C",11,2,2803,"P32505","60min",0.937789525308476,0.752623373705534,3,5,-0.0639639853726945,-0.418288841137954
"124","YGL122C",11,2,2803,"P32505","90min",0.934825277523421,0.659753955386447,4,6,-0.0980907546738513,-0.767167481901584
"125","YGL122C",11,2,2803,"P32505","120min",0.808128779318052,0.641712948781452,5,7,-1.55672123331274,-0.834941373202729
"126","YGL167C",93,0,60,"P13586","0min",1,1,1,1,-1.44433654447511,-0.714089394845028
"127","YGL167C",93,0,60,"P13586","30min",1.26225118430868,1.30134185544193,2,2,1.35703725956623,1.75113612840669
"128","YGL167C",93,0,60,"P13586","60min",1.14302768884506,1.04971668362307,3,3,0.0834888563494467,-0.307365817666306
"129","YGL167C",93,0,60,"P13586","90min",1.15231415193003,1.02101212570719,4,4,0.182687090618634,-0.542192833993301
"130","YGL167C",93,0,60,"P13586","120min",1.11846628692677,1.06437018245336,5,5,-0.178876662059207,-0.187488081902059
"131","YGL181W",11,2,3129,"P40956","0min",1,1,1,3,0.691143887893558,-0.512223375028911
"132","YGL181W",11,2,3129,"P40956","30min",1.01874997927912,1.90527599608787,2,4,0.958134334258358,1.76152453247615
"133","YGL181W",11,2,3129,"P40956","60min",0.948282015421284,1.14076371586842,3,5,-0.0452946746351728,-0.158672407377497
"134","YGL181W",11,2,3129,"P40956","90min",0.952104721073942,0.952637998043937,4,6,0.00913876624125541,-0.6311807463811
"135","YGL181W",11,2,3129,"P40956","120min",0.838177941859716,1.02101212570719,5,7,-1.613122313758,-0.459448003688647
"136","YGL216W",1,0,3925,"P53086","0min",1,1,1,1,1.63570677004469,-1.1418349159128
"137","YGL216W",1,0,3925,"P53086","30min",0.818113902202679,1.02101212570719,2,2,-0.0380955798034959,-0.519880302641178
"138","YGL216W",1,0,3925,"P53086","60min",0.800746899503447,1.02811382665607,3,3,-0.197914995799689,-0.309671410462553
"139","YGL216W",1,0,3925,"P53086","90min",0.788588199439752,1.05701804056138,4,4,-0.309805134651253,0.545887395529418
"140","YGL216W",1,0,3925,"P53086","120min",0.703819059951439,1.08673486252606,5,5,-1.08989105979026,1.42549923348712
"141","YGR162W",35,0,3437,"P39935","0min",1,1,1,1,1.53634086584001,1.22227472996459
"142","YGR162W",35,0,3437,"P39935","30min",0.831892135847191,0.314253343630457,2,2,-0.0393616420025255,-1.54244806928265
"143","YGR162W",35,0,3437,"P39935","60min",0.863395443963765,0.768437590644006,3,3,0.255924017920555,0.288685237914425
"144","YGR162W",35,0,3437,"P39935","90min",0.728216756928856,0.737134608645551,4,4,-1.01112792662232,0.162481096469923
"145","YGR162W",35,0,3437,"P39935","120min",0.756953331247693,0.664342907048256,5,5,-0.741775315135714,-0.130992995066283
"146","YGR248W",10,0,4418,"P53315","0min",1,1,1,1,-1.72946804568717,-0.843489199675988
"147","YGR248W",10,0,4418,"P53315","30min",1.58807303817407,26.3549125525623,2,2,0.0231121393450386,1.72267164433255
"148","YGR248W",10,0,4418,"P53315","60min",1.71795730882036,8.45614432449104,3,3,0.410194328640476,-0.0888557307921908
"149","YGR248W",10,0,4418,"P53315","90min",1.80047740298642,5.24157361543345,4,4,0.656121403194813,-0.414201182754585
"150","YGR248W",10,0,4418,"P53315","120min",1.79508139480781,5.61777950295199,5,5,0.640040174506842,-0.376125531109792
"151","YGR256W",14,0,1456,"P53319","0min",1,1,1,1,-1.59292473331067,-0.808018853225035
"152","YGR256W",14,0,1456,"P53319","30min",2.33231802866612,7.83536238069542,2,2,-0.350566163200311,1.54504581441062
"153","YGR256W",14,0,1456,"P53319","60min",3.18928617592079,4.72397064571812,3,3,0.44853862945894,0.473953229849829
"154","YGR256W",14,0,1456,"P53319","90min",3.39980761063627,1.68179283050743,4,4,0.644845444335986,-0.573312552262083
"155","YGR256W",14,0,1456,"P53319","120min",3.61993201077651,1.49484924863494,5,5,0.850106822716051,-0.637667638773335
"156","YHR025W",19,0,6602,"P17423","0min",1,1,1,1,1.69909626858723,1.34207896770055
"157","YHR025W",19,0,6602,"P17423","30min",0.817526982671298,0.570381857934212,2,2,-0.0162120768087372,-1.29287280810842
"158","YHR025W",19,0,6602,"P17423","60min",0.771770318244518,0.707106781186548,3,3,-0.44634026506221,-0.454305848182599
"159","YHR025W",19,0,6602,"P17423","90min",0.782522944876307,0.757858283255199,4,4,-0.345261922266953,-0.143034634500269
"160","YHR025W",19,0,6602,"P17423","120min",0.724437801068018,0.870550563296124,5,5,-0.891282004449332,0.54813432309074
"161","YHR043C",15,2,1523,"P38773","0min",1,1,1,3,1.4146686184113,-1.73429364305934
"162","YHR043C",15,2,1523,"P38773","30min",0.93159346991423,1.84037530124975,2,4,0.60388305741671,0.49464949383142
"163","YHR043C",15,2,1523,"P38773","60min",0.788598748492062,1.74110112659225,3,5,-1.09095594818949,0.231342742735492
"164","YHR043C",15,2,1523,"P38773","90min",0.84847912975472,1.95884059517385,4,6,-0.381226212537935,0.808857209668853
"165","YHR043C",15,2,1523,"P38773","120min",0.834545876822393,1.72907446261573,5,7,-0.546369515100591,0.199444196823581
"166","YHR179W",137,0,5481,"Q03558","0min",1,1,1,1,1.60710366619234,1.67059879690535
"167","YHR179W",137,0,5481,"Q03558","30min",0.855859503078076,0.687770909069872,2,2,0.231688964404549,0.174349865388944
"168","YHR179W",137,0,5481,"Q03558","60min",0.777585182163444,0.489710148793463,3,3,-0.515218768380334,-0.77478719309617
"169","YHR179W",137,0,5481,"Q03558","90min",0.727297134345893,0.52850902028069,4,4,-0.995076419557521,-0.588857144637628
"170","YHR179W",137,0,5481,"Q03558","120min",0.797153174740813,0.550952557938305,5,5,-0.328497442659034,-0.481304324560495
"171","YJL020C",93,2,1822,"P47068","0min",1,1,1,3,1.07481702260517,-1.09495660388565
"172","YJL020C",93,2,1822,"P47068","30min",0.920225479555736,1.43395524801583,2,4,-0.461351759985461,0.184963644093493
"173","YJL020C",93,2,1822,"P47068","60min",0.934702138649695,1.90527599608787,3,5,-0.182583656429327,1.57509078625468
"174","YJL020C",93,2,1822,"P47068","90min",0.874868598051442,1.31950791077289,4,6,-1.33476127789335,-0.152590665790518
"175","YJL020C",93,2,1822,"P47068","120min",0.991123081429087,1.19747870461893,5,7,0.903879671702974,-0.512507160672003
"176","YJL217W",137,0,2528,"P40893","0min",1,1,1,1,1.61775943194168,1.69521329908374
"177","YJL217W",137,0,2528,"P40893","30min",0.861939607281291,0.707106781186548,2,2,0.0645908953048203,0.100401697672462
"178","YJL217W",137,0,2528,"P40893","60min",0.799132588153757,0.574349177498517,3,3,-0.641983119645212,-0.622467091830243
"179","YJL217W",137,0,2528,"P40893","90min",0.768965985804481,0.554784736033923,4,4,-0.981355018446002,-0.728996011650475
"180","YJL217W",137,0,2528,"P40893","120min",0.85095258946624,0.607097442197523,5,5,-0.0590121891552883,-0.444151893275487
"181","YJR073C",6,2,6205,"P05375","0min",1,1,1,3,-0.208731869508453,-1.54897280220851
"182","YJR073C",6,2,6205,"P05375","30min",1.08539509264033,2.14354692507259,2,4,0.253135016727269,-0.47367255518534
"183","YJR073C",6,2,6205,"P05375","60min",0.851528576900952,3.45814892523146,3,5,-1.01175264929221,0.762474230324376
"184","YJR073C",6,2,6205,"P05375","90min",0.925446832592495,3.34035167771348,4,6,-0.611959247392377,0.651707101684948
"185","YJR073C",6,2,6205,"P05375","120min",1.33059285879189,3.29436406907029,5,7,1.57930874946577,0.608464025384531
"186","YJR109C",1,2,5940,"P03965","0min",1,1,1,3,1.24199059253361,-0.941275545218939
"187","YJR109C",1,2,5940,"P03965","30min",0.891713329407419,0.63287829698514,2,4,0.430828335329754,-1.17938880374299
"188","YJR109C",1,2,5940,"P03965","60min",0.883099833285203,2.9485384345822,3,5,0.366305685231842,0.322536515488746
"189","YJR109C",1,2,5940,"P03965","90min",0.720953312726174,3.89061978964914,4,6,-0.848314146504168,0.933565663064542
"190","YJR109C",1,2,5940,"P03965","120min",0.675231527888375,3.78423058690238,5,7,-1.19081046659103,0.864562170408643
"191","YKL021C",3,2,669,"P20484","0min",1,1,1,3,1.03084026444928,1.48189421563896
"192","YKL021C",3,2,669,"P20484","30min",0.959658793387371,0.463294030945185,2,4,0.713174659600296,-1.33787266865694
"193","YKL021C",3,2,669,"P20484","60min",0.905012945451999,0.721964597761248,3,5,0.282867591604923,0.0211409073137199
"194","YKL021C",3,2,669,"P20484","90min",0.691651011287108,0.702222437868999,4,6,-1.39724447145423,-0.0825812271478672
"195","YKL021C",3,2,669,"P20484","120min",0.789131408932786,0.702222437868999,5,7,-0.629638044200271,-0.0825812271478672
"196","YKL142W",12,2,375,"P35719","0min",1,1,1,3,1.04825795460556,-1.25498099820482
"197","YKL142W",12,2,375,"P35719","30min",0.921680701850342,3.43426174575101,2,4,-0.041012045695332,1.51811531610729
"198","YKL142W",12,2,375,"P35719","60min",0.909201626402812,2.23457427614444,3,5,-0.214571855826819,0.151438578858552
"199","YKL142W",12,2,375,"P35719","90min",0.977148870228358,1.98618499087407,4,6,0.730442924066495,-0.131524998373922
"200","YKL142W",12,2,375,"P35719","120min",0.815116289001732,1.85317612378074,5,7,-1.52311697714991,-0.283047898387103
"201","YKL173W",7,2,864,"P36048","0min",1,1,1,3,-1.71510857204175,1.71166596974276
"202","YKL173W",7,2,864,"P36048","30min",1.32220679314548,0.876605721316035,2,4,0.231678714723811,0.00243080139156158
"203","YKL173W",7,2,864,"P36048","60min",1.42751772880863,0.829319545814442,3,5,0.867971912346856,-0.652568725378665
"204","YKL173W",7,2,864,"P36048","90min",1.30566298906536,0.823591017267573,4,6,0.131720339720308,-0.731919263828581
"205","YKL173W",7,2,864,"P36048","120min",1.36392428706616,0.852634891767957,5,7,0.483737605250773,-0.329608781927077
"206","YLL062C",645,0,3846,"Q12525","0min",1,1,1,1,1.69350635022167,0.735409413422826
"207","YLL062C",645,0,3846,"Q12525","30min",0.769018009008825,0.524858341811534,2,2,-0.856652887068633,-1.06835132783761
"208","YLL062C",645,0,3846,"Q12525","60min",0.806254060873071,1.15668818390529,3,3,-0.445547842842667,1.33023832365837
"209","YLL062C",645,0,3846,"Q12525","90min",0.851360394348575,0.716977624007914,4,4,0.0524491329356166,-0.339016795929424
"210","YLL062C",645,0,3846,"Q12525","120min",0.806416470890066,0.63287829698514,5,5,-0.443754753245985,-0.658279613314154
"211","YLR009W",29,0,2885,"Q07915","0min",1,1,1,1,1.51093373367658,1.53282707109679
"212","YLR009W",29,0,2885,"Q07915","30min",0.878661156270375,0.141610485661975,2,2,0.409827140230679,-1.27387141309343
"213","YLR009W",29,0,2885,"Q07915","60min",0.802227982075829,0.489710148793463,3,3,-0.283776568826793,-0.135680905708533
"214","YLR009W",29,0,2885,"Q07915","90min",0.771261468973743,0.521232880420561,4,4,-0.564786595827824,-0.0326102115801925
"215","YLR009W",29,0,2885,"Q07915","120min",0.715346194135682,0.503477775028359,5,5,-1.07219770925264,-0.0906645407146291
"216","YLR114C",178,0,1344,"Q12500","0min",1,1,1,1,1.46395829978237,1.68524887664443
"217","YLR114C",178,0,1344,"Q12500","30min",0.832050699406235,0.829319545814442,2,2,-0.483089685398027,-0.326076873584033
"218","YLR114C",178,0,1344,"Q12500","60min",0.804848674965817,0.858565436437754,3,3,-0.798444656763174,0.018561375591717
"219","YLR114C",178,0,1344,"Q12500","90min",0.92590373738807,0.817902058557781,4,4,0.604955146343145,-0.460622368156368
"220","YLR114C",178,0,1344,"Q12500","120min",0.805803172167425,0.7791645796605,5,5,-0.787379103964311,-0.917111010495742
"221","YLR188W",169,0,3399,"P33310","0min",1,1,1,1,0.383822662995099,1.07132143933606
"222","YLR188W",169,0,3399,"P33310","30min",0.328915689168778,0.664342907048256,2,2,-1.73856823688612,-1.64236026345192
"223","YLR188W",169,0,3399,"P33310","60min",0.919074251583391,0.870550563296124,3,3,0.12788452044972,0.0247635825353924
"224","YLR188W",169,0,3399,"P33310","90min",1.12787172452225,0.907519155317161,4,4,0.788233524786801,0.323642986104987
"225","YLR188W",169,0,3399,"P33310","120min",1.01732889332653,0.895025070927972,5,5,0.438627528654501,0.222632255475487
"226","YLR197W",3,0,5376,"Q12460","0min",1,1,1,1,1.53611036688147,1.28017635474321
"227","YLR197W",3,0,5376,"Q12460","30min",0.834860460381226,0.243163736853071,2,2,0.184360221708793,-1.50312272712282
"228","YLR197W",3,0,5376,"Q12460","60min",0.820775782459595,0.611320138846034,3,3,0.0690700527448591,-0.149211153978251
"229","YLR197W",3,0,5376,"Q12460","90min",0.701347188626373,0.721964597761248,4,4,-0.908513022904416,0.257688773929264
"230","YLR197W",3,0,5376,"Q12460","120min",0.704705003720556,0.683020128377198,5,5,-0.881027618430703,0.114468752428597
"231","YLR270W",29,0,97,"Q06151","0min",1,1,1,1,-1.58641761209365,-0.93401571792786
"232","YLR270W",29,0,97,"Q06151","30min",1.24088470862884,9.18958683997628,2,2,-0.306892398776071,1.67662820783656
"233","YLR270W",29,0,97,"Q06151","60min",1.36801779619677,4.05583791916012,3,3,0.368409873070208,0.0401121419580527
"234","YLR270W",29,0,97,"Q06151","90min",1.40210675705858,2.49666109780322,4,4,0.549482740529372,-0.456916044860689
"235","YLR270W",29,0,97,"Q06151","120min",1.48229364561383,2.90794503464062,5,5,0.975417397270145,-0.325808587006059
"236","YLR344W",6,0,3145,"P05743","0min",1,1,1,1,1.60182464884722,0.697932458614634
"237","YLR344W",6,0,3145,"P05743","30min",0.874285728914568,0.469761374607006,2,2,0.325431179955418,-1.73747710956256
"238","YLR344W",6,0,3145,"P05743","60min",0.771272536829602,0.858565436437754,3,3,-0.72047525892131,0.0483172233700014
"239","YLR344W",6,0,3145,"P05743","90min",0.762982368072298,0.959264119325264,4,4,-0.804646428721452,0.510830748531092
"240","YLR344W",6,0,3145,"P05743","120min",0.802626521749821,0.952637998043937,5,5,-0.402134141159876,0.480396679046837
"241","YML016C",50,2,4641,"P26570","0min",1,1,1,3,1.49782004614073,-1.36416379982766
"242","YML016C",50,2,4641,"P26570","30min",0.897415563875662,1.93187265784969,2,4,-0.469436879977368,1.00719995041889
"243","YML016C",50,2,4641,"P26570","60min",0.857871826040907,1.89211529345119,3,5,-1.22776528805801,0.906028216335079
"244","YML016C",50,2,4641,"P26570","90min",0.92361862959447,1.31950791077289,4,6,0.0330580838627107,-0.551102625490616
"245","YML016C",50,2,4641,"P26570","120min",0.93056790631655,1.53687518128801,5,7,0.166324038031932,0.00203825856430464
"246","YML054C",12,0,5266,"P00175","0min",1,1,1,1,-1.72978817286264,-1.23924026275465
"247","YML054C",12,0,5266,"P00175","30min",2.35576557821259,1.34723357686569,2,2,0.290763286492566,1.5564800661097
"248","YML054C",12,0,5266,"P00175","60min",2.27868279088019,1.1328838852958,3,3,0.175883737300167,-0.169337453085867
"249","YML054C",12,0,5266,"P00175","90min",2.43851930535906,1.14076371586842,4,4,0.41409446323873,-0.105893696526529
"250","YML054C",12,0,5266,"P00175","120min",2.73036698329253,1.14869835499704,5,5,0.84904668583118,-0.0420086537426573
"251","YML073C",14,0,962,"Q02326","0min",1,1,1,1,1.54533936219197,1.07223279474487
"252","YML073C",14,0,962,"Q02326","30min",0.864283707781008,0.598739352309464,2,2,0.424067103924141,-1.45670831221254
"253","YML073C",14,0,962,"Q02326","60min",0.766868872292011,0.747424624317469,3,3,-0.380762963207998,-0.519620913923277
"254","YML073C",14,0,962,"Q02326","90min",0.730404168457666,0.876605721316035,4,4,-0.682030115050224,0.294541621879337
"255","YML073C",14,0,962,"Q02326","120min",0.703221110235082,0.926588061890371,5,5,-0.906613387857888,0.609554809511603
"256","YML093W",11,0,2768,"Q04500","0min",1,1,1,1,1.51032877012612,1.29611047297087
"257","YML093W",11,0,2768,"Q04500","30min",0.850805513747314,0.216134307826966,2,2,0.184582612199386,-1.47554138222474
"258","YML093W",11,0,2768,"Q04500","60min",0.844750784910477,0.641712948781452,3,3,0.130780131328007,0.0292519025319403
"259","YML093W",11,0,2768,"Q04500","90min",0.724597075426555,0.726986258660155,4,4,-0.936908914761572,0.330767748784598
"260","YML093W",11,0,2768,"Q04500","120min",0.730013030003133,0.582366793234228,5,5,-0.888782598891936,-0.180588742062671
"261","YMR008C",7,2,241,"P39105","0min",1,1,1,3,1.73698286304065,-1.6027823934117
"262","YMR008C",7,2,241,"P39105","30min",0.79736205120501,1.87904549842802,2,4,-0.507224366886675,-0.349077806701525
"263","YMR008C",7,2,241,"P39105","60min",0.771486304888701,2.58470566127498,3,5,-0.793797229019115,0.657342662320791
"264","YMR008C",7,2,241,"P39105","90min",0.822096520193601,2.67585510957222,4,6,-0.233291105803541,0.787341031700653
"265","YMR008C",7,2,241,"P39105","120min",0.824861400947603,2.47941539987797,5,7,-0.202670161331315,0.507176506091785
"266","YMR062C",1,0,3703,"Q04728","0min",1,1,1,1,1.63927234424862,-1.27305394002277
"267","YMR062C",1,0,3703,"Q04728","30min",0.808088444886118,1.60213975517924,2,2,-0.0733494738589011,-0.73810637904208
"268","YMR062C",1,0,3703,"Q04728","60min",0.799407434490655,2.54912125463852,3,3,-0.15081895086703,0.103202368756469
"269","YMR062C",1,0,3703,"Q04728","90min",0.779203266785645,3.45814892523146,4,4,-0.331121269858559,0.910792518825351
"270","YMR062C",1,0,3703,"Q04728","120min",0.694839750768241,3.55537072466628,5,5,-1.08398264966413,0.997165431483026
"271","YMR170C",8,2,3298,"P47771","0min",1,1,1,3,-1.4304654120503,-0.607331578604859
"272","YMR170C",8,2,3298,"P47771","30min",1.34530874994938,25.9920766833995,2,4,-0.488451475463379,1.77467394713839
"273","YMR170C",8,2,3298,"P47771","60min",1.5544939943876,4.65893434587382,3,5,0.0822129389716152,-0.258596980011363
"274","YMR170C",8,2,3298,"P47771","90min",1.89916143822858,2.92817139189125,4,6,1.02247737082744,-0.423556737952431
"275","YMR170C",8,2,3298,"P47771","120min",1.8228241163984,2.28152743173685,5,7,0.814226577714626,-0.485188650569737
"276","YMR258C",93,0,2355,"Q04847","0min",1,1,1,1,-1.66838655803056,-0.488375280329222
"277","YMR258C",93,0,2355,"Q04847","30min",1.26448146423832,1.67017583885674,2,2,1.01908109948734,1.78595876809296
"278","YMR258C",93,0,2355,"Q04847","60min",1.17444048308642,1.03526492384138,3,3,0.10415034850342,-0.368698902344182
"279","YMR258C",93,0,2355,"Q04847","90min",1.20048494651295,0.993092495437036,4,4,0.368795182188717,-0.511816848804715
"280","YMR258C",93,0,2355,"Q04847","120min",1.18154683661759,1.02101212570719,5,5,0.17635992785108,-0.417067736614844
"281","YMR275C",12,2,3368,"P48524","0min",1,1,1,3,0.762124824554197,0.159818899498224
"282","YMR275C",12,2,3368,"P48524","30min",0.903494179445632,1.14869835499704,2,4,-0.299047541955892,1.6038759917217
"283","YMR275C",12,2,3368,"P48524","60min",0.867948877482078,0.972654947412286,3,5,-0.689901606366763,-0.105737616761154
"284","YMR275C",12,2,3368,"P48524","90min",1.0491467355856,0.907519155317161,4,6,1.30253945869783,-0.738292042359432
"285","YMR275C",12,2,3368,"P48524","120min",0.832861975174812,0.88884268116657,5,7,-1.07571513492937,-0.919665232099337
"286","YMR291W",169,0,3640,"Q03533","0min",1,1,1,1,-0.98701380464557,-0.896048271876179
"287","YMR291W",169,0,3640,"Q03533","30min",1.82052682035151,3.97236998174814,2,2,1.58296416843944,1.69376630275477
"288","YMR291W",169,0,3640,"Q03533","60min",1.38503799260764,2.04202425141439,3,3,0.218966469562414,0.0118634652234963
"289","YMR291W",169,0,3640,"Q03533","90min",1.10055375853941,1.58008262372675,4,4,-0.672068652156244,-0.390624504766891
"290","YMR291W",169,0,3640,"Q03533","120min",1.26952002784068,1.54756499354239,5,5,-0.142848181200043,-0.418956991335201
"291","YMR315W",3,0,160,"Q04869","0min",1,1,1,1,-1.56623935224272,-1.70281436287545
"292","YMR315W",3,0,160,"Q04869","30min",1.59313416961203,3.0314331330208,2,2,-0.165373946430337,0.882377761062408
"293","YMR315W",3,0,160,"Q04869","60min",1.66101652229341,2.75108363627949,3,3,-0.00504927722657115,0.52560632756322
"294","YMR315W",3,0,160,"Q04869","90min",2.06294742491292,2.42838976879009,4,4,0.944231890261886,0.114947649649411
"295","YMR315W",3,0,160,"Q04869","120min",1.99867395433019,2.47941539987797,5,5,0.792430685637745,0.179882624600415
"296","YNL055C",6,2,6644,"P04840","0min",1,1,1,3,-0.659014329380516,-1.5119509574667
"297","YNL055C",6,2,6644,"P04840","30min",1.02303001188798,1.32868581409651,2,4,-0.365074247599841,-0.204306885333109
"298","YNL055C",6,2,6644,"P04840","60min",1.01045047924647,1.69349062472505,3,5,-0.52563121436973,1.24703304978243
"299","YNL055C",6,2,6644,"P04840","90min",1.03487392425582,1.42405019559707,4,6,-0.213906259196695,0.175090894594433
"300","YNL055C",6,2,6644,"P04840","120min",1.18981227878833,1.45397251732031,5,7,1.76362605054678,0.294133898422941
"301","YNL178W",8,2,3512,"P05750","0min",1,1,1,3,1.33013120330018,0.616905259900083
"302","YNL178W",8,2,3512,"P05750","30min",0.925889279952465,0.574349177498517,2,4,0.542451825324203,-1.71516649755307
"303","YNL178W",8,2,3512,"P05750","60min",0.88326941180417,0.895025070927972,3,5,0.0894702430249792,0.0417646648677051
"304","YNL178W",8,2,3512,"P05750","90min",0.77852115135463,0.939522749214012,4,6,-1.02383758318476,0.285560220561122
"305","YNL178W",8,2,3512,"P05750","120min",0.786577094479421,1.02811382665607,5,7,-0.938215688464599,0.770936352224164
"306","YNL232W",178,0,3503,"P53859","0min",1,1,1,1,1.46782936489786,1.17630258294586
"307","YNL232W",178,0,3503,"P53859","30min",0.821748069980608,0.692554734055462,2,2,-0.0750136992243237,-1.35858012336315
"308","YNL232W",178,0,3503,"P53859","60min",0.807233643629851,0.939522749214012,3,3,-0.200641971650561,0.677668340940096
"309","YNL232W",178,0,3503,"P53859","90min",0.846797564449866,0.864537231307865,4,4,0.141799879161374,0.059413602230912
"310","YNL232W",178,0,3503,"P53859","120min",0.676294502752093,0.790041311863377,5,5,-1.33397357318435,-0.554804402753715
"311","YNL329C",1,2,1217,"P33760","0min",1,1,1,3,1.3677673383356,-1.36926728393312
"312","YNL329C",1,2,1217,"P33760","30min",0.740291319982684,1.05701804056138,2,4,0.320896153189738,-0.250380911342957
"313","YNL329C",1,2,1217,"P33760","60min",0.623520913336256,1.06437018245336,3,5,-0.149798834701152,-0.106107076407687
"314","YNL329C",1,2,1217,"P33760","90min",0.628626380647198,1.08673486252606,4,6,-0.129218981096826,0.332763419917817
"315","YNL329C",1,2,1217,"P33760","120min",0.310977054311888,1.14076371586842,5,7,-1.40964567572736,1.39299185176594
"316","YOR027W",6,1,1759,"P15705","0min",1,1,1,2,1.26373895697845,0.281200305719155
"317","YOR027W",6,1,1759,"P15705","30min",0.927319358046611,1.59107296750984,2,3,0.266641213265354,1.52245526541936
"318","YOR027W",6,1,1759,"P15705","60min",0.944014364178505,0.858565436437754,3,4,0.495678168608465,-0.0158126912282147
"319","YOR027W",6,1,1759,"P15705","90min",0.824577556877044,0.463294030945185,4,5,-1.14286227181523,-0.845883798290231
"320","YOR027W",6,1,1759,"P15705","120min",0.843505196194127,0.417543959714185,5,6,-0.883196067037037,-0.941959081620072
"321","YOR048C",35,0,6597,"Q02792","0min",1,1,1,1,1.57973391990054,1.60494666053241
"322","YOR048C",35,0,6597,"Q02792","30min",0.836145813760728,0.54714685063037,2,2,-0.177377017885745,-1.0214952524393
"323","YOR048C",35,0,6597,"Q02792","60min",0.868087193475466,0.742261785314525,3,3,0.165150377677971,0.110125545637389
"324","YOR048C",35,0,6597,"Q02792","90min",0.74887174666786,0.707106781186548,4,4,-1.11327143348548,-0.0937652220892768
"325","YOR048C",35,0,6597,"Q02792","120min",0.810328162158754,0.619853849969493,5,5,-0.454235846207283,-0.599811731641226
"326","YOR086C",3,2,5552,"Q12466","0min",1,1,1,3,-1.03261843940105,-1.64496961051617
"327","YOR086C",3,2,5552,"Q12466","30min",1.02545079604866,1.37554181813974,2,4,-0.698987947681426,1.09035613502189
"328","YOR086C",3,2,5552,"Q12466","60min",1.05274117016766,1.24833054890161,3,5,-0.341242715700284,0.163790189334974
"329","YOR086C",3,2,5552,"Q12466","90min",1.18074110653493,1.24833054890161,4,6,1.33668836467304,0.163790189334974
"330","YOR086C",3,2,5552,"Q12466","120min",1.13493022735997,1.25701337452183,5,7,0.736160738109726,0.227033096824328
"331","YOR155C",49,2,2771,"Q99312","0min",1,1,1,3,-1.2976358018467,-1.16751533771434
"332","YOR155C",49,2,2771,"Q99312","30min",1.23225564068367,1.84037530124975,2,4,-0.426332051511189,1.51621952980982
"333","YOR155C",49,2,2771,"Q99312","60min",1.43612841191406,1.46408569594563,3,5,0.338493765598986,0.314540312750747
"334","YOR155C",49,2,2771,"Q99312","90min",1.72461845217801,1.23114441334492,4,6,1.42076007041944,-0.429356659556313
"335","YOR155C",49,2,2771,"Q99312","120min",1.3364932905535,1.29235283063749,5,7,-0.0352859826605344,-0.233887845289916
"336","YPL146C",49,2,4718,"Q12080","0min",1,1,1,3,1.2853270125298,1.51917858288906
"337","YPL146C",49,2,4718,"Q12080","30min",0.900083049934303,0.358488812003957,2,4,0.333237500954036,-1.21442665542961
"338","YPL146C",49,2,4718,"Q12080","60min",0.823061402762772,0.574349177498517,3,5,-0.400687047264133,-0.294603218359714
"339","YPL146C",49,2,4718,"Q12080","90min",0.715474600007125,0.702222437868999,4,6,-1.42586111853304,0.250289873032156
"340","YPL146C",49,2,4718,"Q12080","120min",0.886938295803511,0.582366793234228,5,7,0.207983652313334,-0.26043858213189
"341","YPL190C",203,0,956,"P38996","0min",1,1,1,1,1.65225465657272,1.30530418937573
"342","YPL190C",203,0,956,"P38996","30min",0.884941245092332,0.882702996290655,2,2,0.160961724719262,-0.650658640778229
"343","YPL190C",203,0,956,"P38996","60min",0.842003079584785,0.972654947412286,3,3,-0.39556596219639,0.849317209668134
"344","YPL190C",203,0,956,"P38996","90min",0.802134846530812,0.870550563296124,4,4,-0.91230381675241,-0.853304117487408
"345","YPL190C",203,0,956,"P38996","120min",0.833533097934327,0.882702996290655,5,5,-0.50534660234318,-0.650658640778229
"346","YPR034W",645,0,4248,"Q12406","0min",1,1,1,1,1.5753605606852,0.632401734942877
"347","YPR034W",645,0,4248,"Q12406","30min",0.855994334427336,0.870550563296124,2,2,-0.516749863165187,-1.17750085623712
"348","YPR034W",645,0,4248,"Q12406","60min",0.900433570923098,1.04971668362307,3,3,0.128862165576995,1.32751757944135
"349","YPR034W",645,0,4248,"Q12406","90min",0.88611415300847,0.907519155317161,4,4,-0.0791699515173566,-0.660622975615587
"350","YPR034W",645,0,4248,"Q12406","120min",0.815276124964146,0.946057646725596,5,5,-1.10830291157965,-0.121795482531516
