"","id","edges","delay","accession","description","q_value","rho","analysis_res"
"1","ENSG00000137267",1,0,"TUBB2A","TUBB2A: 
tubulin, beta 2A class IIa [Source:HGNC Symbol;Acc:12412]","0.9943",-0.79,"-0.79[0.9943]"
"2","ENSG00000175793",1,0,"SFN","SFN: 
stratifin [Source:HGNC Symbol;Acc:10773]","0.9943",-0.79,"-0.79[0.9943]"
"3","ENSG00000004897",4,0,"CDC27","CDC27: 
cell division cycle 27 [Source:HGNC Symbol;Acc:1728]","0.1631",0.34,"0.34[0.1631]"
"4","ENSG00000127824",4,0,"TUBA4A","TUBA4A: 
tubulin, alpha 4a [Source:HGNC Symbol;Acc:12407]","0.1631",0.34,"0.34[0.1631]"
"5","ENSG00000075618",7,0,"FSCN1","FSCN1: 
fascin homolog 1, actin-bundling protein (Strongylocentrotus purpuratus) [Source:HGNC Symbol;Acc:11148]","0.0010",0.77,"0.77[0.0010]"
"6","ENSG00000136205",7,0,"TNS3","TNS3: 
tensin 3 [Source:HGNC Symbol;Acc:21616]","0.0010",0.77,"0.77[0.0010]"
"7","ENSG00000113448",8,0,"PDE4D","PDE4D: 
phosphodiesterase 4D, cAMP-specific [Source:HGNC Symbol;Acc:8783]","0.7308",-0.3,"-0.3[0.7308]"
"8","ENSG00000171262",8,0,"FAM98B","FAM98B: 
family with sequence similarity 98, member B [Source:HGNC Symbol;Acc:26773]","0.7308",-0.3,"-0.3[0.7308]"
"9","ENSG00000164904",9,0,"ALDH7A1","ALDH7A1: 
aldehyde dehydrogenase 7 family, member A1 [Source:HGNC Symbol;Acc:877]","0.0138",0.69,"0.69[0.0138]"
"10","ENSG00000175220",9,0,"ARHGAP1","ARHGAP1: 
Rho GTPase activating protein 1 [Source:HGNC Symbol;Acc:673]","0.0138",0.69,"0.69[0.0138]"
"11","ENSG00000119777",10,0,"TMEM214","TMEM214: 
transmembrane protein 214 [Source:HGNC Symbol;Acc:25983]","0.0010",0.86,"0.86[0.0010]"
"12","ENSG00000176890",10,0,"TYMS","TYMS: 
thymidylate synthetase [Source:HGNC Symbol;Acc:12441]","0.0010",0.86,"0.86[0.0010]"
"13","ENSG00000136448",14,0,"NMT1","NMT1: 
N-myristoyltransferase 1 [Source:HGNC Symbol;Acc:7857]","0.0007",0.83,"0.83[0.0007]"
"14","ENSG00000175445",14,0,"LPL","LPL: 
lipoprotein lipase [Source:HGNC Symbol;Acc:6677]","0.0007",0.83,"0.83[0.0007]"
"15","ENSG00000010244",15,0,"ZNF207","ZNF207: 
zinc finger protein 207 [Source:HGNC Symbol;Acc:12998]","0.0001",0.66,"0.66[0.0001]"
"16","ENSG00000131238",15,0,"PPT1","PPT1: 
palmitoyl-protein thioesterase 1 [Source:HGNC Symbol;Acc:9325]","0.0001",0.66,"0.66[0.0001]"
"17","ENSG00000168542",15,0,"COL3A1","COL3A1: 
collagen, type III, alpha 1 [Source:HGNC Symbol;Acc:2201]","0.0001",0.66,"0.66[0.0001]"
"18","ENSG00000101558",17,0,"VAPA","VAPA: 
VAMP (vesicle-associated membrane protein)-associated protein A, 33kDa [Source:HGNC Symbol;Acc:12648]","0.9825",-0.56,"-0.56[0.9825]"
"19","ENSG00000130810",17,0,"PPAN","PPAN: 
peter pan homolog (Drosophila) [Source:HGNC Symbol;Acc:9227]","0.9825",-0.56,"-0.56[0.9825]"
"20","ENSG00000132589",21,0,"FLOT2","FLOT2: 
flotillin 2 [Source:HGNC Symbol;Acc:3758]","0.0014",0.79,"0.79[0.0014]"
"21","ENSG00000135821",21,0,"GLUL","GLUL: 
glutamate-ammonia ligase [Source:HGNC Symbol;Acc:4341]","0.0014",0.79,"0.79[0.0014]"
"22","ENSG00000002586",28,0,"CD99","CD99: 
CD99 molecule [Source:HGNC Symbol;Acc:7082]","0.0517",0.44,"0.44[0.0517]"
"23","ENSG00000113712",28,0,"CSNK1A1","CSNK1A1: 
casein kinase 1, alpha 1 [Source:HGNC Symbol;Acc:2451]","0.0517",0.44,"0.44[0.0517]"
"24","ENSG00000114686",28,0,"MRPL3","MRPL3: 
mitochondrial ribosomal protein L3 [Source:HGNC Symbol;Acc:10379]","0.0517",0.44,"0.44[0.0517]"
"25","ENSG00000025800",29,0,"KPNA6","KPNA6: 
karyopherin alpha 6 (importin alpha 7) [Source:HGNC Symbol;Acc:6399]","0.0001",0.81,"0.81[0.0001]"
"26","ENSG00000116478",29,0,"HDAC1","HDAC1: 
histone deacetylase 1 [Source:HGNC Symbol;Acc:4852]","0.0001",0.81,"0.81[0.0001]"
"27","ENSG00000129351",29,0,"ILF3","ILF3: 
interleukin enhancer binding factor 3, 90kDa [Source:HGNC Symbol;Acc:6038]","0.0001",0.81,"0.81[0.0001]"
"28","ENSG00000175166",29,0,"PSMD2","PSMD2: 
proteasome (prosome, macropain) 26S subunit, non-ATPase, 2 [Source:HGNC Symbol;Acc:9559]","0.0001",0.81,"0.81[0.0001]"
"29","ENSG00000153904",32,0,"DDAH1","DDAH1: 
dimethylarginine dimethylaminohydrolase 1 [Source:HGNC Symbol;Acc:2715]","0.0043",0.74,"0.74[0.0043]"
"30","ENSG00000170876",32,0,"TMEM43","TMEM43: 
transmembrane protein 43 [Source:HGNC Symbol;Acc:28472]","0.0043",0.74,"0.74[0.0043]"
"31","ENSG00000122694",34,0,"GLIPR2","GLIPR2: 
GLI pathogenesis-related 2 [Source:HGNC Symbol;Acc:18007]","0.4229",0.19,"0.19[0.4229]"
"32","ENSG00000140374",34,0,"ETFA","ETFA: 
electron-transfer-flavoprotein, alpha polypeptide [Source:HGNC Symbol;Acc:3481]","0.4229",0.19,"0.19[0.4229]"
"33","ENSG00000140416",37,0,"TPM1","TPM1: 
tropomyosin 1 (alpha) [Source:HGNC Symbol;Acc:12010]","0.0001",0.91,"0.91[0.0001]"
"34","ENSG00000149480",37,0,"MTA2","MTA2: 
metastasis associated 1 family, member 2 [Source:HGNC Symbol;Acc:7411]","0.0001",0.91,"0.91[0.0001]"
"35","ENSG00000026025",43,0,"VIM","VIM: 
vimentin [Source:HGNC Symbol;Acc:12692]","0.7867",-0.04,"-0.04[0.7867]"
"36","ENSG00000070961",43,0,"ATP2B1","ATP2B1: 
ATPase, Ca++ transporting, plasma membrane 1 [Source:HGNC Symbol;Acc:814]","0.7867",-0.04,"-0.04[0.7867]"
"37","ENSG00000087111",48,0,"PIGS","PIGS: 
phosphatidylinositol glycan anchor biosynthesis, class S [Source:HGNC Symbol;Acc:14937]","0.0133",0.49,"0.49[0.0133]"
"38","ENSG00000156531",48,0,"PHF6","PHF6: 
PHD finger protein 6 [Source:HGNC Symbol;Acc:18145]","0.0133",0.49,"0.49[0.0133]"
"39","ENSG00000111275",67,0,"ALDH2","ALDH2: 
aldehyde dehydrogenase 2 family (mitochondrial) [Source:HGNC Symbol;Acc:404]","0.4349",0.02,"0.02[0.4349]"
"40","ENSG00000198712",67,0,"MT-CO2","MT-CO2: 
mitochondrially encoded cytochrome c oxidase II [Source:HGNC Symbol;Acc:7421]","0.4349",0.02,"0.02[0.4349]"
"41","ENSG00000069345",76,0,"DNAJA2","DNAJA2: 
DnaJ (Hsp40) homolog, subfamily A, member 2 [Source:HGNC Symbol;Acc:14884]","0.1263",0.45,"0.45[0.1263]"
"42","ENSG00000128422",76,0,"KRT17","KRT17: 
keratin 17 [Source:HGNC Symbol;Acc:6427]","0.1263",0.45,"0.45[0.1263]"
"43","ENSG00000124575",92,0,"HIST1H1D","HIST1H1D: 
histone cluster 1, H1d [Source:HGNC Symbol;Acc:4717]","0.0178",0.38,"0.38[0.0178]"
"44","ENSG00000173145",92,0,"NOC3L","NOC3L: 
nucleolar complex associated 3 homolog (S. cerevisiae) [Source:HGNC Symbol;Acc:24034]","0.0178",0.38,"0.38[0.0178]"
"45","ENSG00000090621",93,0,"PABPC4","PABPC4: 
poly(A) binding protein, cytoplasmic 4 (inducible form) [Source:HGNC Symbol;Acc:8557]","0.0078",0.82,"0.82[0.0078]"
"46","ENSG00000187134",93,0,"AKR1C1","AKR1C1: 
aldo-keto reductase family 1, member C1 [Source:HGNC Symbol;Acc:384]","0.0078",0.82,"0.82[0.0078]"
"47","ENSG00000124228",95,0,"DDX27","DDX27: 
DEAD (Asp-Glu-Ala-Asp) box polypeptide 27 [Source:HGNC Symbol;Acc:15837]","0.0001",0.97,"0.97[0.0001]"
"48","ENSG00000125753",95,0,"VASP","VASP: 
vasodilator-stimulated phosphoprotein [Source:HGNC Symbol;Acc:12652]","0.0001",0.97,"0.97[0.0001]"
"49","ENSG00000113368",99,0,"LMNB1","LMNB1: 
lamin B1 [Source:HGNC Symbol;Acc:6637]","0.1625",0.01,"0.01[0.1625]"
"50","ENSG00000128567",99,0,"PODXL","PODXL: 
podocalyxin-like [Source:HGNC Symbol;Acc:9171]","0.1625",0.01,"0.01[0.1625]"
"51","ENSG00000109971",114,0,"HSPA8","HSPA8: 
heat shock 70kDa protein 8 [Source:HGNC Symbol;Acc:5241]","0.0916",0.42,"0.42[0.0916]"
"52","ENSG00000177105",114,0,"RHOG","RHOG: 
ras homolog family member G [Source:HGNC Symbol;Acc:672]","0.0916",0.42,"0.42[0.0916]"
"53","ENSG00000100714",150,0,"MTHFD1","MTHFD1: 
methylenetetrahydrofolate dehydrogenase (NADP+ dependent) 1, methenyltetrahydrofolate cyclohydrolase, formyltetrahydrofolate synthetase [Source:HGNC Symbol;Acc:7432]","0.0921",0.4,"0.4[0.0921]"
"54","ENSG00000173786",150,0,"CNP","CNP: 
2',3'-cyclic nucleotide 3' phosphodiesterase [Source:HGNC Symbol;Acc:2158]","0.0921",0.4,"0.4[0.0921]"
"55","ENSG00000163882",164,0,"POLR2H","POLR2H: 
polymerase (RNA) II (DNA directed) polypeptide H [Source:HGNC Symbol;Acc:9195]","0.7164",-0.27,"-0.27[0.7164]"
"56","ENSG00000174238",164,0,"PITPNA","PITPNA: 
phosphatidylinositol transfer protein, alpha [Source:HGNC Symbol;Acc:9001]","0.7164",-0.27,"-0.27[0.7164]"
"57","ENSG00000068366",195,0,"ACSL4","ACSL4: 
acyl-CoA synthetase long-chain family member 4 [Source:HGNC Symbol;Acc:3571]","0.6648",-0.2,"-0.2[0.6648]"
"58","ENSG00000069248",195,0,"NUP133","NUP133: 
nucleoporin 133kDa [Source:HGNC Symbol;Acc:18016]","0.6648",-0.2,"-0.2[0.6648]"
"59","ENSG00000172115",224,0,"CYCS","CYCS: 
cytochrome c, somatic [Source:HGNC Symbol;Acc:19986]","0.0146",0.64,"0.64[0.0146]"
"60","ENSG00000233927",224,0,"RPS28","RPS28: 
ribosomal protein S28 [Source:HGNC Symbol;Acc:10418]","0.0146",0.64,"0.64[0.0146]"
"61","ENSG00000124802",230,0,"EEF1E1","EEF1E1: 
eukaryotic translation elongation factor 1 epsilon 1 [Source:HGNC Symbol;Acc:3212]","0.0121",0.68,"0.68[0.0121]"
"62","ENSG00000169727",230,0,"GPS1","GPS1: 
G protein pathway suppressor 1 [Source:HGNC Symbol;Acc:4549]","0.0121",0.68,"0.68[0.0121]"
"63","ENSG00000122787",1,1,"AKR1D1","AKR1D1: 
aldo-keto reductase family 1, member D1 [Source:HGNC Symbol;Acc:388]","0.9943",-0.66,"-0.66[0.9943]"
"64","ENSG00000174437",1,1,"ATP2A2","ATP2A2: 
ATPase, Ca++ transporting, cardiac muscle, slow twitch 2 [Source:HGNC Symbol;Acc:812]","0.9943",-0.66,"-0.66[0.9943]"
"65","ENSG00000124767",2,1,"GLO1","GLO1: 
glyoxalase I [Source:HGNC Symbol;Acc:4323]","0.0001",0.98,"0.98[0.0001]"
"66","ENSG00000185651",2,1,"UBE2L3","UBE2L3: 
ubiquitin-conjugating enzyme E2L 3 [Source:HGNC Symbol;Acc:12488]","0.0001",0.98,"0.98[0.0001]"
"67","ENSG00000037042",4,1,"TUBG2","TUBG2: 
tubulin, gamma 2 [Source:HGNC Symbol;Acc:12419]","0.0014",0.81,"0.81[0.0014]"
"68","ENSG00000126247",4,1,"CAPNS1","CAPNS1: 
calpain, small subunit 1 [Source:HGNC Symbol;Acc:1481]","0.0014",0.81,"0.81[0.0014]"
"69","ENSG00000170266",7,1,"GLB1","GLB1: 
galactosidase, beta 1 [Source:HGNC Symbol;Acc:4298]","0.0540",0.52,"0.52[0.0540]"
"70","ENSG00000172534",7,1,"HCFC1","HCFC1: 
host cell factor C1 (VP16-accessory protein) [Source:HGNC Symbol;Acc:4839]","0.0540",0.52,"0.52[0.0540]"
"71","ENSG00000107438",9,1,"PDLIM1","PDLIM1: 
PDZ and LIM domain 1 [Source:HGNC Symbol;Acc:2067]","0.0309",0.6,"0.6[0.0309]"
"72","ENSG00000162961",9,1,"DPY30","DPY30: 
dpy-30 homolog (C. elegans) [Source:HGNC Symbol;Acc:24590]","0.0309",0.6,"0.6[0.0309]"
"73","ENSG00000178921",10,1,"PFAS","PFAS: 
phosphoribosylformylglycinamidine synthase [Source:HGNC Symbol;Acc:8863]","0.0001",0.96,"0.96[0.0001]"
"74","ENSG00000196510",10,1,"ANAPC7","ANAPC7: 
anaphase promoting complex subunit 7 [Source:HGNC Symbol;Acc:17380]","0.0001",0.96,"0.96[0.0001]"
"75","ENSG00000158941",19,1,"CCAR2","CCAR2: 
cell cycle and apoptosis regulator 2 [Source:HGNC Symbol;Acc:23360]","0.0010",0.9,"0.9[0.0010]"
"76","ENSG00000176393",19,1,"RNPEP","RNPEP: 
arginyl aminopeptidase (aminopeptidase B) [Source:HGNC Symbol;Acc:10078]","0.0010",0.9,"0.9[0.0010]"
"77","ENSG00000109475",20,1,"RPL34","RPL34: 
ribosomal protein L34 [Source:HGNC Symbol;Acc:10340]","0.1343",0.39,"0.39[0.1343]"
"78","ENSG00000111786",20,1,"SRSF9","SRSF9: 
serine/arginine-rich splicing factor 9 [Source:HGNC Symbol;Acc:10791]","0.1343",0.39,"0.39[0.1343]"
"79","ENSG00000100926",24,1,"TM9SF1","TM9SF1: 
transmembrane 9 superfamily member 1 [Source:HGNC Symbol;Acc:11864]","0.6648",-0.05,"-0.05[0.6648]"
"80","ENSG00000108671",24,1,"PSMD11","PSMD11: 
proteasome (prosome, macropain) 26S subunit, non-ATPase, 11 [Source:HGNC Symbol;Acc:9556]","0.6648",-0.05,"-0.05[0.6648]"
"81","ENSG00000137133",28,1,"HINT2","HINT2: 
histidine triad nucleotide binding protein 2 [Source:HGNC Symbol;Acc:18344]","0.0018",0.85,"0.85[0.0018]"
"82","ENSG00000138071",28,1,"ACTR2","ACTR2: 
ARP2 actin-related protein 2 homolog (yeast) [Source:HGNC Symbol;Acc:169]","0.0018",0.85,"0.85[0.0018]"
"83","ENSG00000122545",34,1,"SEPT7","SEPT7: 
septin 7 [Source:HGNC Symbol;Acc:1717]","0.0528",0.53,"0.53[0.0528]"
"84","ENSG00000136270",34,1,"TBRG4","TBRG4: 
transforming growth factor beta regulator 4 [Source:HGNC Symbol;Acc:17443]","0.0528",0.53,"0.53[0.0528]"
"85","ENSG00000085491",37,1,"SLC25A24","SLC25A24: 
solute carrier family 25 (mitochondrial carrier; phosphate carrier), member 24 [Source:HGNC Symbol;Acc:20662]","0.9943",-0.53,"-0.53[0.9943]"
"86","ENSG00000143473",37,1,"KCNH1","KCNH1: 
potassium voltage-gated channel, subfamily H (eag-related), member 1 [Source:HGNC Symbol;Acc:6250]","0.9943",-0.53,"-0.53[0.9943]"
"87","ENSG00000080603",39,1,"SRCAP","SRCAP: 
Snf2-related CREBBP activator protein [Source:HGNC Symbol;Acc:16974]","0.1631",0.33,"0.33[0.1631]"
"88","ENSG00000137547",39,1,"MRPL15","MRPL15: 
mitochondrial ribosomal protein L15 [Source:HGNC Symbol;Acc:14054]","0.1631",0.33,"0.33[0.1631]"
"89","ENSG00000087086",48,1,"FTL","FTL: 
ferritin, light polypeptide [Source:HGNC Symbol;Acc:3999]","0.0019",0.76,"0.76[0.0019]"
"90","ENSG00000151632",48,1,"AKR1C2","AKR1C2: 
aldo-keto reductase family 1, member C2 [Source:HGNC Symbol;Acc:385]","0.0019",0.76,"0.76[0.0019]"
"91","ENSG00000105220",58,1,"GPI","GPI: 
glucose-6-phosphate isomerase [Source:HGNC Symbol;Acc:4458]","0.0456",0.56,"0.56[0.0456]"
"92","ENSG00000160211",58,1,"G6PD","G6PD: 
glucose-6-phosphate dehydrogenase [Source:HGNC Symbol;Acc:4057]","0.0456",0.56,"0.56[0.0456]"
"93","ENSG00000119705",59,1,"SLIRP","SLIRP: 
SRA stem-loop interacting RNA binding protein [Source:HGNC Symbol;Acc:20495]","0.0327",0.58,"0.58[0.0327]"
"94","ENSG00000120802",59,1,"TMPO","TMPO: 
thymopoietin [Source:HGNC Symbol;Acc:11875]","0.0327",0.58,"0.58[0.0327]"
"95","ENSG00000132688",63,1,"NES","NES: 
nestin [Source:HGNC Symbol;Acc:7756]","0.0146",0.56,"0.56[0.0146]"
"96","ENSG00000153250",63,1,"RBMS1","RBMS1: 
RNA binding motif, single stranded interacting protein 1 [Source:HGNC Symbol;Acc:9907]","0.0146",0.56,"0.56[0.0146]"
"97","ENSG00000155130",63,1,"MARCKS","MARCKS: 
myristoylated alanine-rich protein kinase C substrate [Source:HGNC Symbol;Acc:6759]","0.0146",0.56,"0.56[0.0146]"
"98","ENSG00000004487",66,1,"KDM1A","KDM1A: 
lysine (K)-specific demethylase 1A [Source:HGNC Symbol;Acc:29079]","0.0001",0.87,"0.87[0.0001]"
"99","ENSG00000089154",66,1,"GCN1L1","GCN1L1: 
GCN1 general control of amino-acid synthesis 1-like 1 (yeast) [Source:HGNC Symbol;Acc:4199]","0.0001",0.87,"0.87[0.0001]"
"100","ENSG00000119414",96,1,"PPP6C","PPP6C: 
protein phosphatase 6, catalytic subunit [Source:HGNC Symbol;Acc:9323]","0.0300",0.59,"0.59[0.0300]"
"101","ENSG00000159228",96,1,"CBR1","CBR1: 
carbonyl reductase 1 [Source:HGNC Symbol;Acc:1548]","0.0300",0.59,"0.59[0.0300]"
"102","ENSG00000120800",100,1,"UTP20","UTP20: 
UTP20, small subunit (SSU) processome component, homolog (yeast) [Source:HGNC Symbol;Acc:17897]","0.1624",0.35,"0.35[0.1624]"
"103","ENSG00000128641",100,1,"MYO1B","MYO1B: 
myosin IB [Source:HGNC Symbol;Acc:7596]","0.1624",0.35,"0.35[0.1624]"
"104","ENSG00000117632",109,1,"STMN1","STMN1: 
stathmin 1 [Source:HGNC Symbol;Acc:6510]","0.0133",0.56,"0.56[0.0133]"
"105","ENSG00000168924",109,1,"LETM1","LETM1: 
leucine zipper-EF-hand containing transmembrane protein 1 [Source:HGNC Symbol;Acc:6556]","0.0133",0.56,"0.56[0.0133]"
"106","ENSG00000176788",109,1,"BASP1","BASP1: 
brain abundant, membrane attached signal protein 1 [Source:HGNC Symbol;Acc:957]","0.0133",0.56,"0.56[0.0133]"
"107","ENSG00000162368",194,1,"CMPK1","CMPK1: 
cytidine monophosphate (UMP-CMP) kinase 1, cytosolic [Source:HGNC Symbol;Acc:18170]","0.7867",-0.18,"-0.18[0.7867]"
"108","ENSG00000179115",194,1,"FARSA","FARSA: 
phenylalanyl-tRNA synthetase, alpha subunit [Source:HGNC Symbol;Acc:3592]","0.7867",-0.18,"-0.18[0.7867]"
"109","ENSG00000018510",6,2,"AGPS","AGPS: 
alkylglycerone phosphate synthase [Source:HGNC Symbol;Acc:327]","0.0202",0.69,"0.69[0.0202]"
"110","ENSG00000168385",6,2,"SEPT2","SEPT2: 
septin 2 [Source:HGNC Symbol;Acc:7729]","0.0202",0.69,"0.69[0.0202]"
"111","ENSG00000077809",7,2,"GTF2I","GTF2I: 
general transcription factor IIi [Source:HGNC Symbol;Acc:4659]","0.8326",-0.17,"-0.17[0.8326]"
"112","ENSG00000100983",7,2,"GSS","GSS: 
glutathione synthetase [Source:HGNC Symbol;Acc:4624]","0.8326",-0.17,"-0.17[0.8326]"
"113","ENSG00000138802",7,2,"SEC24B","SEC24B: 
SEC24 family member B [Source:HGNC Symbol;Acc:10704]","0.8326",-0.17,"-0.17[0.8326]"
"114","ENSG00000164346",7,2,"NSA2","NSA2: 
NSA2 ribosome biogenesis homolog (S. cerevisiae) [Source:HGNC Symbol;Acc:30728]","0.8326",-0.17,"-0.17[0.8326]"
"115","ENSG00000161547",12,2,"SRSF2","SRSF2: 
serine/arginine-rich splicing factor 2 [Source:HGNC Symbol;Acc:10783]","0.0012",0.91,"0.91[0.0012]"
"116","ENSG00000189091",12,2,"SF3B3","SF3B3: 
splicing factor 3b, subunit 3, 130kDa [Source:HGNC Symbol;Acc:10770]","0.0012",0.91,"0.91[0.0012]"
"117","ENSG00000007923",18,2,"DNAJC11","DNAJC11: 
DnaJ (Hsp40) homolog, subfamily C, member 11 [Source:HGNC Symbol;Acc:25570]","0.0475",0.59,"0.59[0.0475]"
"118","ENSG00000182004",18,2,"SNRPE","SNRPE: 
small nuclear ribonucleoprotein polypeptide E [Source:HGNC Symbol;Acc:11161]","0.0475",0.59,"0.59[0.0475]"
"119","ENSG00000086062",22,2,"B4GALT1","B4GALT1: 
UDP-Gal:betaGlcNAc beta 1,4- galactosyltransferase, polypeptide 1 [Source:HGNC Symbol;Acc:924]","0.0001",0.88,"0.88[0.0001]"
"120","ENSG00000110713",22,2,"NUP98","NUP98: 
nucleoporin 98kDa [Source:HGNC Symbol;Acc:8068]","0.0001",0.88,"0.88[0.0001]"
"121","ENSG00000184840",22,2,"TMED9","TMED9: 
transmembrane emp24 protein transport domain containing 9 [Source:HGNC Symbol;Acc:24878]","0.0001",0.88,"0.88[0.0001]"
"122","ENSG00000030582",23,2,"GRN","GRN: 
granulin [Source:HGNC Symbol;Acc:4601]","0.0755",0.52,"0.52[0.0755]"
"123","ENSG00000159231",23,2,"CBR3","CBR3: 
carbonyl reductase 3 [Source:HGNC Symbol;Acc:1549]","0.0755",0.52,"0.52[0.0755]"
"124","ENSG00000084623",24,2,"EIF3I","EIF3I: 
eukaryotic translation initiation factor 3, subunit I [Source:HGNC Symbol;Acc:3272]","0.0017",0.85,"0.85[0.0017]"
"125","ENSG00000109062",24,2,"SLC9A3R1","SLC9A3R1: 
solute carrier family 9, subfamily A (NHE3, cation proton antiporter 3), member 3 regulator 1 [Source:HGNC Symbol;Acc:11075]","0.0017",0.85,"0.85[0.0017]"
"126","ENSG00000151929",37,2,"BAG3","BAG3: 
BCL2-associated athanogene 3 [Source:HGNC Symbol;Acc:939]","0.0620",0.55,"0.55[0.0620]"
"127","ENSG00000198612",37,2,"COPS8","COPS8: 
COP9 signalosome subunit 8 [Source:HGNC Symbol;Acc:24335]","0.0620",0.55,"0.55[0.0620]"
"128","ENSG00000143418",40,2,"CERS2","CERS2: 
ceramide synthase 2 [Source:HGNC Symbol;Acc:14076]","0.6648",-0.04,"-0.04[0.6648]"
"129","ENSG00000168906",40,2,"MAT2A","MAT2A: 
methionine adenosyltransferase II, alpha [Source:HGNC Symbol;Acc:6904]","0.6648",-0.04,"-0.04[0.6648]"
"130","ENSG00000108448",52,2,"TRIM16L","TRIM16L: 
tripartite motif containing 16-like [Source:HGNC Symbol;Acc:32670]","0.0257",0.67,"0.67[0.0257]"
"131","ENSG00000165609",52,2,"NUDT5","NUDT5: 
nudix (nucleoside diphosphate linked moiety X)-type motif 5 [Source:HGNC Symbol;Acc:8052]","0.0257",0.67,"0.67[0.0257]"
"132","ENSG00000029363",57,2,"BCLAF1","BCLAF1: 
BCL2-associated transcription factor 1 [Source:HGNC Symbol;Acc:16863]","0.0031",0.72,"0.72[0.0031]"
"133","ENSG00000078140",57,2,"UBE2K","UBE2K: 
ubiquitin-conjugating enzyme E2K [Source:HGNC Symbol;Acc:4914]","0.0031",0.72,"0.72[0.0031]"
"134","ENSG00000113460",57,2,"BRIX1","BRIX1: 
BRX1, biogenesis of ribosomes, homolog (S. cerevisiae) [Source:HGNC Symbol;Acc:24170]","0.0031",0.72,"0.72[0.0031]"
