"","X","id","edges","delay","X.1","accession","external_gene_name.1","description","external_gene_name.y"
"1",1,"ENSG00000137267",1,0,1,"TUBB2A","TUBB2A","TUBB2A: 
tubulin, beta 2A class IIa [Source:HGNC Symbol;Acc:12412]","TUBB2A"
"2",2,"ENSG00000175793",1,0,2,"SFN","SFN","SFN: 
stratifin [Source:HGNC Symbol;Acc:10773]","SFN"
"3",3,"ENSG00000004897",4,0,3,"CDC27","CDC27","CDC27: 
cell division cycle 27 [Source:HGNC Symbol;Acc:1728]","CDC27"
"4",4,"ENSG00000127824",4,0,4,"TUBA4A","TUBA4A","TUBA4A: 
tubulin, alpha 4a [Source:HGNC Symbol;Acc:12407]","TUBA4A"
"5",5,"ENSG00000075618",7,0,5,"FSCN1","FSCN1","FSCN1: 
fascin homolog 1, actin-bundling protein (Strongylocentrotus purpuratus) [Source:HGNC Symbol;Acc:11148]","FSCN1"
"6",6,"ENSG00000136205",7,0,6,"TNS3","TNS3","TNS3: 
tensin 3 [Source:HGNC Symbol;Acc:21616]","TNS3"
"7",7,"ENSG00000113448",8,0,7,"PDE4D","PDE4D","PDE4D: 
phosphodiesterase 4D, cAMP-specific [Source:HGNC Symbol;Acc:8783]","PDE4D"
"8",8,"ENSG00000171262",8,0,8,"FAM98B","FAM98B","FAM98B: 
family with sequence similarity 98, member B [Source:HGNC Symbol;Acc:26773]","FAM98B"
"9",9,"ENSG00000164904",9,0,9,"ALDH7A1","ALDH7A1","ALDH7A1: 
aldehyde dehydrogenase 7 family, member A1 [Source:HGNC Symbol;Acc:877]","ALDH7A1"
"10",10,"ENSG00000175220",9,0,10,"ARHGAP1","ARHGAP1","ARHGAP1: 
Rho GTPase activating protein 1 [Source:HGNC Symbol;Acc:673]","ARHGAP1"
"11",11,"ENSG00000119777",10,0,11,"TMEM214","TMEM214","TMEM214: 
transmembrane protein 214 [Source:HGNC Symbol;Acc:25983]","TMEM214"
"12",12,"ENSG00000176890",10,0,12,"TYMS","TYMS","TYMS: 
thymidylate synthetase [Source:HGNC Symbol;Acc:12441]","TYMS"
"13",13,"ENSG00000136448",14,0,13,"NMT1","NMT1","NMT1: 
N-myristoyltransferase 1 [Source:HGNC Symbol;Acc:7857]","NMT1"
"14",14,"ENSG00000175445",14,0,14,"LPL","LPL","LPL: 
lipoprotein lipase [Source:HGNC Symbol;Acc:6677]","LPL"
"15",15,"ENSG00000010244",15,0,15,"ZNF207","ZNF207","ZNF207: 
zinc finger protein 207 [Source:HGNC Symbol;Acc:12998]","ZNF207"
"16",16,"ENSG00000131238",15,0,16,"PPT1","PPT1","PPT1: 
palmitoyl-protein thioesterase 1 [Source:HGNC Symbol;Acc:9325]","PPT1"
"17",17,"ENSG00000168542",15,0,17,"COL3A1","COL3A1","COL3A1: 
collagen, type III, alpha 1 [Source:HGNC Symbol;Acc:2201]","COL3A1"
"18",18,"ENSG00000101558",17,0,18,"VAPA","VAPA","VAPA: 
VAMP (vesicle-associated membrane protein)-associated protein A, 33kDa [Source:HGNC Symbol;Acc:12648]","VAPA"
"19",19,"ENSG00000130810",17,0,19,"PPAN","PPAN","PPAN: 
peter pan homolog (Drosophila) [Source:HGNC Symbol;Acc:9227]","PPAN"
"20",20,"ENSG00000132589",21,0,20,"FLOT2","FLOT2","FLOT2: 
flotillin 2 [Source:HGNC Symbol;Acc:3758]","FLOT2"
"21",21,"ENSG00000135821",21,0,21,"GLUL","GLUL","GLUL: 
glutamate-ammonia ligase [Source:HGNC Symbol;Acc:4341]","GLUL"
"22",22,"ENSG00000002586",28,0,22,"CD99","CD99","CD99: 
CD99 molecule [Source:HGNC Symbol;Acc:7082]","CD99"
"23",23,"ENSG00000113712",28,0,23,"CSNK1A1","CSNK1A1","CSNK1A1: 
casein kinase 1, alpha 1 [Source:HGNC Symbol;Acc:2451]","CSNK1A1"
"24",24,"ENSG00000114686",28,0,24,"MRPL3","MRPL3","MRPL3: 
mitochondrial ribosomal protein L3 [Source:HGNC Symbol;Acc:10379]","MRPL3"
"25",25,"ENSG00000025800",29,0,25,"KPNA6","KPNA6","KPNA6: 
karyopherin alpha 6 (importin alpha 7) [Source:HGNC Symbol;Acc:6399]","KPNA6"
"26",26,"ENSG00000116478",29,0,26,"HDAC1","HDAC1","HDAC1: 
histone deacetylase 1 [Source:HGNC Symbol;Acc:4852]","HDAC1"
"27",27,"ENSG00000129351",29,0,27,"ILF3","ILF3","ILF3: 
interleukin enhancer binding factor 3, 90kDa [Source:HGNC Symbol;Acc:6038]","ILF3"
"28",28,"ENSG00000175166",29,0,28,"PSMD2","PSMD2","PSMD2: 
proteasome (prosome, macropain) 26S subunit, non-ATPase, 2 [Source:HGNC Symbol;Acc:9559]","PSMD2"
"29",29,"ENSG00000153904",32,0,29,"DDAH1","DDAH1","DDAH1: 
dimethylarginine dimethylaminohydrolase 1 [Source:HGNC Symbol;Acc:2715]","DDAH1"
"30",30,"ENSG00000170876",32,0,30,"TMEM43","TMEM43","TMEM43: 
transmembrane protein 43 [Source:HGNC Symbol;Acc:28472]","TMEM43"
"31",31,"ENSG00000122694",34,0,31,"GLIPR2","GLIPR2","GLIPR2: 
GLI pathogenesis-related 2 [Source:HGNC Symbol;Acc:18007]","GLIPR2"
"32",32,"ENSG00000140374",34,0,32,"ETFA","ETFA","ETFA: 
electron-transfer-flavoprotein, alpha polypeptide [Source:HGNC Symbol;Acc:3481]","ETFA"
"33",33,"ENSG00000140416",37,0,33,"TPM1","TPM1","TPM1: 
tropomyosin 1 (alpha) [Source:HGNC Symbol;Acc:12010]","TPM1"
"34",34,"ENSG00000149480",37,0,34,"MTA2","MTA2","MTA2: 
metastasis associated 1 family, member 2 [Source:HGNC Symbol;Acc:7411]","MTA2"
"35",35,"ENSG00000026025",43,0,35,"VIM","VIM","VIM: 
vimentin [Source:HGNC Symbol;Acc:12692]","VIM"
"36",36,"ENSG00000070961",43,0,36,"ATP2B1","ATP2B1","ATP2B1: 
ATPase, Ca++ transporting, plasma membrane 1 [Source:HGNC Symbol;Acc:814]","ATP2B1"
"37",37,"ENSG00000087111",48,0,37,"PIGS","PIGS","PIGS: 
phosphatidylinositol glycan anchor biosynthesis, class S [Source:HGNC Symbol;Acc:14937]","PIGS"
"38",38,"ENSG00000156531",48,0,38,"PHF6","PHF6","PHF6: 
PHD finger protein 6 [Source:HGNC Symbol;Acc:18145]","PHF6"
"39",39,"ENSG00000111275",67,0,39,"ALDH2","ALDH2","ALDH2: 
aldehyde dehydrogenase 2 family (mitochondrial) [Source:HGNC Symbol;Acc:404]","ALDH2"
"40",40,"ENSG00000198712",67,0,40,"MT-CO2","MT-CO2","MT-CO2: 
mitochondrially encoded cytochrome c oxidase II [Source:HGNC Symbol;Acc:7421]","MT-CO2"
"41",41,"ENSG00000069345",76,0,41,"DNAJA2","DNAJA2","DNAJA2: 
DnaJ (Hsp40) homolog, subfamily A, member 2 [Source:HGNC Symbol;Acc:14884]","DNAJA2"
"42",42,"ENSG00000128422",76,0,42,"KRT17","KRT17","KRT17: 
keratin 17 [Source:HGNC Symbol;Acc:6427]","KRT17"
"43",43,"ENSG00000124575",92,0,43,"HIST1H1D","HIST1H1D","HIST1H1D: 
histone cluster 1, H1d [Source:HGNC Symbol;Acc:4717]","HIST1H1D"
"44",44,"ENSG00000173145",92,0,44,"NOC3L","NOC3L","NOC3L: 
nucleolar complex associated 3 homolog (S. cerevisiae) [Source:HGNC Symbol;Acc:24034]","NOC3L"
"45",45,"ENSG00000090621",93,0,45,"PABPC4","PABPC4","PABPC4: 
poly(A) binding protein, cytoplasmic 4 (inducible form) [Source:HGNC Symbol;Acc:8557]","PABPC4"
"46",46,"ENSG00000187134",93,0,46,"AKR1C1","AKR1C1","AKR1C1: 
aldo-keto reductase family 1, member C1 [Source:HGNC Symbol;Acc:384]","AKR1C1"
"47",47,"ENSG00000124228",95,0,47,"DDX27","DDX27","DDX27: 
DEAD (Asp-Glu-Ala-Asp) box polypeptide 27 [Source:HGNC Symbol;Acc:15837]","DDX27"
"48",48,"ENSG00000125753",95,0,48,"VASP","VASP","VASP: 
vasodilator-stimulated phosphoprotein [Source:HGNC Symbol;Acc:12652]","VASP"
"49",49,"ENSG00000113368",99,0,49,"LMNB1","LMNB1","LMNB1: 
lamin B1 [Source:HGNC Symbol;Acc:6637]","LMNB1"
"50",50,"ENSG00000128567",99,0,50,"PODXL","PODXL","PODXL: 
podocalyxin-like [Source:HGNC Symbol;Acc:9171]","PODXL"
"51",51,"ENSG00000109971",114,0,51,"HSPA8","HSPA8","HSPA8: 
heat shock 70kDa protein 8 [Source:HGNC Symbol;Acc:5241]","HSPA8"
"52",52,"ENSG00000177105",114,0,52,"RHOG","RHOG","RHOG: 
ras homolog family member G [Source:HGNC Symbol;Acc:672]","RHOG"
"53",53,"ENSG00000100714",150,0,53,"MTHFD1","MTHFD1","MTHFD1: 
methylenetetrahydrofolate dehydrogenase (NADP+ dependent) 1, methenyltetrahydrofolate cyclohydrolase, formyltetrahydrofolate synthetase [Source:HGNC Symbol;Acc:7432]","MTHFD1"
"54",54,"ENSG00000173786",150,0,54,"CNP","CNP","CNP: 
2',3'-cyclic nucleotide 3' phosphodiesterase [Source:HGNC Symbol;Acc:2158]","CNP"
"55",55,"ENSG00000163882",164,0,55,"POLR2H","POLR2H","POLR2H: 
polymerase (RNA) II (DNA directed) polypeptide H [Source:HGNC Symbol;Acc:9195]","POLR2H"
"56",56,"ENSG00000174238",164,0,56,"PITPNA","PITPNA","PITPNA: 
phosphatidylinositol transfer protein, alpha [Source:HGNC Symbol;Acc:9001]","PITPNA"
"57",57,"ENSG00000068366",195,0,57,"ACSL4","ACSL4","ACSL4: 
acyl-CoA synthetase long-chain family member 4 [Source:HGNC Symbol;Acc:3571]","ACSL4"
"58",58,"ENSG00000069248",195,0,58,"NUP133","NUP133","NUP133: 
nucleoporin 133kDa [Source:HGNC Symbol;Acc:18016]","NUP133"
"59",59,"ENSG00000172115",224,0,59,"CYCS","CYCS","CYCS: 
cytochrome c, somatic [Source:HGNC Symbol;Acc:19986]","CYCS"
"60",60,"ENSG00000233927",224,0,60,"RPS28","RPS28","RPS28: 
ribosomal protein S28 [Source:HGNC Symbol;Acc:10418]","RPS28"
"61",61,"ENSG00000124802",230,0,61,"EEF1E1","EEF1E1","EEF1E1: 
eukaryotic translation elongation factor 1 epsilon 1 [Source:HGNC Symbol;Acc:3212]","EEF1E1"
"62",62,"ENSG00000169727",230,0,62,"GPS1","GPS1","GPS1: 
G protein pathway suppressor 1 [Source:HGNC Symbol;Acc:4549]","GPS1"
"63",63,"ENSG00000122787",1,1,63,"AKR1D1","AKR1D1","AKR1D1: 
aldo-keto reductase family 1, member D1 [Source:HGNC Symbol;Acc:388]","AKR1D1"
"64",64,"ENSG00000174437",1,1,64,"ATP2A2","ATP2A2","ATP2A2: 
ATPase, Ca++ transporting, cardiac muscle, slow twitch 2 [Source:HGNC Symbol;Acc:812]","ATP2A2"
"65",65,"ENSG00000124767",2,1,65,"GLO1","GLO1","GLO1: 
glyoxalase I [Source:HGNC Symbol;Acc:4323]","GLO1"
"66",66,"ENSG00000185651",2,1,66,"UBE2L3","UBE2L3","UBE2L3: 
ubiquitin-conjugating enzyme E2L 3 [Source:HGNC Symbol;Acc:12488]","UBE2L3"
"67",67,"ENSG00000037042",4,1,67,"TUBG2","TUBG2","TUBG2: 
tubulin, gamma 2 [Source:HGNC Symbol;Acc:12419]","TUBG2"
"68",68,"ENSG00000126247",4,1,68,"CAPNS1","CAPNS1","CAPNS1: 
calpain, small subunit 1 [Source:HGNC Symbol;Acc:1481]","CAPNS1"
"69",69,"ENSG00000170266",7,1,69,"GLB1","GLB1","GLB1: 
galactosidase, beta 1 [Source:HGNC Symbol;Acc:4298]","GLB1"
"70",70,"ENSG00000172534",7,1,70,"HCFC1","HCFC1","HCFC1: 
host cell factor C1 (VP16-accessory protein) [Source:HGNC Symbol;Acc:4839]","HCFC1"
"71",71,"ENSG00000107438",9,1,71,"PDLIM1","PDLIM1","PDLIM1: 
PDZ and LIM domain 1 [Source:HGNC Symbol;Acc:2067]","PDLIM1"
"72",72,"ENSG00000162961",9,1,72,"DPY30","DPY30","DPY30: 
dpy-30 homolog (C. elegans) [Source:HGNC Symbol;Acc:24590]","DPY30"
"73",73,"ENSG00000178921",10,1,73,"PFAS","PFAS","PFAS: 
phosphoribosylformylglycinamidine synthase [Source:HGNC Symbol;Acc:8863]","PFAS"
"74",74,"ENSG00000196510",10,1,74,"ANAPC7","ANAPC7","ANAPC7: 
anaphase promoting complex subunit 7 [Source:HGNC Symbol;Acc:17380]","ANAPC7"
"75",75,"ENSG00000158941",19,1,75,"CCAR2","CCAR2","CCAR2: 
cell cycle and apoptosis regulator 2 [Source:HGNC Symbol;Acc:23360]","CCAR2"
"76",76,"ENSG00000176393",19,1,76,"RNPEP","RNPEP","RNPEP: 
arginyl aminopeptidase (aminopeptidase B) [Source:HGNC Symbol;Acc:10078]","RNPEP"
"77",77,"ENSG00000109475",20,1,77,"RPL34","RPL34","RPL34: 
ribosomal protein L34 [Source:HGNC Symbol;Acc:10340]","RPL34"
"78",78,"ENSG00000111786",20,1,78,"SRSF9","SRSF9","SRSF9: 
serine/arginine-rich splicing factor 9 [Source:HGNC Symbol;Acc:10791]","SRSF9"
"79",79,"ENSG00000100926",24,1,79,"TM9SF1","TM9SF1","TM9SF1: 
transmembrane 9 superfamily member 1 [Source:HGNC Symbol;Acc:11864]","TM9SF1"
"80",80,"ENSG00000108671",24,1,80,"PSMD11","PSMD11","PSMD11: 
proteasome (prosome, macropain) 26S subunit, non-ATPase, 11 [Source:HGNC Symbol;Acc:9556]","PSMD11"
"81",81,"ENSG00000137133",28,1,81,"HINT2","HINT2","HINT2: 
histidine triad nucleotide binding protein 2 [Source:HGNC Symbol;Acc:18344]","HINT2"
"82",82,"ENSG00000138071",28,1,82,"ACTR2","ACTR2","ACTR2: 
ARP2 actin-related protein 2 homolog (yeast) [Source:HGNC Symbol;Acc:169]","ACTR2"
"83",83,"ENSG00000122545",34,1,83,"SEPT7","SEPT7","SEPT7: 
septin 7 [Source:HGNC Symbol;Acc:1717]","SEPT7"
"84",84,"ENSG00000136270",34,1,84,"TBRG4","TBRG4","TBRG4: 
transforming growth factor beta regulator 4 [Source:HGNC Symbol;Acc:17443]","TBRG4"
"85",85,"ENSG00000085491",37,1,85,"SLC25A24","SLC25A24","SLC25A24: 
solute carrier family 25 (mitochondrial carrier; phosphate carrier), member 24 [Source:HGNC Symbol;Acc:20662]","SLC25A24"
"86",86,"ENSG00000143473",37,1,86,"KCNH1","KCNH1","KCNH1: 
potassium voltage-gated channel, subfamily H (eag-related), member 1 [Source:HGNC Symbol;Acc:6250]","KCNH1"
"87",87,"ENSG00000080603",39,1,87,"SRCAP","SRCAP","SRCAP: 
Snf2-related CREBBP activator protein [Source:HGNC Symbol;Acc:16974]","SRCAP"
"88",88,"ENSG00000137547",39,1,88,"MRPL15","MRPL15","MRPL15: 
mitochondrial ribosomal protein L15 [Source:HGNC Symbol;Acc:14054]","MRPL15"
"89",89,"ENSG00000087086",48,1,89,"FTL","FTL","FTL: 
ferritin, light polypeptide [Source:HGNC Symbol;Acc:3999]","FTL"
"90",90,"ENSG00000151632",48,1,90,"AKR1C2","AKR1C2","AKR1C2: 
aldo-keto reductase family 1, member C2 [Source:HGNC Symbol;Acc:385]","AKR1C2"
"91",91,"ENSG00000105220",58,1,91,"GPI","GPI","GPI: 
glucose-6-phosphate isomerase [Source:HGNC Symbol;Acc:4458]","GPI"
"92",92,"ENSG00000160211",58,1,92,"G6PD","G6PD","G6PD: 
glucose-6-phosphate dehydrogenase [Source:HGNC Symbol;Acc:4057]","G6PD"
"93",93,"ENSG00000119705",59,1,93,"SLIRP","SLIRP","SLIRP: 
SRA stem-loop interacting RNA binding protein [Source:HGNC Symbol;Acc:20495]","SLIRP"
"94",94,"ENSG00000120802",59,1,94,"TMPO","TMPO","TMPO: 
thymopoietin [Source:HGNC Symbol;Acc:11875]","TMPO"
"95",95,"ENSG00000132688",63,1,95,"NES","NES","NES: 
nestin [Source:HGNC Symbol;Acc:7756]","NES"
"96",96,"ENSG00000153250",63,1,96,"RBMS1","RBMS1","RBMS1: 
RNA binding motif, single stranded interacting protein 1 [Source:HGNC Symbol;Acc:9907]","RBMS1"
"97",97,"ENSG00000155130",63,1,97,"MARCKS","MARCKS","MARCKS: 
myristoylated alanine-rich protein kinase C substrate [Source:HGNC Symbol;Acc:6759]","MARCKS"
"98",98,"ENSG00000004487",66,1,98,"KDM1A","KDM1A","KDM1A: 
lysine (K)-specific demethylase 1A [Source:HGNC Symbol;Acc:29079]","KDM1A"
"99",99,"ENSG00000089154",66,1,99,"GCN1L1","GCN1L1","GCN1L1: 
GCN1 general control of amino-acid synthesis 1-like 1 (yeast) [Source:HGNC Symbol;Acc:4199]","GCN1L1"
"100",100,"ENSG00000119414",96,1,100,"PPP6C","PPP6C","PPP6C: 
protein phosphatase 6, catalytic subunit [Source:HGNC Symbol;Acc:9323]","PPP6C"
"101",101,"ENSG00000159228",96,1,101,"CBR1","CBR1","CBR1: 
carbonyl reductase 1 [Source:HGNC Symbol;Acc:1548]","CBR1"
"102",102,"ENSG00000120800",100,1,102,"UTP20","UTP20","UTP20: 
UTP20, small subunit (SSU) processome component, homolog (yeast) [Source:HGNC Symbol;Acc:17897]","UTP20"
"103",103,"ENSG00000128641",100,1,103,"MYO1B","MYO1B","MYO1B: 
myosin IB [Source:HGNC Symbol;Acc:7596]","MYO1B"
"104",104,"ENSG00000117632",109,1,104,"STMN1","STMN1","STMN1: 
stathmin 1 [Source:HGNC Symbol;Acc:6510]","STMN1"
"105",105,"ENSG00000168924",109,1,105,"LETM1","LETM1","LETM1: 
leucine zipper-EF-hand containing transmembrane protein 1 [Source:HGNC Symbol;Acc:6556]","LETM1"
"106",106,"ENSG00000176788",109,1,106,"BASP1","BASP1","BASP1: 
brain abundant, membrane attached signal protein 1 [Source:HGNC Symbol;Acc:957]","BASP1"
"107",107,"ENSG00000162368",194,1,107,"CMPK1","CMPK1","CMPK1: 
cytidine monophosphate (UMP-CMP) kinase 1, cytosolic [Source:HGNC Symbol;Acc:18170]","CMPK1"
"108",108,"ENSG00000179115",194,1,108,"FARSA","FARSA","FARSA: 
phenylalanyl-tRNA synthetase, alpha subunit [Source:HGNC Symbol;Acc:3592]","FARSA"
"109",109,"ENSG00000018510",6,2,109,"AGPS","AGPS","AGPS: 
alkylglycerone phosphate synthase [Source:HGNC Symbol;Acc:327]","AGPS"
"110",110,"ENSG00000168385",6,2,110,"SEPT2","SEPT2","SEPT2: 
septin 2 [Source:HGNC Symbol;Acc:7729]","SEPT2"
"111",111,"ENSG00000077809",7,2,111,"GTF2I","GTF2I","GTF2I: 
general transcription factor IIi [Source:HGNC Symbol;Acc:4659]","GTF2I"
"112",112,"ENSG00000100983",7,2,112,"GSS","GSS","GSS: 
glutathione synthetase [Source:HGNC Symbol;Acc:4624]","GSS"
"113",113,"ENSG00000138802",7,2,113,"SEC24B","SEC24B","SEC24B: 
SEC24 family member B [Source:HGNC Symbol;Acc:10704]","SEC24B"
"114",114,"ENSG00000164346",7,2,114,"NSA2","NSA2","NSA2: 
NSA2 ribosome biogenesis homolog (S. cerevisiae) [Source:HGNC Symbol;Acc:30728]","NSA2"
"115",115,"ENSG00000161547",12,2,115,"SRSF2","SRSF2","SRSF2: 
serine/arginine-rich splicing factor 2 [Source:HGNC Symbol;Acc:10783]","SRSF2"
"116",116,"ENSG00000189091",12,2,116,"SF3B3","SF3B3","SF3B3: 
splicing factor 3b, subunit 3, 130kDa [Source:HGNC Symbol;Acc:10770]","SF3B3"
"117",117,"ENSG00000007923",18,2,117,"DNAJC11","DNAJC11","DNAJC11: 
DnaJ (Hsp40) homolog, subfamily C, member 11 [Source:HGNC Symbol;Acc:25570]","DNAJC11"
"118",118,"ENSG00000182004",18,2,118,"SNRPE","SNRPE","SNRPE: 
small nuclear ribonucleoprotein polypeptide E [Source:HGNC Symbol;Acc:11161]","SNRPE"
"119",119,"ENSG00000086062",22,2,119,"B4GALT1","B4GALT1","B4GALT1: 
UDP-Gal:betaGlcNAc beta 1,4- galactosyltransferase, polypeptide 1 [Source:HGNC Symbol;Acc:924]","B4GALT1"
"120",120,"ENSG00000110713",22,2,120,"NUP98","NUP98","NUP98: 
nucleoporin 98kDa [Source:HGNC Symbol;Acc:8068]","NUP98"
"121",121,"ENSG00000184840",22,2,121,"TMED9","TMED9","TMED9: 
transmembrane emp24 protein transport domain containing 9 [Source:HGNC Symbol;Acc:24878]","TMED9"
"122",122,"ENSG00000030582",23,2,122,"GRN","GRN","GRN: 
granulin [Source:HGNC Symbol;Acc:4601]","GRN"
"123",123,"ENSG00000159231",23,2,123,"CBR3","CBR3","CBR3: 
carbonyl reductase 3 [Source:HGNC Symbol;Acc:1549]","CBR3"
"124",124,"ENSG00000084623",24,2,124,"EIF3I","EIF3I","EIF3I: 
eukaryotic translation initiation factor 3, subunit I [Source:HGNC Symbol;Acc:3272]","EIF3I"
"125",125,"ENSG00000109062",24,2,125,"SLC9A3R1","SLC9A3R1","SLC9A3R1: 
solute carrier family 9, subfamily A (NHE3, cation proton antiporter 3), member 3 regulator 1 [Source:HGNC Symbol;Acc:11075]","SLC9A3R1"
"126",126,"ENSG00000151929",37,2,126,"BAG3","BAG3","BAG3: 
BCL2-associated athanogene 3 [Source:HGNC Symbol;Acc:939]","BAG3"
"127",127,"ENSG00000198612",37,2,127,"COPS8","COPS8","COPS8: 
COP9 signalosome subunit 8 [Source:HGNC Symbol;Acc:24335]","COPS8"
"128",128,"ENSG00000143418",40,2,128,"CERS2","CERS2","CERS2: 
ceramide synthase 2 [Source:HGNC Symbol;Acc:14076]","CERS2"
"129",129,"ENSG00000168906",40,2,129,"MAT2A","MAT2A","MAT2A: 
methionine adenosyltransferase II, alpha [Source:HGNC Symbol;Acc:6904]","MAT2A"
"130",130,"ENSG00000108448",52,2,130,"TRIM16L","TRIM16L","TRIM16L: 
tripartite motif containing 16-like [Source:HGNC Symbol;Acc:32670]","TRIM16L"
"131",131,"ENSG00000165609",52,2,131,"NUDT5","NUDT5","NUDT5: 
nudix (nucleoside diphosphate linked moiety X)-type motif 5 [Source:HGNC Symbol;Acc:8052]","NUDT5"
"132",132,"ENSG00000029363",57,2,132,"BCLAF1","BCLAF1","BCLAF1: 
BCL2-associated transcription factor 1 [Source:HGNC Symbol;Acc:16863]","BCLAF1"
"133",133,"ENSG00000078140",57,2,133,"UBE2K","UBE2K","UBE2K: 
ubiquitin-conjugating enzyme E2K [Source:HGNC Symbol;Acc:4914]","UBE2K"
"134",134,"ENSG00000113460",57,2,134,"BRIX1","BRIX1","BRIX1: 
BRX1, biogenesis of ribosomes, homolog (S. cerevisiae) [Source:HGNC Symbol;Acc:24170]","BRIX1"
